date,source,rating,review_text
8/15/2026,App Store,5,Quality is sooo good
8/15/2026,Play Store,5,"“Such a great app to find stylish and trendy new collections, with fast delivery!” ✨"
8/15/2026,App Store,5,the ui of wishlist page feels cluttered and loading is slow when list is long rest of the app is good though time hi waste hua mera ðŸ˜¡
8/15/2026,Play Store,5,product quality are good
8/14/2026,Play Store,5,awesome app and we get instant delivery on time. quality also good.
8/14/2026,Play Store,1,"Zero star option isn't available, delivery attempt was never made and got that delivery attempt failed message. Raised an issue but always bot replies and when called no one picks the call. delivery agent number given but always got declined. Never order from this app they only give fake hopes for early delivery . Worst app ever"
8/14/2026,Play Store,5,"I appreciate that wishlist items show discount badge, helps me decide fast. Recommended. ðŸ˜"
8/14/2026,App Store,5,"⭐⭐⭐⭐⭐

Really happy with this purchase! The jeans fit perfectly and are very comfortable to wear. The fabric quality is good, and the color looks exactly like the pictures. The fitting is stylish and flattering, and the length is also perfect. Overall, a good-quality jeans at a reasonable price. Definitely worth buying! 👖✨"
8/13/2026,App Store,5,The UI of wishlist page feels cluttered and loading is slow when list is long. Time hi waste hua mera. ðŸ˜ž
8/13/2026,Play Store,5,The cloths fit perfectly every time I order and the cloth quality is reasonable for the prices.
8/13/2026,Play Store,5,"good quality products,very supportive community"
8/13/2026,Play Store,5,product is very good quality and color is not fade by wash comfortable cloth on myntra i love it.
8/13/2026,App Store,1,"When the mistake is in their part, The return policy is complicated. It’s been days, Countless requests with customer support and grievance officer but issue is not getting resolved."
8/12/2026,App Store,5,"wishlist for daily basics like innerwear feels like genuine intent, ethnic wear is more like browsing for me i compare cost per wear especially for pricier items like ethnic wear or occasion wear "
8/12/2026,Play Store,5,myntra is best online purchase platform it's a very good site and many offers and discounts provided by myntra .
8/12/2026,App Store,5,Good quality product
8/12/2026,App Store,5,Must recommend
8/12/2026,App Store,5,"Amazing fabric,nice colour"
8/11/2026,Play Store,5,The clothes and other features or products are best and at good expense you can buy it and it has good and fast delivery
8/11/2026,Play Store,4,good quality and better to shoping
8/10/2026,App Store,5,too many push notifications about wishlist items i'm not even interested in anymore hope the team looks into this bilkul bhi accha nahi laga ðŸ˜ž
8/10/2026,Play Store,5,very much better clothes and cloths fabric in minimum price
8/10/2026,App Store,5,"These are really good headphones, and the sound quality is also very good."
8/9/2026,Play Store,5,I search Google for honest reviews of the brand before trusting it with my money. Wish there was a countdown or urgency indicator for limited stock on wishlist items. 
8/9/2026,Play Store,5,easy delivery. easy return n refund but difficult to reach out customer care
8/9/2026,App Store,5,The UI of wishlist page feels cluttered and loading is slow when list is long. This needs urgent attention. Bilkul bhi accha nahi laga.
8/9/2026,Play Store,4,Quality of products are really nice
8/8/2026,App Store,5,Best quality product
8/8/2026,App Store,5,Very good gel for acne prone skin 👍🏻 recommended by my dermatologist 🙌🏻
8/7/2026,Play Store,5,"Thinking about it, Adding to wishlist helps me remember what I saw across different browsing sessions on different days. "
8/7/2026,Play Store,1,"Maybe add option to share wishlist link with friends and family, would be useful. Hope the team looks into this. ðŸ˜¡"
8/7/2026,Play Store,5,awesome experience with delivery and service
8/7/2026,Play Store,5,we always receive good quality products by myntra and always receive on time
8/7/2026,App Store,5,It’s an amazing perfume. Fragrance is Osmmm and budget friendly too.
8/6/2026,Play Store,5,best quality and orginal product this app
8/6/2026,Play Store,5,good quality 👍
8/6/2026,Play Store,5,"Wishlist for daily basics like innerwear feels like genuine intent, ethnic wear is more like browsing for me. "
8/6/2026,Play Store,5,delivery of myntra is very fast and appropriate
8/6/2026,App Store,5,Nice
8/6/2026,App Store,5,"Amazing choice, great delivery experience"
8/5/2026,App Store,5,Reviews on the product page were not convincing enough for me to finally commit and buy. I got distracted with other things and simply forgot I had saved it in the first place. 
8/5/2026,App Store,1,Wanted to check my other pending expenses this month before adding a new purchase. I kept comparing it with newer arrivals and never circled back to the original saved item. Thik thak hai overall.
8/5/2026,Play Store,1,bht hi bkwas app h koi bhi kuch purchase na kre mne top order kiya tha size exchange kiya to deliver boy dekh kr chle gya or exchange kiya hi nhi date bda di or aj cansel kr diya exchange isse ghtiya shoping app mne aj tk nhi dekha logo k paise khrb krte h ab m jo size muje ata hi nhi kya kru uska ase app ki wjh se online shoping pr se trust break ho jta h mera to yhi khna h sb logo se apne paise is app pr khrb na kre ye log scram kr rh h bht hi bura experience rh mera to 😞😞😞😞😞😞😞😫😫😫😡
8/5/2026,Reddit,1,"Dear Myntra ,

I am writing to raise a formal complaint regarding the delayed delivery of two HRX products that I ordered from Myntra. The promised delivery date was 18 August, but the products have still not been delivered. Moreover, there has been no proper update showing the order as delayed or explaining the reason for the delay.

I have already contacted Myntra Customer Care two to three times regarding this issue. Even before today, there was no proper delivery attempt made for my order. Today was the promised delivery date, yet the delivery was again not attempted.

When I contacted Customer Care earlier, I was asked to wait until 9 PM for the delivery. After 9 PM, when I contacted Customer Care again, I was told to wait for another 72 hours.

I would like to understand why I should be asked to wait for an additional 72 hours when the product was promised to me for delivery on 18 August. I placed the order based on the delivery date provided by Myntra, and I expect the product to be delivered within the committed timeline.

I am a loyal Myntra customer and have always trusted Myntra for reliable service. Therefore, I do not expect such a delay without any proper communication or resolution.

I request you to please look into this matter urgently, provide me with a clear explanation for the delay, and ensure that my products are delivered at the earliest without asking me to wait indefinitely.

Please treat this as a formal grievance and provide me with a proper resolution.

Regards,
Yogendra Kumar Sharma"
8/5/2026,App Store,4,Excellent
8/4/2026,App Store,4,Wishlist is basically my shopping list for the upcoming wedding season in my family. I save items when I'm not sure yet and want to think it over before buying. 
8/4/2026,Play Store,5,best Quality 👌 👍
8/4/2026,App Store,5,Excellent quality suprab
8/3/2026,Play Store,5,very fast delivery
8/3/2026,App Store,5,Cute colour. Snug fit. Good material
8/2/2026,App Store,5,Honestly half the stuff in my wishlist is stuff I saw on Instagram reels and added out of impulse. I usually screenshot my shortlisted items and compare them offline with my family later. 
8/2/2026,App Store,2,"Myntra looks fake these days, images are blurry and some customer reviews are AI generated, images shared by the customers are also AI generated, not able to understand which one is AI and which one is original"
8/2/2026,App Store,4,Wish there was a way to virtually try similar outfits before deciding among my shortlisted items. Need an easier way to convert my wishlist into a proper occasion based shopping checklist. 
8/2/2026,Play Store,5,"every time i open the app i check wishlist first, honestly it helps me control impulse buying, i save first and think later sahi hai overall ðŸ˜"
8/2/2026,Play Store,1,"false advertising and selling items at fraud claims ordered items double the price for their so called "" express delivery"" and still got delayed by 2 days . what a FRAUD"
8/2/2026,App Store,5,Fabric is too good and very comfortable
8/1/2026,App Store,5,Didn't know for sure if it would suit the specific occasion I was buying it for. Need an easier way to convert my wishlist into a proper occasion based shopping checklist. 
7/31/2026,Play Store,1,i simply lost interest in the item after it sat in wishlist for a few weeks 
7/31/2026,Play Store,1,i want return parcel but help support not working
7/31/2026,Play Store,1,"Recently had an issue the delivery guy has charged doubled the amount for the order,as we were not at home so transferred the amount as informed by him as it was a multiple order so that the other items would have also been delivered but nothing as such happened when checked. Raised multiple complaint but never received any resolution always issue closed saying no extra amount charged..I have submitted all proofs from my end and expect the same from your end but they say they can't share.-Fraud"
7/31/2026,Play Store,5,I love this app delivery was fast and easy to order
7/31/2026,App Store,4,vast variety of clothing along with quality checks.
7/31/2026,App Store,1,"This delay has caused me significant inconvenience. I have already checked with my neighbours and reviewed the tracking information, but there are no helpful updates.

Since your company failed to deliver the product within the promised timeframe, I no longer require the item."
7/31/2026,App Store,5,"Loved the Tshirt, its very comfortable to wear"
7/30/2026,App Store,5,Wishlist is my favourite feature to shortlist items however an 'add all to cart' button would honestly save so much time during sales. Not a deal breaker but annoying.
7/30/2026,App Store,5,Nice quality
7/29/2026,App Store,3,"I don't know what happened to myntra, earlier they have smooth delivery, nowadays deliveries not has promised or deliveries are not happening and delivery timing is horrible, one day their delivery agent calling me at 11'O clock night, I have a healthy habit of sleeping at 10, please fix the issue."
7/29/2026,App Store,5,such a nice fabric and it looks so beautiful
7/29/2026,Play Store,5,product quality is good
7/29/2026,Play Store,5,one of the best shopping site in India fast delivery 🚚 and quality products
7/29/2026,App Store,5,The blazer has awesome fitting and breathable material 😍
7/29/2026,App Store,5,"I love using this app, so affordable products w best quality be it skincare,bodycare, haircare or clothes everything is just bestttt"
7/28/2026,Play Store,4,Uncertain about the return policy in case it doesn't fit well once it arrives. I create a shortlist within my wishlist mentally and eliminate options one by one over days. 
7/28/2026,Play Store,4,"Myntra ka interface bahut smooth hai aur ispar kapdon ke latest trends aasani se mil jaate hain. Delivery aur size guides bhi kaafi acche hain, isliye ye shopping ke liye mera favorite app hai."""
7/28/2026,Play Store,5,bohot accha experience delivery bhi bohot jaldi de dete hai aurquality bhiast
7/27/2026,App Store,5,i look closely at customer photos posted on reviews to compare fit across my saved items thik thak hai overall
7/27/2026,App Store,5,One of the best high impact sports bra❤️
7/27/2026,App Store,4,Suggestion - please add folders or collections inside wishlist for better organisation. Hope the team looks into this. ðŸ˜¡
7/27/2026,Play Store,5,"I have to select size and colour again every single time I move item from wishlist to bag, why can't it remember my preference. Kindly improve this feature. Bilkul bhi accha nahi laga. ðŸ˜¡"
7/27/2026,Play Store,5,"the quality of products are excellent, atleast which I bought. the only reason using Myntra is quality."
7/27/2026,App Store,5,Track pant is very comfortable and fabric is best
7/26/2026,App Store,1,Was checking my saved items today and can't filter wishlist by brand or category which is annoying with 50+ saved items. Kindly improve this feature. Bilkul bhi accha nahi laga. ðŸ˜ž
7/26/2026,Play Store,1,horrible...... once it was a great app /website for shopping now it became one of the worst than worst .... delivery is always delayed that too weeks from the actual date of delivery or delivery is cancelled automatically.... horrible service..not recommended.
7/26/2026,Play Store,1,recently I am facing some issues in myntra.This app not delivered products in kanyakumari district sometimes menu page shows delivery delay please don't install myntra my suggestion 🥺🤮
7/26/2026,App Store,5,Good Quality products. Timely delivery. Easy shopping experience. MynCash offer is super good.
7/25/2026,App Store,5,"Thinking about it, I always check how to style the item before buying it, saved reels really help with that. "
7/25/2026,App Store,5,Very nice fit very stylish a d comfortable
7/24/2026,App Store,1,After placing the order they give the delivery date 20 days after.and on the date of delivery they cancel the order.i m an icon customer and this has happened to me twice.and when u call the customer care they ask u to wait for the sale and place the order again.pathetic service.never expected this from Myntra
7/23/2026,Play Store,4,excellent quality of the product and delivery is on time always.
7/23/2026,Play Store,5,app is too good for online shopping they provide us quality product and many more
7/23/2026,App Store,5,"⭐⭐⭐⭐⭐
Amazing shopping experience with Myntra! The app is easy to use, has a great variety of products, and the delivery is quick and reliable. I’m very happy with the quality and overall service. Highly recommended! 🛍️✨"
7/22/2026,App Store,5,Need better styling suggestions on how to pair my saved items together for an outfit. 
7/22/2026,Play Store,5,useful app & best quality product
7/22/2026,Play Store,5,amazingggg best app...amazing quality
7/22/2026,Play Store,5,"Great collection of top brands, trendy styles, and genuine quality products."
7/22/2026,Play Store,5,clothing quality good
7/22/2026,App Store,5,Very nice and best fabric
7/21/2026,App Store,5,Need a proper price history graph so I know if this is genuinely the lowest price or not. Being a working professional I buy faster from wishlist since I don't have time to browse again and again. 
7/21/2026,App Store,5,Good product. Amazing quality
7/21/2026,Play Store,1,Wishlist is my way of saying maybe later when budget allows. 
7/21/2026,App Store,5,Wishlist works like a mood board for me during festive shopping planning. 
7/21/2026,Play Store,5,"fashion and lifestyle app, featuring over 3,500 brands, AI-based styling tools, and fast delivery options. It turns your phone into a complete digital clothing store✨"
7/21/2026,Play Store,5,superb app best quality and affordable
7/20/2026,Play Store,1,"about 90% of the reviews in the app are paid, dont trust reviews of the product, they gave myncash if you write positive reviews of the product in the app, and if you wrote negative reviews about the product, they hold your review"
7/20/2026,Play Store,5,"Large Variety: Users like the wide range of clothing, beauty, and lifestyle brands. App Design: The interface is clean, smooth, and easy to navigate for browsing. Convenience: Many praise the simple return and exchange steps for correctly sized or non-defective items."
7/20/2026,App Store,5,Very cool and very well done product and very good quality product
7/19/2026,Play Store,1,very bad experience with recent order received wrong product with poor fitting nobody responds on help center from app
7/19/2026,App Store,5,One of the most convenient way to shop online with discounts offers and seamless delivery. The 30mins delivery is eye candy
7/18/2026,App Store,5,I'm from a tier 2 city so I wishlist more since local shopping options are limited here for me. I use wishlist to save gift ideas for my sister's birthday coming up next month. 
7/18/2026,App Store,2,Wishlist works like a mood board for me during festive shopping planning.
7/18/2026,Play Store,1,Adding to wishlist is so easy but can't filter wishlist by brand or category which is annoying with 50+ saved items. ðŸ‘Ž
7/17/2026,Play Store,5,good quality
7/17/2026,Play Store,1,i mostly window shop using wishlist and a simple reminder notification a day before sale ends would improve conversion i think otherwise app is fine sahi hai but improvement chahiye ðŸ’¯
7/17/2026,Play Store,5,"Genuinely the wishlist button saved my time but half my saved items disappeared after I reinstalled the app, very frustrating. ðŸ‘Ž"
7/17/2026,Play Store,5,better than the best quality
7/17/2026,App Store,5,"Wonderful rakhi, been purchasing rakhi every year from myntra always on time delivery"
7/16/2026,Play Store,5,quality is very good sabi p product woooo❤️
7/16/2026,Play Store,5,I saved a kurta set 2 weeks back and can't filter wishlist by brand or category which is annoying with 50+ saved items. Please do the needful. ðŸ˜¡
7/15/2026,Play Store,2,fix exchange problem
7/15/2026,Play Store,5,bahut achaa kapda Hai colour bhi badiya hai
7/15/2026,Play Store,1,"worst app ever , my order has been delayed by 10 days and is still in arriving they don't under stand the value of costomer someone can have emergency . I'm never gonna use thi app now and not gonna recommend any one else to order from here 😒"
7/15/2026,App Store,1,Dumbest delivery app I ever scene i want to gave 0 star but
7/15/2026,App Store,5,Good app for purchasing branded clothes in discounted price
7/15/2026,App Store,1,I occasionally use myntra i don’t prefer it. Whenever i have used I have got cheap product or it get cancelled after waiting for more than expected delivery. After all these repeated experiences I uninstalled the app.
7/15/2026,Play Store,1,Myntra's return policy is complicated when you receive the wrong product. I have been waiting for days and still the issue is not getting resolved. Also their packaging is the worst.
7/15/2026,Play Store,1,This app Product advertisement coming discount on this app when I'm booking the product it's confirmed same offer at the booking time after 2 days it's getting ato cancelled without any issue I'm seeing worst application.
7/14/2026,Play Store,5,"Items in wishlist don't show updated discount, I only realise when I open the product page separately. This needs urgent attention."
7/14/2026,Play Store,1,"been using myntra wishlist since long time, sync issue between app and website wishlist, items are different on both bahut bekaar experience tha ðŸ˜ž"
7/14/2026,App Store,5,Excellent
7/14/2026,App Store,4,This pant is soo nice and wear comfortably i think for casual office look it will give a good outfit look.
7/14/2026,Play Store,1,"Disappointing This is extremely frustrating and completely unacceptable. I received a totally different product from what I ordered, and despite already contacting customer care multiple times, Myntra is still refusing to take the wrong product back.Instead of resolving such a basic issue,you are asking me to give feedback. This has caused unnecessary stress and wasted a lot of my time. I expect Myntra to take responsibility, arrange the return immediately, and issue my refund without any delay"
7/13/2026,Play Store,5,Honestly the wishlist option is nice concept but a simple reminder notification a day before sale ends would improve conversion I think. Please do the needful. Thik thak hai overall.
7/13/2026,Play Store,1,"if I find perfect size dress so the price is if the price is low but not finding feeting , it was very poor"
7/13/2026,Play Store,5,superb quality
7/13/2026,App Store,1,"At present, I no longer consider Myntra a trustworthy shopping platform based on my experience. Customers may receive incomplete, incorrect, or entirely different products from what they ordered, and even when valid return requests are raised with supporting evidence, they can face unnecessary rejection or delays.
In my experience, the situation becomes even more frustrating when the logistics partner allegedly makes no genuine attempt to collect the return, yet the return is marked as cancelled or failed based on the pickup agent’s own status update. What is even more concerning is the suspension or deactivation of a customer’s account while valid returns, refunds, and the customer’s money remain unresolved. This leaves customers feeling helpless and raises serious concerns about the transparency and accountability of the platform’s return, logistics, and account-management processes. Myntra should prioritize customer protection, transparent investigations, genuine pickup attempts, timely refunds, and fair treatment instead of leaving customers to struggle to recover money for products they did not receive correctly. New Income source of income for Myntra...😒"
7/13/2026,Play Store,5,good quality product
7/13/2026,Play Store,5,trusted online aap myntra quality very best & branded original item 👌
7/13/2026,App Store,5,Very good service. Easy exchange and returns. And the products are also very genuine and of superior quality
7/13/2026,Play Store,5,the quality and prices are too good in myntra
7/12/2026,Play Store,4,"Too many similar options were sitting in my wishlist, ended up not choosing any single one. Held off buying since I wasn't sure I'd actually get to wear it soon. Ekdum mast app hai."
7/12/2026,Play Store,5,good quality
7/12/2026,Play Store,1,"I logged into Myntra for the first time after seeing an advertisement, and right off the bat, I received a product that looked like it had come straight out of a trial room—it was in terrible condition. The help desk was useless and offered no assistance; Flipkart and Amazon are definitely the better options."
7/12/2026,Play Store,5,I add clothes to wishlist during sale season and an 'add all to cart' button would honestly save so much time during sales. Please fix this soon. Chalta hai but better ho sakta hai.
7/12/2026,App Store,5,Goood
7/12/2026,App Store,5,Loved it perfect size fit
7/12/2026,App Store,5,Perfect fitting with exact colour tone
7/12/2026,App Store,5,"Elegant outfit , fits in all
Occasions"
7/12/2026,Play Store,1,very bad app hai yehh mene 3 bar order Kiya mujhe 3 bar hi nhi mera order received hua kabhi delay toh kabhi cancel ense acha toh meesho app hai woh delivery toh tym to tym deta hai mera order mujhe ajj receive hona thaa lekin inka message aya k order delay haii 😡😡😡😡😡😡😡😡😡😡😡😡😡😡 0 rating hai meri ganda app haii yehh
7/11/2026,Play Store,1,"i ordered green colour kurtha set but I received pink colour short blouse type sleeveless western top. don't trust anyone myntra they are waste.waste of Time waste of money. I loss 580rs, the supportive team choose option only their side concern our side no one examine.pls don't trust myntra don't buy anyone .I send openning time videos and pics they not trust then how to prove our side concern .cheating 🤦"
7/11/2026,App Store,5,Good quality and good service
7/11/2026,Play Store,5,"the app was incredible,every product is geniune and has good quality"
7/10/2026,App Store,5,Love it
7/10/2026,Play Store,1,"I use the wishlist feature a lot but honestly it helps me control impulse buying, I save first and think later. Sahi hai overall. ðŸ˜Š"
7/10/2026,Play Store,1,worst clothing brand ever used. Every time I purchase something from sale in their application and especially the prepaid order they always send different brands and when you try to return these products they don't get returned and your money gets stuck. Firstly when this happened with me I thought it's just a misunderstanding but when it's done twice I got to know they try to clear their other company unsold product in the name of sale
7/10/2026,App Store,1,"wishlist for daily basics like innerwear feels like genuine intent, ethnic wear is more like browsing for me "
7/10/2026,App Store,5,"Very good quality & must buy perfume 
Especially Nirvana & Oud Rocks"
7/10/2026,Play Store,5,quality products
7/10/2026,Play Store,5,good quality product provide 👍
7/8/2026,Play Store,5,"Absolutely loved my experience with this shopping app! 🛍️✨ The app is easy to use, the product variety is amazing, and the ordering process is smooth and hassle-free. The products arrived on time, were well-packaged, and matched the descriptions perfectly. The quality was also really good for the price. Overall, a reliable and convenient shopping app with great service. Highly recommended! ⭐⭐⭐⭐⭐"
7/8/2026,App Store,5,No reminder feature so I forget about the wishlist completely after few days. Please do the needful. Bahut bekaar experience tha. ðŸ˜ž
7/8/2026,App Store,5,Love the product quality n fit
7/8/2026,Play Store,1,delivery is not faster
7/8/2026,Play Store,5,"The products are excellent.Love the quality,trends going on"
7/8/2026,App Store,5,Very nice outfit..and soft fabric
7/7/2026,Play Store,1,"Myntra has a really disappointing service. They often fail to deliver orders on time, and the customer service experience is also extremely poor and frustrating. I would strongly recommend thinking twice before purchasing from Myntra. Customers deserve timely delivery and proper support, but unfortunately, my experience has been very disappointing. Very poor service and customer experience."
7/7/2026,Play Store,5,Worst experience with the last few orders and returns. Fraud and fake messages about the delivery attempt while no delivery attempt was actually made. Wrong number given as delivery agent number. Return requests withheld for months for no reason. And even worse is no help from the help centre. No call back or any attempt to help. Myntra was good before but now its going to dogs.
7/7/2026,Play Store,1,one of the worst app time pe order deliver nahi karte aur na hi customer care agent baat krte hai taki problem resolve krein delivery ke 1-2 din phle hi order khud se cancel kr dete hai.... order deliver nhi karte hai delay show krte hai exchange me lagao toh bhi nhi deliver krte hai one of the worst app I have seen ever.... 👎👎👎👎itna worst hai ki 1 star rating bhi deserve nhi karta.....
7/7/2026,App Store,5,"Product was nice
I luv this fabric"
7/7/2026,App Store,1,"Please do not buy anything from Myntra, as they are selling fake products and refusing to take accountability. I ordered an H&M pair of jeans that turned out to be ill-fitted, but when the delivery agent arrived for the pickup, he outright refused the return, claiming that the brand name ""H&M"" was not engraved on the button. How is an everyday consumer supposed to inspect microscopic details like button engravings when all the original tags and packaging were completely intact?
Myntra delivered a counterfeit item in the first place, and now their customer support has trapped me in a loop of empty promises. Since August 14th—nearly a week now—they have repeatedly delayed resolving the issue with false assurances of ""24 to 48 hours."" Their callback service fails to connect, customer care lines are perpetually busy, and no one has initiated the pickup or processed my refund. This is not merely about the cost of the jeans; it is a breach of consumer trust. If Myntra delivers a fake product, penalizing the customer and refusing a legitimate return is unacceptable. Avoid shopping on Myntra unless you are willing to risk losing your money on counterfeit items with zero customer support."
7/7/2026,Play Store,1,without seeing my return product they claimed that they have footage of my product. I am using first time Myntra in my life and this is wrost service. Other apps provided better service as compared to this.wrost service of my life delivery agent update status that quality check failed without seeing my return product and the Myntra team saying that they have investigated and find everything okay. send me the footage if you investigated this. Wrost service they don't care about customer value
7/6/2026,Play Store,1,"From my own experience, Adding to wishlist helps me remember what I saw across different browsing sessions on different days. "
7/6/2026,Play Store,1,A very low quality app a order is pending from 1 month
7/6/2026,Play Store,5,It always provide variety of products and of good quality.
7/6/2026,Play Store,5,using from years...getting great discounts on every purchase on the big brands...shopping is so easy now
7/6/2026,Play Store,5,product quality is very good
7/6/2026,App Store,1,"Really liked the idea of saving items for later, but my wishlist got cleared automatically for no reason, lost all my planned purchases. Otherwise app is fine. Paisa vasool nahi laga is baar. ðŸ‘Ž"
7/6/2026,App Store,5,Quality is nice . I like it.
7/6/2026,Play Store,1,"today 19 Jul 26 almost 70 days passed, I returned a product worth ₹10,999 but have still not received my refund since 8 jun 26 order. Customer support keeps giving different instructions—first chargeback, then bank statement, bank details, and now a bank denial letter. I have submitted every document requested, yet there is no resolution. I have spent weeks following up and visiting my bank. worst ever merchant in my life. please don't buy anything here 🙏. myntra is complete fraud and scam."
7/6/2026,Play Store,1,"​""Extremely disappointed with Myntra's terrible service and policies. I ordered an iron, but they refused to process either a return or an exchange, completely forcing the item on me. To make matters worse, I ordered a pair of trousers from a different account, and the exact same thing happened—they forced me to keep it and refused to take it back. Myntra has become the worst and most unreliable shopping app. I strongly advise everyone to avoid buying anything from here."""
7/6/2026,Play Store,5,"Love this app! Shopping is super easy, delivery is fast and the app is very smooth and responsive. Great collection and amazing deals. Highly recommend!"
7/5/2026,Play Store,5,"I treat wishlist as a save for later option, cart is where my real buying intent shows up. "
7/5/2026,Play Store,4,"Range of products are really good and with best quality, only problem sometimes I face is about delivery, there is uncertain delay. Rest all is perfect."
7/5/2026,Play Store,5,Good quality product
7/5/2026,App Store,5,Delivery is fast
7/5/2026,App Store,5,Great discount
7/5/2026,Play Store,1,"PATHETIC APP FOR SHOPPING. MY RETURN IS PENDING SINCE A MONTH ALMOST. RECIEVED ON 5 JUNE. RETURN FILED ON 7 . TODAY IS 28 JUNE . LAST DATE FOR RETURN WAS 19. ITS BEEN OVER 9 DAYS STILL IT SHOWING THEY ARE SAYING """" WE ARE LOOKING INTO YUR RETURN. PLEASE WAIT FOR 24 HOURS"""" JUST A PATHETIC SERVICE. YOU GUYS DONT EVEN DESERVE A SINGLE STAR FROM MY POINT OF YOU."
7/5/2026,Play Store,5,"Myntra is one of my favourite shopping apps! 🛍️✨ The app is easy to use, has a great variety of products, and the offers and discounts are really helpful. I also love the Glam Clan feature—it makes shopping even more fun! Overall, a great experience with Myntra. ❤️"
7/5/2026,Play Store,5,good quality
7/4/2026,Play Store,5,"most of my wishlist is stuff I'll probably never buy, more like a favourites folder. "
7/4/2026,Play Store,1,bad experience they send me a bad quality product
7/4/2026,Play Store,1,"poor delivery, always delayed ,products are good but never reach on time. whenever we need something it's delayed delivery 😑. having very poor experience with this."
7/4/2026,Play Store,5,quality maintain
7/4/2026,Play Store,2,"I had the worst experience, I ordered a product, the date was 17th August, it got cancelled today on 18th August, other shopping apps are better than this 💯 time waste app💯 I'm not change my review first of all your shopping app is not good"
7/4/2026,Play Store,1,this review is for there customer care which is not reachable at all if you are not logged into system. not able to resolve login issue by doing multiple follow ups on there customer care support email id.
7/3/2026,Play Store,5,it provides good quality products mostly
7/3/2026,Play Store,5,too great quality of clothes i got and also I love it
7/3/2026,App Store,5,Approx all product are good quality
7/3/2026,Play Store,5,it's good for shopping 🛍️🛒 and it can be purchaseable because myntra have best quality product and dress also so we can easily buy this and make happy.. if we start for shopping then it can be give a discount on your order and make affordable price their quality it best and also it give free coupons when we finished shopping and then we earn award for it .. I aslo earn mainy rewards and cash price on it so don't waste your time and jont with myntra and start to shopping 🛒🛍️ make your day
7/3/2026,App Store,5,Good quality
7/2/2026,Play Store,1,"wasn't fully sure about the fit so kept postponing the actual purchase for me wishlist is more like a mood board, not really a genuine shopping cart most of the time "
7/2/2026,Play Store,1,Quality is really very good service is very bad comoare to other online shoppjng site also I chat or discuss with myntra he is saying can not give delivery as per promise date from मंत्र site
7/2/2026,Play Store,5,"Myntra is one of the best shopping apps for fashion and lifestyle products. The app is easy to use, has a great variety of products, and the ordering and delivery experience has been smooth. Overall, a very convenient and reliable shopping experience. Highly recommended! 👍"
7/2/2026,Play Store,1,"Myntra is a terrible and completely unreliable app. I have faced issues twice. The first time, I returned a product but never received my refund. The second time, they delivered the wrong product and are now refusing both a replacement and a return. This feels like outright cheating and extremely poor customer service. I have completely lost trust in Myntra and will never use this app again. Customers, please be very careful before ordering!"
7/2/2026,App Store,5,I am using this app from ages and this is kinda always my go to place .. so comfortable from purchase to return everything ❤️
7/2/2026,Play Store,5,my experience with myntra is mind blowing very nice products at reasonable price n quality is also top notch. I always shop with myntra only I trust it. happy shopping
7/2/2026,Play Store,5,nice bag quality is very good 👍🏻
7/2/2026,App Store,5,The quality of saree is soo beautiful
7/1/2026,Play Store,5,"I open each saved item in a different browser tab and compare price and reviews side by side. I add things to wishlist mainly to keep track of what I liked while browsing, doesn't always mean I'll buy. Chalta hai but better ho sakta hai."
7/1/2026,Play Store,1,I create a shortlist within my wishlist mentally and eliminate options one by one over days. 
7/1/2026,Play Store,5,very fast service and good quality
7/1/2026,Play Store,5,"This app shows us the budget friendly clothes with more discounts for the new users,I have bought so many ethnic wears from this app.It helps many people in buying the fashion at affordable prices"
7/1/2026,Play Store,5,very good quality product original brand and delivery was good 👍
7/1/2026,App Store,1,"Sabse bekar  app h jb koi return krna hota h to delevry boy apne aap write kr deta h ke coustmer not available 
Ager help line pe ph kro to agent busy hote h naa wapis ph krte naa cunct krte koi subhidha nhi h 
Myntra se achha to messo or flipcart h"
7/1/2026,Play Store,1,worst delivery experience delevery partner cancel the order without permission bad experience with myntra @ekart👎
7/1/2026,Play Store,5,very good delivery
6/30/2026,Play Store,5,"Myntra is one of the best shopping apps for fashion and clothing. The app is easy to use, there are plenty of options from different brands, and the product quality is generally very good. Delivery is also fast and the return/exchange process is quite convenient. Overall, I've had a great shopping experience with Myntra and would definitely recommend it to others."
6/30/2026,Play Store,5,"""One of the best shopping apps out there! Huge brand collection, genuine products, fast delivery and super easy returns. The app is smooth, and the sale offers are amazing. Highly recommend Myntra!"""
6/30/2026,Play Store,1,Absolutely fraud application. return not processed. Customer care executive hold time 30 min. for absolutely rubbish and no resolution. This is happening in 2026 👎👎
6/28/2026,Play Store,4,"occasion decides everything for me, i shop very differently for festive versus casual wear my mother uses wishlist very differently, she saves items and asks the whole family before buying anything "
6/28/2026,App Store,5,The fit is really good and material is  also nice
6/28/2026,Play Store,1,"I ordered so many things so many times, but I didn’t receive anything. Ekart is Myntra’s delivery partner, and the Ekart service operating in Pala, Kottayam district, Kerala, simply does not deliver my orders. I tried so many times, and once I even went and collected the parcel myself, but I can’t keep doing that every time. So I decided to uninstall Myntra and get rid of all this stress. Now I can save my time and have some peace of mind instead."
6/27/2026,Play Store,5,Myntra is honestly one of my favourite shopping apps! ❤️ The app is very easy to use. the collection is amazing & there are always great discounts & offers. I love how easy it is to search products compare options & check reviews before buying. The product variety is excellent & the overall shopping experience is smooth and convenient. 🛍️ Delivery & packaging have also been good in my experience & the return/exchange process is quite convenient. Thank u Myntra for making online shopping so easy
6/26/2026,Play Store,4,very good. delivery in time
6/26/2026,Play Store,5,Amazing delivery experience and genuine products.
6/26/2026,Play Store,5,"I really had a great experience using the Myntra app. The app is easy to use, well-designed, and has a wide variety of products to choose from. I especially like the easy search, filters, product details, and smooth shopping experience. The delivery process is also convenient, and the products I received were good in quality. Overall, Myntra makes online shopping simple, comfortable, and enjoyable. I am very satisfied with the app and would definitely recommend it to others. ⭐⭐⭐⭐⭐"
6/26/2026,App Store,5,Excellent quality with great value for money
6/26/2026,App Store,5,Awsm fir and quality
6/25/2026,Play Store,1,I'm from a tier 2 city so I wishlist more since local shopping options are limited here for me. 
6/25/2026,App Store,5,I make a mental note of pros and cons for each saved item before finally choosing one. 
6/24/2026,Play Store,5,Item went out of stock in my size before I could finally decide to buy. I use wishlist to save gift ideas for my sister's birthday coming up next month. 
6/24/2026,App Store,5,best quality of product
6/24/2026,App Store,5,It is very comfortable! Just size issue
6/23/2026,Play Store,1,worst delivery experience I had faced
6/22/2026,App Store,1,I compare cost per wear especially for pricier items like ethnic wear or occasion wear. I kept comparing it with newer arrivals and never circled back to the original saved item. 
6/22/2026,Reddit,1,"I’ve been ordering from Myntra since 2016–17, and after what happened with my latest order, I genuinely cannot believe how badly this platform has deteriorated.

I ordered a pair of Roadster shoes. It took ages to arrive, and when I finally went to the shipment warehouse at my university mall to collect it, the staff were completely inattentive and acted like they couldn’t care less.

But the real shock came when I got back to my room and opened the package.

Instead of the Roadster shoes I ordered, I received some cheap-looking knockoffs from a completely different brand called “Amico.”

I immediately contacted customer support, only to be greeted by an absolutely useless chatbot. There was no straightforward option to speak to a real person. I had to click through an absurd number of menus just to reach an actual support agent.

And then, when I finally got there, the app itself started glitching. I couldn’t even upload a photo of the product I received. It just sat there endlessly saying “Uploading…”

This is not what you expect from a platform I’ve been trusting with my orders for nearly a decade.

Wrong product. Poor delivery experience. Unhelpful staff. A frustrating support system. And then an app that doesn’t even let you submit the evidence needed to resolve the issue.

Myntra, this is absolutely unacceptable.

After almost 10 years of ordering from you, this is the last time I’m using Myntra. You’ve completely lost my trust."
6/22/2026,App Store,5,Nice fabric
6/22/2026,Play Store,5,this application has very very good app product is original and good quality service is very fast
6/22/2026,Play Store,4,"not extra charges from "" Cash on delivery 🚚 """
6/22/2026,App Store,5,Product is real
6/22/2026,App Store,5,Short kurta was amazing . Quality was best
6/21/2026,Play Store,5,good app with best quality
6/21/2026,App Store,5,Beautiful colour fantastic fabric awesome fitting
6/21/2026,Play Store,1,"BAD EXPERIENCE!!worst app, has no accountability about it's products after booking very bad delivery service as well .Issue gets raised and no one to solve ...zero customer service."
6/20/2026,App Store,4,"Info era is my favourite kurta set brand ❤️❤️ 
Luvd the stuff and colour combination…. Full size Duptta 
True to size … you can definitely purchase this without any second thought ❤️❤️👍🏻👍🏻"
6/20/2026,Play Store,5,"it's an amazing app,gives discount on many occasions."
6/19/2026,Play Store,5,"When I add expensive stuff to wishlist it's just window shopping, no real intent to buy soon. "
6/19/2026,App Store,5,Unsure about true to size fit since sizing varies so much between different brands here. I open each saved item in a different browser tab and compare price and reviews side by side. 
6/19/2026,App Store,5,Amazing fabrics
6/19/2026,Play Store,5,my order delivery is delayed so many times
6/19/2026,Play Store,5,myntra is trustable app 🤌 I have purchased from myntra and i received orders in well manner and quality of cloth is awesome 👌
6/19/2026,Play Store,1,worst experience .....my return order wasn't picked up...myntra automatically cancelled my return request ....fake cheating app
6/19/2026,App Store,5,"Have tried many brands even the expensive ones, this gives complete neat look from top to bottom. Gives a fabulous look"
6/18/2026,Play Store,1,it's a fraud company. without any reason my account was deactivated. i have ordered an item there was size issue. i am not unable to use my account for exchange or return. my account is deactivated it is no longer active. such a fraud company 😡
6/18/2026,Play Store,1,Myntra ek number ka ghatiya aur froad banane ke liye aaya Hai ek order delivery karne ke liye ine logon ko ek Mahina lagta hai mere ko date by date dete ja raha hai ek number ka ghatiya hai koi bhi inse kuchh nahin Kar dega Flipkart meesho bahut badhiya hai 😡
6/18/2026,Play Store,5,very good quality products
6/18/2026,App Store,5,"The price, material, fit and finish is just awesome. Thanks Myntra."
6/18/2026,Play Store,5,quality
6/17/2026,Play Store,5,Good quality product
6/17/2026,Play Store,1,"worst delivery service and worst customer care service , I never recommend anyone to purchase from myntra. I order a HRX T-shirt whose delivery date was 8th august and I m writing this review on 19th august after 11 days, I contacted each and every day to the customer support after promised delivery date but I got zero support for my order, every single day they said wait for 24 hrs, you'll get your order. I got so much frustrated so cancelled my order."
6/17/2026,Play Store,5,verry nice and trusted app and fast delivery I love it Myntra service and product quality are also so good appreciate it ♥️
6/17/2026,App Store,5,Product is as good as picture. Absolutely fine quality of clothes are used.
6/17/2026,Play Store,1,"Worst Experience Worst experience with Myntra. My order was supposed to be delivered on 8th August, but it still hasn’t arrived. When I tried to cancel it, the cancellation has been showing “Pending” for the last 5 days with no proper update or resolution. This is extremely frustrating and unacceptable. Customers shouldn’t have to struggle just to cancel an undelivered order. I strongly recommend people not to download this app or use Myntra for purchases. Very poor service."
6/16/2026,Play Store,1,Found something similar cheaper on another app so didn't buy this one from wishlist. 
6/16/2026,Play Store,1,"I have two kinds of items in my wishlist, ones I will definitely buy and ones I just liked looking at. "
6/16/2026,Play Store,5,Rate and quality material Outstanding
6/16/2026,Play Store,5,"Really happy with this purchase! The quality is excellent, the fitting is perfect, and the product looks exactly like the pictures. The material feels premium and comfortable, and the finishing is also very good. Totally worth the price and definitely recommended. Great experience with Myntra! ❤️"
6/15/2026,App Store,1,"Myntra, this is extremely frustrating and honestly unacceptable.

Your app keeps cancelling my orders without any prior information or even a phone call. Four of my orders have been cancelled to date, and not once have I received a proper call before the cancellation.

What exactly does “cancelled under some circumstances” mean? If there is an issue with the order, inventory, delivery, or anything else, the customer deserves to be informed clearly before you cancel it. This is not a fair way to treat customers, especially from a brand like Myntra.

Thank God I don’t usually make prepaid orders on this app, because after this experience, I have very little confidence that my order will actually be delivered.

Please look into this issue seriously and provide a proper explanation for these repeated cancellations. This experience is extremely disappointing and unacceptable."
6/15/2026,Play Store,1,"Very bad experience. Applied ""No Return"" coupon by mistake and got poor quality product with faded colour. For return, only ""size exchange"" option was there. Requested refund by deducting coupon but ignored. No support. Myntra delivers bad quality and takes no responsibility. Policy is confusing."
6/14/2026,Play Store,1,don't deliver on the said date delivery is always delivered delayed and cancel themselves and say that the order is cancelled for unwanted reasons my multiple orders have been cancelled unwanted reasons most worst thing is that day charge platform fee cash on handling fee which is not refundable if the product is returned
6/14/2026,App Store,5,Nice product
6/13/2026,App Store,1,M delivery is worse
6/13/2026,Play Store,2,"Disappointing Experience with Myntra After 10 Years. I have been shopping with Myntra for the past 10 years and have never faced an issue until now. I received an incorrect, damaged product without a tag, and my return is on hold. Despite repeated calls to Customer Care and emails to the Grievance Team, there has been no resolution even after 24–48 hours. This lack of support is extremely disappointing. I hope senior management takes note and resolves this promptly."
6/13/2026,App Store,5,Product of quality is really good ✨♥️
6/13/2026,Play Store,1,"Absolute fraud app They censor genuine reviews for some fake rejection reason and ensure they only publish good ones. the products received are always damaged, broken or pre-used. they seem to be the most unethical of ask e- commerce platform."
6/12/2026,Play Store,4,The prices are expensive but the quality is great and I would love to shop here
6/12/2026,Play Store,5,I totally love the fittt❤️
6/12/2026,Play Store,5,"Absolutely love shopping on Myntra! The app is super smooth, easy to navigate, and offers a huge collection of authentic brands... Delivery experience is good.. packaging is neat, and whenever there's a sizing issue, the exchange and return process is completely hassle-free.. Definitely my go-to app for fashion!"
6/11/2026,App Store,5,"Unsure about true to size fit since sizing varies so much between different brands here. Honestly 70 percent of my wishlist is stuff I'll probably never buy, more like a favourites folder. Thik thak hai overall."
6/11/2026,Play Store,1,"Extremely disappointed with Myntra's service. The product quality is terrible, delivery was heavily delayed, and the customer support is completely unhelpful. Definitely not recommended. 1/5 stars."""
6/11/2026,Play Store,5,i really trust the quality
6/10/2026,App Store,5,Need an easier way to convert my wishlist into a proper occasion based shopping checklist. Was not confident whether it will look as good in person as it does in the product photos. 
6/10/2026,Play Store,5,review very nice 👍🏻
6/9/2026,Play Store,5,one of the best shopping apps i have ever used. easy to return or exchange if you have any issue . product quality is top notch.
6/9/2026,App Store,5,Good quality
6/8/2026,App Store,5,I bought all my shopping only from Myntra. Great variety brands offers exchange return on time refund policy awesome
6/8/2026,Play Store,5,best quality material available in this brand
6/8/2026,Play Store,5,very good quality dresses...
6/7/2026,App Store,5,Nice fabric
6/6/2026,Play Store,5,My go-to online shopping platform. The quality of the products is too good. I would recommend everyone to try at least once.
6/6/2026,Play Store,5,best for fashion & fast delivery
6/6/2026,App Store,1,My Myntra app is not working and it’s showing something went wrong again and again. Due to this issue. I’m not able to purchase anything and also returned my products because my Myntra app is not opening. Please resolve this issue as soon as possible.
6/6/2026,App Store,5,Best deals every i buy my dream luxury products on very good discounts
6/6/2026,Play Store,5,best discount
6/5/2026,App Store,5,❤️❤️❤️
6/5/2026,App Store,5,Very good products and timely delivery and returns
6/5/2026,Play Store,5,"Excellent service and product quality. One of the best shopping app , You needn't think twice before purchasing any product from this app"
6/5/2026,Play Store,5,speed delivery
6/5/2026,Play Store,1,fraud application hai. don't use it. product return ke baad refund amount bejhte nahi hai and farzi ke transaction number share kar dete hai. and bank ko kuch Pata nahi hota hai inke diye transaction number se. don't use it.
6/4/2026,Play Store,1,Received expired product and after returning it myntra is not giving full refund
6/4/2026,Play Store,1,i ordered a bag and during the delivery date and after the delivery date which is five days apart i havent got a call from the delivery agent.But they said they have attempted multiple delivery but i havent got a single call from the agent and now my order has been cancelled after waiting for three weeks.Im very disappointed with myntra and even when i talk to customer care they're not responding with a proper answer cant get connected to human at all its full of ai
6/4/2026,Play Store,1,"Very disappointing delivery service from Myntra. Their delivery chain is extremely poorly managed. Deliveries are often delayed without any proper explanation, and the promised delivery dates are not taken seriously. Customers have to keep waiting and following up for their orders. The shopping experience is completely ruined because of such poor logistics. Myntra seriously needs to improve its delivery system and customer service."
6/3/2026,App Store,5,"I always check how to style the item before buying it, saved reels really help with that."
6/3/2026,Play Store,5,i have purchase many products on this app all product was awesome I suggest other people for purchase items from myntra app. authentic brands original products and the quality is very good of all products.
6/3/2026,Play Store,4,"It's just an awesome one for all. Though I am not very fluent with window shopping, because of product quality issues and pricing, but when I want something for me, I have one window shopping stop naming MYNTRA. I love MYNTRA."
6/2/2026,Play Store,5,my experience is good with myntra app authentic products good quality of clothes nd unique designs available with reasonable prices nd good offers i m satisfied with all myntra products 😊💫
6/2/2026,Play Store,5,"very good service, product quality.It is the best platform to buy things.I love it"
6/2/2026,Play Store,5,genuine products. and great quality.
6/1/2026,App Store,5,The shoes is awesome the fitting is great and shoes finishing is also good must buy them.
6/1/2026,Play Store,5,"Great shopping experience with Myntra! I’m really happy with my purchase. The product quality was excellent, exactly as shown in the pictures, and the fit was perfect. The ordering process was smooth and delivery was on time. Overall, a convenient and reliable shopping experience."
5/31/2026,Play Store,5,Good quality and varieties of products are available at Myntra you must visit and buy accordingly.
5/31/2026,Play Store,5,"very good app affordable rates ,new designs,better quality"
5/30/2026,Play Store,5,very fast and good condition delivery service.
5/30/2026,Play Store,1,"very dissatisfied with Myntra. the customer care is waste. the only resolution they have is return the product. they can't handle delivery executives, they just force us to cancel the order so that they can gain platform fee every single time. Very frequent issue of mismatch between the description and actual product. I have raised complaints more than 10 times in this year. Myntra is going to loose lot of customers at this rate. never gonna order from Myntra again."
5/29/2026,App Store,4,"i have two kinds of items in my wishlist, ones i will definitely buy and ones i just liked looking at didn't know for sure if it would suit the specific occasion i was buying it for "
5/29/2026,Play Store,5,Quality is too good
5/29/2026,App Store,5,They sell the original product with very good offers compared to other websites
5/28/2026,App Store,4,i open each saved item in a different browser tab and compare price and reviews side by side 
5/28/2026,Play Store,5,This app is very nice and easy to shop and has easy returns.
5/28/2026,Play Store,1,is app se ghatiya service nahi dekha m kisi ptaleform pe ye Nasha kr ke order confirm lete h .aur jo mn me aye date fix kr dete h aur us dilevery date pe pta nahi kaha mar jate h. 15 ko date diye nhi huwa 18 diye wo bhi nhi huwa to bnd kro na online selling jb tumhe delivery hi nahi deni h to
5/28/2026,Play Store,1,"placed an order of luxury bag. first they failed to deliver it on given date. when reached to customer support literally zero support was provided. next they I saw myntra falsely marked that they attempted to deliver it and it failed. when I tried reaching out to delivery agent even after putting registered mobile number and pin my call didn't go through.basically I paid huge amount and they have lied in every way possible. I'm planning to move consumer forum now.worst part,it was gift for rakhi"
5/28/2026,Play Store,5,only genuine products and a lot of discount
5/27/2026,App Store,5,Kept it saved for later thinking I'll need it closer to the actual wedding date. 
5/27/2026,Play Store,5,I got the best product always.The quality of the clothes they provide is quite good if u buy the company product
5/27/2026,Play Store,5,best quality clothes
5/27/2026,Play Store,5,great app and have good delivery service
5/27/2026,App Store,5,"Good product, high quality"
5/27/2026,Play Store,5,"one of the best shopping apps, the return and exchange policy is best out there"
5/26/2026,Play Store,5,exceptional and good quality product
5/25/2026,App Store,1,countdown or urgency indicator for limited stock on wishlist items i check if there are cashback offers on other apps before finalising the same purchase here 
5/25/2026,Play Store,5,myntra always good hassel free shopping and returns also
5/25/2026,Play Store,5,this platform good for fashion.i recently ordered bootcut cut jeans pant by roadster brand. so it delivered within 4days .there is a fastest delivery and interface is also good and convenient.mainly customer support is good they respond within 24 hours
5/24/2026,Play Store,5,Pleasent experience. Easy exchange/returns.
5/24/2026,Play Store,1,"They don't deliver order in time and don't give delivery date,they just say your delivery is delayed and waste your time ."
5/23/2026,Play Store,1,Bakawas service Bakawas App....All Time Delivered Fake and duplicate products.. return option is not visible...1 Monthno one pick up return order .... customer service also disgusting please don't use Myntra app it's very very bad
5/23/2026,Play Store,5,super Quality brand s
5/22/2026,App Store,5,"Superb quality,smooth texture of T-shirt and fitting perfect"
5/21/2026,Play Store,5,"As a regular user of the wishlist tab, an 'add all to cart' button would honestly save so much time during sales. Please fix this soon. Chalta hai but better ho sakta hai."
5/21/2026,App Store,5,"Very happy with the ap and quality of items is always great, really in love with this app"
5/20/2026,Play Store,5,"For festive and wedding shopping I take my wishlist seriously, for everyday basics I honestly forget about it. "
5/20/2026,App Store,4,Delivery is fast and convenience
5/20/2026,Play Store,5,"Has great quality of clothes and Great collection, love it"
5/18/2026,Play Store,5,"Too many similar options were sitting in my wishlist, ended up not choosing any single one. "
5/18/2026,App Store,5,Alwys on time n easy return
5/18/2026,Play Store,1,"day by day Myntra become Meesho,very poor product in there collection,even it's a worst quality."
5/18/2026,Play Store,1,worst app the service is very poor return of products cancelling lot of inconvenience caused from this app delivery issues are not solved easily
5/17/2026,Play Store,5,Best quality of product
5/17/2026,Play Store,5,I really appericiate myntra for its good quality products and great pricings.It is my pleasure shopping here everytime and i never get disappointed hope the same in future
5/15/2026,Play Store,5,"As a student I wishlist a lot because I can't buy immediately, budget is the main constraint for me. "
5/15/2026,Play Store,5,"Myntra is one of the best shopping apps for fashion and lifestyle products. The app is easy to use, has a great variety of products, and the delivery is usually fast. Product quality and packaging are also good. Overall, I’ve had a smooth and satisfying shopping experience with Myntra. Highly recommended! 🛍️✨"
5/15/2026,Play Store,5,“Absolutely loved these jeans! The fitting is perfect and the fabric feels really comfortable. The quality is also very good and the jeans look exactly like the pictures. The fit is flattering and easy to style with both crop tops and oversized tops. I’ve worn them for long hours and they’re still comfortable. Definitely worth the price and would recommend them! ❤️”
5/15/2026,Play Store,5,"Really happy with my purchase! ❤️ The shirt is comfortable, stylish, and fit perfectly. The fabric quality is good and they look exactly like the pictures. Perfect for everyday wear. Totally worth the money! ✨"
5/14/2026,Play Store,5,authentic genuine products quality shopping app
5/14/2026,Play Store,5,Best fits for genzzz
5/14/2026,App Store,5,Myntra is always helpful for all kind of brand outfits and easy delivery and returns
5/14/2026,Play Store,1,I never get my return pickup on time I always get a small missed call after 10pm in night and then they said pickup unsuccessful how this will happen again and again. what is this time to pickup in night I call customer care and had a chat also always they said you will receive a pickup in day and again the same thing happened if you do not want to resolve customer problem then why your team is sitting there to waste customer half and hour to had talk with them only they wasted my such time.
5/13/2026,Play Store,4,"wasn't sure if this would go well with the footwear and accessories i already own i add things to wishlist mainly to keep track of what i liked while browsing, doesn't always mean i'll buy "
5/13/2026,App Store,1,I make a mental note of pros and cons for each saved item before finally choosing one. Thik thak hai overall.
5/13/2026,Play Store,1,"Very disappointing experience with Myntra. My order was expected to arrive on August 17, but it was not delivered. I requested cancellation on the same day, but even after 2–3 days, it is still showing “Cancellation Requested/Processing.” I have not received my refund either. If the order had been delivered on time, there would be no issue. But the delivery date has passed, the product is still undelivered, and my refund is also pending. Please resolve this quickly."
5/13/2026,Play Store,1,"Bilkul, thoda strong aur detailed review ye rahega: ““Very disappointing experience with Myntra. This was my first order, but I received a defective product. My account has been blocked for 3 days, so I’m unable to return it or contact customer support properly. Please unblock my account and help me with the return and refund.”"
5/13/2026,Play Store,5,"It is a great shopping app with a wide variety of cloth footwear , and accessories .... The app is easy to use and the product are usually of good quality I am with my shopping experience on Myntra"
5/13/2026,App Store,5,"So far so good, loving Myntra- highly recommended 👌👌👌"
5/13/2026,App Store,5,We can expect good quality products from Myntra
5/13/2026,Play Store,1,"worst experience,I had ordered 11 items. After a few days, I got an 'out for delivery' message for 2 items, Then they got, cancelled,automatically at night.Even after cancellation,they said it will take 10 days to process the refund. My delivery date was the 12th, but on the 11th I got a message saying the parcel is delayed and the delivery date has been changed from the 12th to the 17th.I have to go out of town on the 14th for 1 month, so how will I receive the parcel? so I did cancel them."
5/13/2026,Play Store,4,it seems to be good........ Sometimes delivery will be late... Product quality is awesome.more over price comparisons vary from one platform to another platform .Somewhat prices are more here.it seems to be good........ Sometimes delivery will be late... Product quality is awesome.more over price comparisons vary from one platform to another platform .Somewhat prices are more here.it seems to be good........ Sometimes delivery will be late... Product quality is awesome.more over price comparison
5/12/2026,App Store,1,Need a simple way to note down why I saved an item so I remember later. 
5/12/2026,Play Store,5,good quality of products is here 😁
5/12/2026,App Store,5,Excellent quality
5/12/2026,App Store,1,"I have been a loyal Myntra customer for a long time, but over the past few months I’ve been facing issues with almost every order—either with the product or the service. Once, I requested an exchange for a bigger size and was sent an even smaller one.

On top of that, there have been at least three instances where I had to contact customer care because the return pickup didn’t happen on the scheduled date.

This has been extremely disappointing, and as a result, I’m planning to uninstall the app once my current return is completed."
5/12/2026,Play Store,1,I recently placed an order and received the wrong product and there's no exchange or return option available.Very disappointed. Even the help centre assistant does nothing. Didn't expect this from Myntra.
5/11/2026,Play Store,5,"as someone who shops occasionally, i barely use wishlist, i just buy directly if i like something kept it saved for later thinking i'll need it closer to the actual wedding date "
5/11/2026,App Store,5,The product is amazing give good fittings go for it
5/11/2026,App Store,5,This app is very genuine and  the products are 100 original and discounts are always great on season .
5/11/2026,App Store,5,The quality of the bag was amazing and i got the bag in just 2 days .
5/11/2026,Play Store,5,best quality app
5/10/2026,Play Store,1,delivery delayed for two weeks and cancelled the order without giving a reason and customer support is the same. everyone with automated response.
5/10/2026,App Store,5,"Good quality products, easy ordering and fast delivery. Overall, a great shopping experience."
5/10/2026,Play Store,4,this aap is really amazing and there prodects are so good and outfit too full on trand
5/9/2026,Play Store,1,delivery service is not good customer services doesn't not respond
5/8/2026,Play Store,5,"myntra product quality original A1,and paking just wow"
5/8/2026,Play Store,2,The no way to confirm when the out for delivery order will reach as agent wont pick up and tgere is no help line number to call and get help myntra wants customers to email most other online big shopping sites have a helip lihe to call and speak to in myntra its so difficulty to get help if asked help PMO will respond but myntra is like deaf ears hope less
5/8/2026,App Store,5,"Fitting - as expected 
Fabric - soft and good quality 
Feel - good
Look - elegance 
Overall perfect."
5/8/2026,Play Store,1,"myntra is nt giving full refund after returning the whole item dnt buy from myntra wrong product ,issue in size I hve many complaint on myntra there r some resolving sum r igonre"
5/8/2026,Play Store,4,This app is really amazing ordering an product is very hasslefree and every time you get a coupon or very good discount. im very satisfied with this app.
5/7/2026,App Store,2,"i treat wishlist as a save for later option, cart is where my real buying intent shows up "
5/7/2026,App Store,5,I kept comparing it with newer arrivals and never circled back to the original saved item. Ekdum mast app hai.
5/7/2026,App Store,5,"Star rating alone doesn't help me much, I read the actual written reviews for honest fit feedback. I add things to wishlist mainly to keep track of what I liked while browsing, doesn't always mean I'll buy."
5/7/2026,Play Store,5,Very easy to use and quality of the product is very good
5/7/2026,Play Store,5,Yai best app hai yaha sab top quality ka product milta hai I love this app
5/7/2026,Play Store,1,"why do they have all these mnow and express delivery systems, if they cannot adhere to the specified delivery times. Honestly, they cannot guarantee the delivery times, it's just false advertising."
5/7/2026,Play Store,5,The Shopping Experoence is Great Return And Replacment Polocy is Helpful even Customer Care Service People are Great and Helpful
5/7/2026,App Store,5,"Good quality and well designed maxi dress
Colour was so good
And light weight
It gave a bright impact"
5/6/2026,Play Store,1,"I ordered a watch using a coupon and got a discount, but my order has been delayed. I’ve noticed this happening repeatedly—whenever I place an order and use a coupon to get a discount, the order seems to get delayed. Is this just a coincidence, or does using a coupon actually affect the delivery time? If customers are given a discount through a coupon, their orders should not be delayed because of it."
5/5/2026,Play Store,5,i trusted on myntra last five years... original product and fast delivery 💖
5/5/2026,App Store,5,Im happy with all my purchases from Myntra
5/5/2026,Play Store,5,nice product... quality is good
5/5/2026,App Store,5,"Myntra is one of the best online shopping platforms for fashion and lifestyle products. It offers a wide range of clothing, footwear, and accessories from popular brands at affordable prices. Myntra is one of the best online shopping platforms for fashion and lifestyle products. It offers a wide range of clothing, footwear, and accessories from popular brands at affordable prices. The app and website are user-friendly, making it easy to browse, select, and purchase items. I especially like their frequent sales and discounts, which help save money while shopping for trendy outfits. The delivery service is usually quick and reliable, and the packaging is neat. Myntra also has a hassle-free return and exchange policy, which makes shopping more convenient and stress-free. However, sometimes the sizes may vary depending on the brand, so it’s important to check the size chart before buying. Overall, Myntra provides a great shopping experience with quality products, good customer service, and attractive deals. I would definitely recommend it to anyone who loves online fashion shopping."
5/4/2026,App Store,1,"if you ask me, as a student i wishlist a lot because i can't buy immediately, budget is the main constraint for me "
5/4/2026,Play Store,5,"very good app for online shopping, i think best in India , it's items are really good quality, and also good policies of payment returns or exchanges or refund"
5/4/2026,Play Store,5,"amazing dress , great fitting 👌 I loved it❤️❤️"
5/4/2026,Play Store,1,"Very disappointed with Myntra’s delivery service. They promise fast/next-day delivery, but my order was not delivered even on the promised date. Now they are saying I have to wait another 2 days for delivery. If you cannot meet the promised delivery date, please don’t advertise or promise next-day delivery. Customers choose fast delivery based on the commitment shown at the time of ordering. Very poor experience this time."
5/3/2026,App Store,5,Awesome collection can’t underestimate Myntra fashion so cool collection
5/3/2026,Play Store,5,the delivery system is very amazing as ingot the exchange delivered in time .So did the myntra responded to my concerns
5/2/2026,App Store,5,I add multiple similar kurtas to wishlist so I can pick just one later after comparing. I ask my sister who has bought from that brand before making my own decision. 
5/2/2026,Play Store,5,best quality cloths and exchange fast
5/2/2026,Play Store,1,Worst experience in last few orders. Tracking details shows order received at nearest delivery location but never received.
5/1/2026,Play Store,1,"Horrible service, I would happily give zero stars and won't recommend this app to anyone. The order arrives fast but the return process takes years. no one comes for return pick ups and when you use the ""call me"" option an automated annoying bloody voice gives you replies that are absolutely useless that too in Hindi when you specifically choose ""English"". Very frustrating service when it comes to returns and refunds. I'm uninstalling the app."
5/1/2026,Play Store,5,"myntra is doing amazing especially it's style exchange is so unique , refund is amazing, go for it"
5/1/2026,Play Store,5,I just love this app the fast delivery ooh la laaa😭😭
5/1/2026,Play Store,5,Trustworthy online store and Application Myntra. You can trust it for their geniune quality.
5/1/2026,Play Store,1,salle froud haii yee bhot jyda price haii or return v Nhii krde used product hotee haii inkee
5/1/2026,Play Store,5,"Everything is good, love to shopping in this app, but please add delivery together feature, thank you"
4/30/2026,Play Store,5,"nice app , authentic product delivered with early delivery"
4/30/2026,Play Store,5,"i loved the experience, reasonable price and great quality.also the delivery is also very fast"
4/30/2026,Play Store,1,very bad Myntra bhai likha kar bata raha hu ki 100 ki chiz ko ye 500 ki dete h aj hi mai ne paint mangai h ek dam bekar quality ki di h Mt lo bhai log Myntra se
4/30/2026,Play Store,5,very nice app I love this aap bhut hi achhi sarvice hai samaan ki quality bhi bhut achi hoti hai time se saaman bhi aa jata hai i love this app maine jitni baar bhi samaan magaya hai mujhe aaj tak nirasha nhi hui hai so mai aage bhi es app se shopping karte rahna chaungi aur sabse achhi baat ye hai ki fasion up to date hota hai sarvice bhi achhi hoti hai return policy bhi achhi hoti hai koi bhi chiz aap return karna chaho bahut hi aasani se ho jata hai isi liye ye app mujhe achha lgta hai thanku
4/30/2026,Play Store,4,sizes r not available for many liked products
4/30/2026,Play Store,5,Great experience with myntra fast delivery and loyalty app I've been shopping with myntra for the last 1-2years
4/29/2026,App Store,5,I kept comparing it with newer arrivals and never circled back to the original saved item.
4/29/2026,Play Store,5,best shopping app and give best discount
4/28/2026,Play Store,5,I ask my friends on a whatsapp group which one looks better among my shortlisted options. I add things to wishlist so I don't lose track of them while comparing on other apps too. 
4/28/2026,App Store,5,Very good quality and attractive colour
4/28/2026,Play Store,5,nice product original quality and make the perfect pair always ty mintra
4/28/2026,Play Store,4,all products are from verified brands and it arrives in good quality
4/27/2026,Play Store,5,"Products on Myntra are always amazing and of genuine quality, if myntra is selling something then I am assured that it will be a quality material. Services of myntra and policies are matchless in the market. at last...I will say..Leave all, join Myntra."
4/27/2026,Play Store,1,"Worst and absolutely pathetic experience with Myntra. I ordered a product worth ₹1,300, but the product was missing from the package when delivered. I immediately raised a complaint and clearly explained the issue. Instead of investigating with the warehouse/packing or delivery team, Myntra simply said that nothing could be done. I paid for a product I never received, yet there was no proper resolution. This is not about ₹1,300—it’s about trust and accountability. Very disappointing service."
4/26/2026,Play Store,5,Wanted to check my other pending expenses this month before adding a new purchase. As a college student most of my wishlist is impulse stuff I saw trending on social media. 
4/26/2026,App Store,5,"Material is not that comfortable, but I like the fit 👍
So I kept it."
4/26/2026,Play Store,5,very useful app and all products are good quality
4/26/2026,Play Store,5,it's a very good app with a good interface for people and has a lot of styles and also it
4/26/2026,Play Store,5,appreciate quality and product are trustful
4/26/2026,Play Store,1,"Worst Experience with Myntra! ⭐ Absolutely terrible experience. I received the wrong product, and despite raising a complaint, Myntra is only offering a refund after pickup instead of a proper replacement. Very disappointing customer service and zero accountability. I strongly recommend avoiding Myntra. Don’t risk your money and time!"
4/26/2026,Play Store,1,Worst app ever ye log wrong products bhejte h return approve bata k 15 20 days mai cancel kr k paise kha jate h bht he bekar app h bht scam krte h paise kha jate h think before you purchase
4/26/2026,Play Store,5,i love myntra fast shipping and great discount
4/26/2026,App Store,1,"Dear Team,

I am writing to report a serious issue regarding my recent orders placed through your app.

First, I placed an order costing around ₹150, and the amount was successfully deducted from my bank account. However, the order did not appear in the app at all. After waiting for some time and seeing no update, I placed another order costing around ₹121 and completed the payment.

Later, when I checked the app, the second order was marked as “Delivered,” even though I did not receive any call, message, or parcel from the delivery agent. I was not contacted at all, and nothing was delivered to me.

When I raised a complaint, it was ignored and not resolved properly. When your team finally contacted me, I was informed that the delivery agent claimed the parcel had been delivered to me. It is the delivery agent’s responsibility to call the customer before delivery, which clearly did not happen in my case.

I am extremely disappointed with this experience. My money has been deducted, but I have not received my orders. This feels unfair and irresponsible, and it appears that the app is only concerned about taking money without ensuring proper service.

I request an immediate investigation and a full refund for the undelivered orders, along with a proper resolution of this issue.

Looking forward to your prompt response.

Sincerely,
Ravneet Kaur"
4/25/2026,App Store,5,Good quality Bt not every cloths and plz improve uhr delivery packaging
4/25/2026,App Store,5,Good quality and comfortable to wear
4/25/2026,App Store,4,"Myntra itself is a good platform with a wide range of products and generally good service. However, I had a disappointing experience with their delivery partner serving the Kottukkal P.O., Anchal, Kollam area.

The delivery was not made within the expected time, which caused me to miss the purpose for which I had purchased the dress. After contacting Myntra customer support, I came to understand that the delay was due to an issue with their delivery partner.

I hope Myntra takes this matter seriously and improves the delivery service in this area. Timely delivery is especially important when customers purchase items for specific occasions or purposes. Myntra is good, but the delivery partner’s service in this location definitely needs improvement."
4/25/2026,App Store,5,"The dress is very soft perfect if you are expecting mom the quality is pure cotton soft material.
Colour is also good trending butter yellow.
Most amazing part the dress have pockets which I personally loved. 
The design on the dress is also minimal overall the dress is giving the classy look.

Go for it if you like minimal along with comfort and class."
4/25/2026,Play Store,1,I ordered something from Myntra but received different product without tags and when applied for return they declined my request saying I received the correct item. I also tried contacting the customer helpline but they have the worst customer service and here I'm stuck with the different product as well...my money is wasted.
4/25/2026,Play Store,1,fraud app.. product picked up by the delivery boy however myntra said that product is not picked up and did not provide refund.. they don't even post your review on product if reviews are negative.. they have moderated the reviews as only positive reviews are being allowed to post
4/25/2026,Play Store,5,provides good product quality
4/25/2026,Play Store,5,easy returns and good communication and quick response better deals
4/25/2026,Play Store,1,"very disappointed with the service of myntra receiving completely different product n different size not once but multiple times, even my friend also facing same issues, being the oldest customer i never faced such issues before."
4/25/2026,Play Store,5,best app I had ever used and the price was also good and very low prices and I suggest you to buy items from myntra at very high discount and it also provide myncash which helps us to lower the price of an item
4/25/2026,Play Store,5,highly recommend app
4/24/2026,App Store,5,"Price never dropped enough for me to justify buying it, kept waiting for a better deal. I make a mental note of pros and cons for each saved item before finally choosing one. "
4/24/2026,Play Store,1,"Products nowadays are sold by Myntra are of worsts quality. And the best part is that they will reject your return request also, so now end is near for myntra. Lot of other good companies will kick them our like Ajio, Nayka, etc. adding to my last review still Myntra using facing of seasonal sales to sale the defective product to the quality customers still there is a time to change the tactics and provide good quality product."
4/24/2026,Play Store,5,Products are too good.... Quick delivery.... Affordable prices and some products are not in affordable prices... Thank you Myntra
4/23/2026,App Store,5,Best app delivers on time best products u can search for any product any will get with the best quality
4/23/2026,Play Store,1,"Delivery dates don't matter to these people at all; they don't care about the customer's plans. They cancel orders on their own and fail to deliver on time. Their customer service is poor, too. Because they cancelled the delivery, I didn't get my shoes, and my Chandrashila trip had to be cancelled. 💔"
4/23/2026,App Store,5,"Very nice product. The quality is good, fitting is perfect, and the color looks exactly like the picture. Totally satisfied with the purchase."
4/23/2026,Play Store,5,what a amazing product and delivery was Good time
4/23/2026,Play Store,5,"infinite options on everything, hassle free delivery and easy returns. what more could u ask for..."
4/22/2026,Play Store,1,"need an easier way to convert my wishlist into a proper occasion based shopping checklist when i add expensive stuff to wishlist it's just window shopping, no real intent to buy soon "
4/22/2026,Play Store,1,"one of the worst online shopping apps I have ever seen. i ordered something on this aap everything was going right before, I was waiting 4 to 5 days and suddenly one day before the delivery date my order got cancelled."
4/22/2026,Play Store,5,Best quality
4/22/2026,Play Store,1,worst Customer service. First they are not sending product with tag and while returning asking for tag. Customer care team is not responding neither on chat nor on call to discuss on the issue.
4/22/2026,Play Store,1,"Poor delivery by only myntra. it's very difficult to replace or return. many times I have received different items. wrong pricing, bad quality of cloths."
4/22/2026,Play Store,1,"I have been placing order on myntra and on the delivery date it says sorry your item couldn't be deliverer. then they show a different date and on that date too the same message appears. when we try to track the item it says it have reached the nearby hub also. then what is the issue with delivering order. this keeps repeating for my past few orders. Eventhough we raise issue with the team, they are also not sure about the delivery and gives automated messages like they will try to deliver it."
4/21/2026,Play Store,5,Excellent in style quality size . Go for it. best app for good quality
4/21/2026,Play Store,5,"A very beautiful dress, perfect stich.But the only thing i was dissatisfied is i thought the gold pattern was embroidery but in reality it's just gold print. Otherwise the fit and outlook is really good. Thank you."
4/21/2026,App Store,5,"As compare to other platform Myntra product quality is up to mark , and mobile application equivalent to Amazon."
4/21/2026,Play Store,1,"Really bad experience with customer executive. My order got cancelled after reaching my nearest delivery hub as my pincode suddenly became non serviceable for them. The same pincode where they were ok to deliver when I placed the order. The customer executive only has one thing to say ""i understand your concern pls place a fresh order"". what is the purpose of that...."
4/21/2026,Play Store,5,"very good,easy to use and on time delivery"
4/20/2026,Play Store,5,Being a mother of two I mostly wishlist kids clothes and rarely add anything for myself these days.
4/20/2026,Play Store,5,very nice and perfect size with comfortable...so beautiful ❤️ ❤️ ❤️ i like it...
4/20/2026,Play Store,5,nice app and good quality products
4/20/2026,Play Store,1,worst experience delivery is delayed it has been one month a product has not been delivered
4/20/2026,Play Store,5,Nice quality of dress
4/19/2026,Play Store,1,wish there was a countdown or urgency indicator for limited stock on wishlist items 
4/19/2026,App Store,1,Budget got tight this month so I postponed buying the items I had saved. 
4/18/2026,App Store,5,Very likely
4/18/2026,Play Store,5,good experience recommended it
4/18/2026,Play Store,5,"Good for shopping ... but at times prices are too high, return policy is good"
4/18/2026,App Store,5,"Thanks for delivery speed and parcel delivery service 
Parcel packaging is well and 100% recyclable pack
Item is as same size and quality as description"
4/18/2026,App Store,5,"🛍️ Wide Variety of Products  
Myntra offers a huge collection of fashion products from many popular brands. Whether you are looking for casual wear, formal outfits, footwear, or accessories, the app has plenty of options for men, women, and kids.

📱 User-Friendly App Interface  
The app is very easy to navigate. Searching for products, applying filters, and browsing different categories is smooth and convenient, making the shopping experience enjoyable.

💸 Great Deals & Discounts  
One of the best things about Myntra is the frequent sales and discounts. Branded products are often available at very reasonable prices, especially during seasonal sales.

📦 Fast Delivery & Easy Returns  
Delivery is usually quick and reliable. If there is any issue with the product, the return and exchange process is simple and hassle-free.

✅ Overall Experience  
Overall, Myntra is a reliable and convenient app for online fashion shopping. With a wide range of products, attractive offers, and smooth delivery service, it’s definitely one of the best fashion shopping apps available.

⭐ Highly recommended for anyone who loves shopping for trendy fashion online!"
4/17/2026,Play Store,5,excellent customer service app 👍 product quality always in good condition and service is good I am always purchasing by this app
4/17/2026,Play Store,5,Nice app this app provide off all exclusive offers and coupon code so this app is very helpful for everyone so download this app and use the app and review this app Thank you so much jisne is app ko banaya hai usko dil se dhanyawad love you so much i am rating this app 5 star because this app fully deserved 5 star rating
4/17/2026,Play Store,5,good product received quality is superb
4/17/2026,Play Store,5,best experience and quality was so good
4/17/2026,App Store,1,"As a Myntra Insider and a regular customer, I am extremely disappointed with the service I recently received.
I placed a large order worth a significant amount and paid for all items in advance. However, one of my packages is missing, despite the delivery status being marked as ""Delivered."" I never received the package.
What makes this situation worse is the behavior of the delivery executive, who was rude and unprofessional. He claimed that the order would be delivered, and later the system showed it as delivered, but the package never reached me.
It is shocking that there is no mandatory OTP verification before marking a prepaid order as delivered. Such a basic security measure could prevent incidents like this and protect customers from false delivery claims.
I have made multiple attempts to contact customer support, but the responses have been unhelpful and no proper resolution has been provided. For a company of Myntra's scale, this level of customer service is unacceptable.
I am sharing this experience so that other customers are aware of the risks involved. Customers spend their hard-earned money and expect accountability, transparency, and support when issues arise. Unfortunately, my experience with Myntra has been the complete opposite.
Very disappointing and highly unprofessional service."
4/16/2026,Play Store,5,good and the cloth quality was excellent
4/16/2026,Play Store,5,i number quality i like this
4/16/2026,App Store,5,This has been long time since I’m doing online shopping from myntra. I find the products of original brand and top quality. I am very much satisfied with the services. I would love to shop in future and recommend to my friends.
4/16/2026,Play Store,1,"Myntra par return pickup ka bahut kharab experience raha. 2 din se pickup continuously fail ho raha hai, jabki maine return ke liye proper request ki hui hai. Customer support se contact karne ke baad bhi issue solve nahi hua. Return pickup ke liye customer ko baar-baar wait karna pad raha hai aur koi proper resolution nahi mil raha. Agar return request accept karte ho, to pickup time par hona bhi Myntra ki responsibility honi chahiye. Very disappointing experience."
4/16/2026,Play Store,5,very good experience.. quality of clothes is top notch
4/15/2026,Play Store,5,"sometimes i add to wishlist because of a good discount, just to track if price drops further "
4/15/2026,Play Store,2,"The services of Myntra were good enough in the past but now it has been downgraded to earth. Products, rates and offers are average but delivery and customer help center are the worst and headache to buyers. Don't buy anything through Myntra if you need timely delivery. Myntra has no control over delivery agents. They reschedule your delivery date without any information. Myntra help center is totally digital based AI. You can't contact a real customer service agent despite repeated efforts."
4/15/2026,Play Store,1,"Extremely Poor Service and Delayed Delivery! My order was scheduled to be delivered by the 8th, but I have not received it yet. There is no clear update regarding the shipment status. Customer support has not been helpful. Very disappointing experience from Myntra."
4/15/2026,Play Store,5,"⭐⭐⭐⭐⭐ Myntra is one of my favourite shopping apps. The collection is really good, prices and offers are attractive, and ordering is easy. Delivery is also quite convenient. Overall, I have had a good shopping experience with Myntra and would definitely recommend it. ❤️"
4/15/2026,Play Store,5,i have purchased a shoe.. that was of good quality and look thankyou myntra
4/14/2026,Play Store,5,wish there was a group wishlist option so my whole family can plan festive shopping together i liked the kurta a lot but wasn't sure if the colour would actually suit my skin tone chalta hai but better ho sakta hai
4/14/2026,Play Store,5,Good quality products
4/14/2026,Play Store,5,Good cloth quality and right in size . so nice
4/14/2026,Play Store,5,good quality 🥰
4/14/2026,App Store,5,Best quality and fitting
4/14/2026,App Store,2,Not bad sweatshirt this Myntra peoples before taking order they make user friendly to order after that delivery will be very late and irresponsible peoples
4/14/2026,App Store,1,Myntra is getting worst day by day as they are not even allowing upi payment also . No COD no most usable UPI. Worst experience ever.
4/14/2026,Play Store,5,"I don't know fashion after I installed myntra I know what is old money, gen-z,outfit"
4/13/2026,App Store,1,Being a working professional I buy faster from wishlist since I don't have time to browse again and again. 
4/13/2026,Play Store,5,"⭐⭐⭐⭐⭐ 10/10! Amazing shopping experience on Myntra! Great collection, good quality products, easy-to-use app, and amazing discounts. Totally loved it! ❤️ Myntra has a great variety of clothes, footwear and beauty products. The app is easy to use, filters are helpful, and there are usually good discounts. Overall, a good shopping app, though customer support and return issues could be improved."
4/13/2026,Play Store,1,"Very poor customer care service, exchange and refund service very worst."
4/13/2026,Play Store,1,"very bad experience, bad behaviour of delivery boy"
4/13/2026,Play Store,5,superb quality
4/13/2026,Play Store,5,Good quality product.
4/13/2026,Play Store,5,I'm using myntra app for 2 years this app usefull and helpful and product quality is very good I can't describe myntra app because such good app tq myntra giving me best and quality product me 😍😍🫰
4/12/2026,Play Store,5,super 💯 good quality excellent quality
4/12/2026,Play Store,5,the product Myntra shows is one of best quality
4/12/2026,Play Store,5,genuine quality
4/11/2026,App Store,5,i save items when i'm not sure yet and want to think it over before buying 
4/11/2026,App Store,4,Febric and colour is good & comfortable.
4/11/2026,Play Store,1,I never get my delivery on time. what they claim.
4/10/2026,App Store,1,Delivery patner are terrible
4/10/2026,Play Store,3,clothes are good but it takes much more time to verify return request
4/10/2026,Play Store,5,easy delivery process.good app
4/10/2026,Play Store,5,Best Online Delivery Application
4/10/2026,App Store,5,Perfect place for shopping and ease free returns.
4/10/2026,Play Store,5,good quality
4/10/2026,Play Store,5,good cloths and fitting
4/9/2026,Play Store,5,"Crazy good app for quality shopping.. Love their collection and quality choices.. I got a shirt, a jeans, pair of shoes and a wallet from here and trust me guys it's very very great quality.."
4/9/2026,Play Store,1,"1-star experience. I contacted Myntra customer support TWICE about the same issue. The belt I wanted repeatedly showed as non-deliverable to my PIN code in the morning, then suddenly became deliverable in the evening—only for it to go out of stock. I had also previously ordered a belt that took so long to arrive that I had to cancel it, yet Myntra blamed the cancellation on me. Even now, the same belt is showing as deliverable again. Extremely frustrating and poor service."
4/9/2026,Play Store,5,I love shopping from myntra and the product quality are great 😃
4/9/2026,Play Store,1,"purchased these shoes on Myntra, where they were sold under the Killer brand. Unfortunately, the product quality is extremely poor and does not seem genuine. I used the shoes only four times, and the sole has already started coming off. This is completely unacceptable for a branded product. Please do not sell such low-quality products to customers. I request Myntra to seriously review the quality and authenticity of products before listing them for sale."
4/8/2026,Play Store,5,My younger cousin adds everything trendy to wishlist but almost never actually buys anything from it. 
4/8/2026,Play Store,1,received broken product with no brand tags or price tag on return request their delivery partner just says it could not be quality checked and hence the return is put on hold. told this to their customer care they told me to send photos did the same return was scheduled and the delivery partner did the same. I think I will just have to forget about my money as this problem will persist without any real solution
4/8/2026,Play Store,5,I am soo happy with myntra aap it's very useful for makup lovers ❤️ I got everything at very affordable range and 💯 original product no copy or cheap quality type product I ever receive..it's safe .. affordable and very quick response from delivery services.. thankyou myntra ❤️❤️❤️
4/7/2026,App Store,2,Most of the reviews photos are Ai images so how we go with this app
4/7/2026,App Store,1,Placing an order with them and returning items is such a big hassle. The order is always delayed and the customer care is unprofessional. They neither make a refund nor exchange items. Don’t use myntra
4/7/2026,Play Store,2,Excellent Delivery on time
4/7/2026,Play Store,1,bad app really 4 ko order Kiya tah maine 9 ko aana tah aaj ap khud date dekha lo delay chal rha h itne din hogya h or na payment return ki fake hi lgta h yeha ap toh muje froud everything really bad service 🙏
4/7/2026,Play Store,1,had the worst online shopping experience with myntra such a big shopping app and literal disappointment order 3 thing from myntra more than week still not delivered when called off for the delivery but in the end it was delayed and then after waiting for these long i decide to just cancel the order worst experience
4/7/2026,App Store,5,"Recently bought two pairs of us polo shoes, both the shoes had fitting issues one was bigger and other smaller So I exchanged one because it had exchange available and other one I had to return coz no exchange was available. Both the shoes had their tags Intact and Shoe box available but Myntra rejected both my return request and exchange request in the name of quality check fail. I did put up a complaint but nothing happened. The only mistake of mine was I did not make a unboxing video so I had no proof to show that product wasn’t used. I request everyone next time you purchase anything from Myntra do make an Unboxing video for the proof."
4/6/2026,App Store,5,products was so good good quality
4/6/2026,App Store,5,It’s a best shopping app for each and every type of fashionable yet trendy outfits
4/5/2026,App Store,5,Ordered 5 shirts and glad to receive what the quality was shown
4/5/2026,Play Store,5,"⭐⭐⭐⭐⭐ Amazing shopping experience with Myntra! The collection is stylish, trendy, and has something for every budget. The quality is great, delivery is quick, and the packaging is neat. I’ve always had a smooth experience shopping on Myntra. Highly recommended for fashion lovers! 🛍️✨"
4/5/2026,Play Store,1,"Very disappointing experience with Myntra. I ordered two items as a birthday gift for my sister. One was promised for 9th August and the other for 12th August, but neither was delivered on time. Today is her birthday, so the delay completely ruined my plan. Customer support only said that a complaint has been raised and it may take time. If you cannot deliver on the promised date, please don’t show misleading delivery timelines. Very poor service. ⭐ 1/5"
4/4/2026,Play Store,1,I liked the kurta a lot but wasn't sure if the colour would actually suit my skin tone. I add things to wishlist so I don't lose track of them while comparing on other apps too. 
4/4/2026,Play Store,5,Myntra is known for its quality products. keep it up 💪
4/4/2026,App Store,5,To be honest i never expect the good return policy from myntra its so good i have recently purchase a something from it and its like i got the bigger size but its exchange within a minutes i know its very strange but i like the policy
4/4/2026,Play Store,5,"Trendy variety: Large choice of clothes, shoes, and beauty products.Good deals: Regular sales, discounts, and first-time buyer perks.Easy returns: Simple process for sending back wrong or ill-fitting items."
4/4/2026,Play Store,5,veryyyy good it takes less amount of time to ship and high quality products
4/3/2026,Play Store,4,absolutely 100% original quality
4/3/2026,Play Store,5,Excellent collection and the quality
4/2/2026,App Store,1,"I wishlist a lot because I can't buy immediately, budget is the main constraint for me. "
4/2/2026,Play Store,1,"when we return the order if we are disappointed, whole amount is not refunded. wheras they split some amount in my encash which we did not receive. It is really disappointing due to which I am discontinuing this application for shopping."
4/2/2026,Play Store,5,It was a good and nice experience the products and quality are the best
4/2/2026,Play Store,5,all product quality is very good
4/2/2026,Play Store,5,product quality 👍
4/1/2026,Play Store,5,awesome discount
4/1/2026,App Store,5,Very good
4/1/2026,App Store,4,Smooth and beautiful colors
4/1/2026,Play Store,1,i have an exchange order and when the delivery person tries to give me the exchange. there is an issue that the number on the tag is not verified. i still have the tag intact from the jeans. have tried to contact myntra but whenever I call answered by an AI assistant which has repeated questions. And no information about my exchange.
4/1/2026,Play Store,1,myntra is doing scam. they have delivered only one unit out of two to me on 9th Aug. since then I have been following up with them on all platforms but their logistics partner ekart logistics is doing fake delivery attempts and myntra is just giving me false assurances. I have even written to grievance cell with no result. my money is stuck..I would not recommend to buy anything from them
3/31/2026,App Store,5,Multi purpose bag..that you can use every where…top notch quality..you can go for it
3/31/2026,Play Store,5,"“Myntra is a great shopping app! 🛍️ Good collection, easy to use, quick delivery and smooth shopping experience. Highly recommended! ❤️”"
3/30/2026,Play Store,1,I ordered a box first it took 7 days to arrive and then it was not the same and torn then I exchanged it then it took 12 days to arrive again it was different and damaged.never order from this crazy app
3/29/2026,Play Store,5,product and delivery both are good
3/28/2026,Play Store,4,"Myntra has variety of different products. good quality, fashionable and trendy but little bit High price.."
3/28/2026,Play Store,5,best product with best quality
3/27/2026,App Store,5,My wishlist has like 40+ items and an 'add all to cart' button would honestly save so much time during sales. Hope the team looks into this. Sahi hai but improvement chahiye. ðŸ™Œ
3/26/2026,Play Store,5,super quality 👌
3/26/2026,Play Store,4,bahut hi achchhi quality ke product hote hai
3/25/2026,App Store,5,"I compare the exact same price with Amazon and Flipkart before finalising on Myntra. When I'm actually planning for an event, my wishlist becomes a real to-buy list with clear urgency. Sahi hai but improvement chahiye."
3/25/2026,Play Store,5,"the customer service is polite and gentle for my return products, and the products quality is good 👍 👌"
3/24/2026,App Store,5,"I’ve had a really good experience using Myntra. The app offers a wide range of brands and styles, making it easy to find something for every occasion. The interface is user-friendly, and browsing through categories is smooth and convenient.

Delivery has been reliable, and the packaging is usually neat. I also appreciate the frequent discounts and deals, which make shopping more affordable. Returns and exchanges are generally hassle-free as well.

Overall, it’s a great app for fashion shopping, though sometimes sizes go out of stock quickly. Still, definitely one of the best options out there!"
3/23/2026,App Store,5,Just love it ❤️
3/22/2026,Play Store,5,quality is very good worth for moneyy
3/22/2026,Play Store,5,the product listed on this app is brnaded and having good quality.
3/22/2026,App Store,1,"I’m a user of Myntra for more than 6 years now. It has been my go to place for everything that I need to shop in terms of apparel and footwear. Recently ahout 2 months ago maybe a few changes were done to the interface and now when search for let’s say “jeans”, I’m unable to see the number of products under the jeans category. This # is available in filters, but not on the main screen where you scroll and select. This had made me dislike online shopping on myntra because I have no clue how many products exist under a specific category and how many I have viewed while scrolling. Not sure why this change was made but to the UI team, I hate it and sure a lot of other do too. Too much uncertainty.
Secondly, I’m unable to scroll after probably seeing 100 options when there are actually 10k+. It just doesn’t take me beyond a certain point which seems like a bug or maybe for birthday sale you’re doing this. Whatever it is, it is bad. 


Please fix this, otherwise you’re losing out on at least 3 loyal customers ( people attached to me who became myntra shoppers)"
3/20/2026,App Store,1,"Hello, I have been using Myntra for a long time and this is the first time I’m experiencing this issue. I have ordered a watch using Myntra Express service and it’s been more than two weeks and I haven’t received it. Yesterday the status shows “delivered”, I was shocked seeing this and then I had called customer support for assistance and they were of no help, they keep saying wait for the resolution. The agent is disconnecting the calls and I’m not sure who these agent is and why it is showing as delivered when no one called and no parcel is being delivered. I have no hopes that it will be delivered and again the support team have asked to wait until 22nd May. I need the resolution ASAP else, refund the money. On a serious note never expected this kind of service from Myntra, customer service support and the “delivery team”. Need refund asap…….."
3/19/2026,App Store,5,Didn't know for sure if it would suit the specific occasion I was buying it for. I got distracted with other things and simply forgot I had saved it in the first place. 
3/19/2026,App Store,5,"fabric is very nice, and also a good fit"
3/18/2026,Play Store,1,Misleading - ask to write reviews for orders to only say better luck next time
3/18/2026,Play Store,5,"I've been using Myntra for a long time, and it's my favorite shopping app. The product quality is always good, the prices are affordable, and there are so many varieties to choose from. I love the app my cash method of play and cash The cash collection was useful for shopping.😌📈 The return experience is good and easy, and delivery is usually fast. Overall, I'm very happy with Myntra and highly recommend it to anyone who loves shopping for quality products at great prices. 😍❤️"
3/17/2026,Play Store,1,I use wishlist to save gift ideas for my sister's birthday coming up next month. 
3/17/2026,App Store,1,I ordered a puma sneaker and returned it but still they haven’t received it and also didn’t refunded me one of the worst online shopping experience
3/17/2026,Play Store,1,"⭐ Very disappointing experience with Myntra This has happened to me multiple times. I place an order at a discounted price and pay in full. The order is confirmed, but on the delivery date, I’m told there is a “slight delay.” After several days, the order is eventually cancelled due to a “technical issue.” By then, the same product is often available at a much higher price, and I have to wait another week for my refund. This is extremely frustrating and unfair to customers."
3/15/2026,App Store,5,"Absolutely love shopping on Myntra! ❤️ The collection is amazing and there are so many stylish options to choose from. The app is easy to use, product variety is great, and the overall shopping experience is really smooth. I also love the discounts and offers available on different brands. Delivery and packaging have been good too. Overall, Myntra is one of my favourite fashion shopping apps. Highly recommended! ⭐⭐⭐⭐⭐"
3/15/2026,Play Store,1,"The service is very slow. I have placed three orders recently, The three Myntra has cancelled the order and is unable to deliver the order as per the order delivery date mentioned"
3/15/2026,Play Store,5,best quality product
3/15/2026,Play Store,5,i am not here to tell you about the pricing the only thing as a buyer I want is the quality of the product and for that there's no one even close to myntra every time I buy something from myntra I feel happy because of the product quality and packaging 🩷
3/14/2026,Play Store,5,The very good quality cloth found in every order.
3/14/2026,Play Store,5,I placed an order for white anarkali on 7th aug and I wanted it before 14th aug and it got delivered today. So quick. And the size and fitting is just perfect. I ordered size S. Thank you so much Myntra.
3/13/2026,Play Store,5,"Speaking for myself, Adding to wishlist helps me remember what I saw across different browsing sessions on different days. I kept comparing it with newer arrivals and never circled back to the original saved item. "
3/13/2026,Play Store,5,I received the same piece and quality what is showed in picture ... too good
3/11/2026,App Store,1,Myntra is providing the worst quality of everything with poorest delivery and pickup services. Meesho is far better than Myntra. Better opt for meesho than Myntra
3/10/2026,App Store,5,As a college student most of my wishlist is impulse stuff I saw trending on social media. 
3/10/2026,App Store,4,Need better styling suggestions on how to pair my saved items together for an outfit. Waiting for a bigger sale event before buying anything that isn't urgent for me. 
3/7/2026,Play Store,5,nice way too see product best is quality and matrial maintain very well that helps choose product what I want
3/6/2026,App Store,4,I look closely at customer photos posted on reviews to compare fit across my saved items. 
3/6/2026,App Store,1,Kept it saved for later thinking I'll need it closer to the actual wedding date.
3/4/2026,App Store,5,"i wanted to see and feel the fabric in person first, wasn't confident enough buying online i kept comparing it with newer arrivals and never circled back to the original saved item"
3/4/2026,Play Store,5,great quality product given by myntra
3/3/2026,Play Store,5,"I add expensive items to wishlist just to admire them, not real intent to buy right away. "
3/3/2026,Play Store,5,Wish there was a way to ask friends' opinion directly within the app for my wishlist items. Had doubts about whether the material would look cheap after a couple of washes. 
3/2/2026,App Store,5,I got distracted with other things and simply forgot I had saved it in the first place. 
3/2/2026,App Store,5,"Myntra has a great collection of brands and the app is smooth to use, but there are still a few areas that need improvement. Delivery is usually on time, and the product quality is good, but sometimes return/refund processes take longer than expected.

The UI is user-friendly, and the deals/discounts are attractive, especially during sales. However, the app could improve in terms of customer support responsiveness and better size accuracy in some products.

Overall, a solid shopping app for fashion, but with a little improvement in service and consistency, it could be even better."
3/1/2026,Play Store,1,"I wanted to see and feel the fabric in person first, wasn't confident enough buying online. For festive and wedding shopping I take my wishlist seriously, for everyday basics I honestly forget about it. "
3/1/2026,Play Store,5,best shopping app in online market fast delivery
2/28/2026,Play Store,5,Wish there was a group wishlist option so my whole family can plan festive shopping together. 
2/28/2026,App Store,5,Best
2/28/2026,Play Store,5,Nice quality 👍
2/27/2026,Play Store,5,products are in good quality and delivered in very less time
2/26/2026,App Store,5,need a simple way to note down why i saved an item so i remember later 
2/26/2026,App Store,5,"I didn’t use this app much before because I used to think that it had very expensive clothes. But Myntra has launched so many amazing products at such reasonable prices, and the quality is also so good. Since then, I don’t order anything from any other app. Myntra is the best shopping app for me!"
2/26/2026,Play Store,5,premium quality delevery app
2/25/2026,Play Store,1,Every time delay delivery and delivery agents refuse to deliver order. Customer service just only want feedback they do not care about customer delivery experience
2/25/2026,Play Store,5,"best shoes ever bought , exelent quality"
2/25/2026,Play Store,1,The app uses unfair platform fees which it doesn’t refund even if it sends wrong item. They use dark pattern to add platform fee which they do not refund even if they send wrong item. I had ordered a pair of shoes from Myntra. They send the wrong size which they accepted. They did not have my size and refunded the amount but not the platform fees. I raised the complaint now every few days they call up and accept the refund. Then someone else calls up and talks very rudely and no refund.
2/24/2026,Play Store,5,"Myntra.. shopping through myntra is really a great choice for me n I recommend my friends n family members also, I never got disappointed by myntra where in quality of the products delivery of the product i order n the customer support is also very good quick n got resolved in minutes. i love to do my shopping with myntra, hope ll keepup the same n improve in future with more designs, offers n all . thank you myntra for all the designs you update as quickly as possible 😊 ."
2/23/2026,Play Store,5,affordable and specially good quality clothes and easy returns
2/23/2026,Play Store,1,scam app ordered products from myntra didn't received the product yet marked delivered dont recommend to order from such scam app
2/22/2026,App Store,5,Adding to wishlist helps me remember what I saw across different browsing sessions on different days. 
2/22/2026,Play Store,5,Received the same item & quality as specified.
2/21/2026,Play Store,5,best online shopping app for any quality product 👍
2/21/2026,Reddit,1,"My experience with Myntra has been outright unacceptable. They sent me a clearly used, wear-and-tear defective product. That alone is bad enough — but the return experience was even worse.

The pickup partner’s behaviour was shockingly unprofessional. He called claiming he was at the gate. When I asked him to come to the reception gate (where pickups and deliveries always happen), he agreed. I waited at reception for over 20 minutes. His phone was continuously unreachable. When he finally answered, he bluntly said he was still at the original gate and refused to come to reception, falsely claiming delivery partners are not allowed there — which is completely untrue and contradicts every previous pickup experience.

This is not a one-off incident. It has happened multiple times. The pattern is the same: they call, ignore instructions, disappear, and then mark the pickup as “customer not available.” It feels deliberate and dishonest.

What makes it worse is Myntra’s so-called customer support. There is no proper way to escalate such issues. No real email support. No human assistance. Just an endless loop of bots repeating scripted options that don’t even cover real problems. The “request a callback” option is equally useless — another bot that cannot understand or resolve anything. The result: your money is stuck and you have no channel to be heard.

Service quality has clearly deteriorated. There are plenty of better online shopping platforms and brand websites that actually value customers. Based on repeated poor experiences, I strongly recommend avoiding Myntra altogether."
2/20/2026,App Store,5,"My mother uses wishlist very differently, she saves items and asks the whole family before buying anything. "
2/20/2026,Play Store,5,Great shopping experience.The product quality is always good.App is very easy to use.
2/20/2026,Play Store,5,This app is amazing they have amazing product with good quality.
2/19/2026,Play Store,5,good quality product ever
2/19/2026,Play Store,3,"fabric is not pure cotton ,,rest is good"
2/18/2026,Play Store,1,All the delivery was working till now .I ordered 2 products last month and it was supposed to be delivered on aug 1st and aug 10th almost 17 days delayed...eventhough i raised a complaint nothing
2/17/2026,App Store,5,Very good quality
2/16/2026,Play Store,5,"Trusted app for shopping , genuine brands and on time delivery. Never faced any issue. love shopping from myntra easy interface to use"
2/15/2026,App Store,5,"For me wishlist is more like a mood board, not really a genuine shopping cart most of the time. I check the return window of each item too since fit is always uncertain for me. "
2/15/2026,Play Store,1,customer care of this app doesn't work. you can't even return or exchange products once bought.
2/14/2026,Play Store,5,crazy collections deals and offers they have and the quality of the products is fantastic no doubt!!!!!!!!
2/14/2026,Play Store,5,best app affordable price with best and brand quality thank you myntra❤
2/13/2026,App Store,5,Fitting look fabric are fabulous
2/13/2026,Play Store,5,good premium quality products
2/13/2026,App Store,1,"I am writing this to highlight the deeply unprofessional and deceptive practices I’ve faced with Myntra. I recently ordered a skirt from their platform. While the app incorrectly shows a 'Delivery Failed' status, I have physically received the product.
Because the system falsely records the order as 'failed,' the app has blocked all options for me to initiate a return. When I contacted their customer care, they completely refused to address the issue or enable the return, despite me providing proof of receipt. They seem to be using this 'technical error' as a way to avoid their return policy obligations.
It is unacceptable that the company's internal system errors are being used to punish the customer. I have been left with a product I cannot return, and the support team is completely unresponsive to logic. Avoid using Myntra if you value your time and money—their post-purchase support is non-existent and they will leave you stranded if anything goes wrong. I am now forced to take this up with consumer grievance authorities."
2/12/2026,Play Store,5,Best app for best quality products😍
2/12/2026,Play Store,5,"Myntra is truly a great app! I would never recommend any other app for buying clothes. The quality, variety, and brands on Myntra are simply perfect."
2/12/2026,Play Store,5,"amazing product , good quality , easy return ."
2/12/2026,Play Store,2,"Bad experience due high delivery charges on every order (Rs 23 per order) and Myncash balance not use 100% now they set limit for minimum order ,it is not fair , remove this limit or delivery charges, previous even 10 Myncash balance use by user without difficulty or limit"
2/11/2026,App Store,5,Wish there was a countdown or urgency indicator for limited stock on wishlist items. 
2/11/2026,App Store,1,Myntra delivered empty packet for ordered Bitterlime women grey and coffee brown solid top and skirt. Then on request to guide on how to request product as the parcel was empty. They asked me to upload the image in the exchange section. Then they cancelled the exchange. And said no refund. To top it on call they are mentioning there was no image that was uploaded. Now they deny the refund and even the dress
2/11/2026,Play Store,5,good quality products
2/10/2026,Play Store,5,at myntra quality of clothes are very nice and all things are in good quality. i generally used to order clothes from myntra
2/10/2026,App Store,1,"Ordered a pair of Bata brown women’s boots from Myntra and received a completely different product — an old, dirty, clearly used pair of shoes without proper tags. I immediately raised a return request which was approved, but the pickup agents kept refusing to collect the product because of its condition, even though I received it exactly like that. For days I kept receiving “Out for Pickup” messages followed by “Failed Attempt” updates despite no actual pickup attempt being made. I even contacted the delivery agents directly and they admitted they would not pick up the damaged shoes. Customer care repeatedly assured resolution, gave timelines, reopened issues, and then cancelled the return request due to “internal issues.” What’s worse is that another return request of mine is also getting affected because pickup agents are avoiding my address altogether. I offered to courier the item myself — denied. I asked for a refund first since the issue is entirely on Myntra’s end — denied. Finally, when I asked what happens if the issue remains unresolved again, customer care disconnected my calls multiple times. Absolutely unacceptable experience. Customers should not be forced to keep somebody else’s used product because of failures between Myntra, Ekart, and pickup agents."
2/9/2026,App Store,5,"my mother uses wishlist very differently, she saves items and asks the whole family before buying anything "
2/8/2026,App Store,5,I love doing shopping from Myntra. Staff of all the product is so good and real and luxurious. You can also enjoy Glam clean from here. You can earn from Myntra also by giving review of the product.
2/8/2026,Play Store,5,very bad application delivered wrong product.... shows different nd delivered different.. delivered wrong rakhi... totally different poor quality product..... last purchase from this app.
2/8/2026,Play Store,5,quality products🩷
2/8/2026,Play Store,5,it's nice and has a very fast delivery
2/8/2026,Play Store,1,need to improve the items tracker this app is not providing proper information and delivery time is very very late I had ordered an item from Thane and after 6 days it's not even in Pune This is a very stupid thing a person who is walking can complete this distance in one day but I think so logistic service had keep some donkey or turtles for delivery first logistic is not what they need to give proper information and tracker ID of an item customer service is disaster they had made a useless bot
2/7/2026,App Store,5,"Personally, I always check how to style the item before buying it, saved reels really help with that. "
2/7/2026,App Store,5,Very nice products
2/7/2026,Play Store,5,"Although the parcel was received one day late, it was without any reminder from me. The quality of the product is very good."
2/6/2026,App Store,1,They have closed all the ways to reach customer care agents and you must deal with the AI responses until they feel you are worth it…. What a pathetic downgrade to save money. The worst part is they are paying people to give hyped reviews.
2/5/2026,Play Store,5,"very gud quality dresses , return payment process also very easy and quick,most beautiful dresses,nice collection for both adult and kids,more options, designes most recommended app ,very useful easy to shp , geniune review, excellent collections and brands,jellewery collection also very gud ,skin care ,hair care having more discount, fashion accessories,home needs very thing are gud ,we have more options here to shop everything,must buy 3 picec kurtis , lovable collection, footwear worth for mu"
2/4/2026,Play Store,5,it's good for purchase any product. nice quality
2/3/2026,Play Store,5,"Fashion and Myntra go hand in hand.A perfect app, which gives seamless tech -driven shopping experience. Its trendy designs include both western and ethnic wear.Discounts and offers in every purchase provides a delightful shopping experience. extremely d"
2/3/2026,Play Store,5,good quality
2/2/2026,Play Store,5,"The occasion I wanted it for got cancelled so I no longer needed the item. I have two kinds of items in my wishlist, ones I will definitely buy and ones I just liked looking at. "
2/2/2026,App Store,5,Reviews with actual customer photos convince me far more than just the star rating alone. Wish there was a countdown or urgency indicator for limited stock on wishlist items. 
2/2/2026,App Store,5,"Myntra serve, genuine quality, and exactly same piece with a good amount of discount, love to be a part of a Myntra customer!"
2/1/2026,App Store,1,"I always check how to style the item before buying it, saved reels really help with that. Need better styling suggestions on how to pair my saved items together for an outfit. Sahi hai but improvement chahiye."
2/1/2026,Play Store,5,fast delivery...very good
2/1/2026,Play Store,1,"Myntra's service is very poor now a days. I've been following with the team for three days now for a delivery and they have not responded back nor resolved it. app gives an option to call the delivery agent, when called it asks for a PIN. when entered the pin that showed ok their app, it says incorrect. NONSENSE! VERY DISAPPOINTED MYNTRA"
2/1/2026,Play Store,2,"""The product details on the app specified a 'regular fit,' but I received a 'relaxed fit' in a completely different color. Now, when I try to return this incorrect item, the app is charging me a ₹50 return processing fee. Why am I being penalized with return fees and a non-refundable ₹30 platform fee for a mistake made entirely by your team? Please waive the return fee immediately and arrange a full refund for this wrong delivery."""
1/31/2026,App Store,5,the delivery was smooth
1/31/2026,Play Store,5,"lovev it , acha hai ,quality provide by this app , go for it , bhot achi sarvice hai myntra ki , maza aa gaya"
1/31/2026,Play Store,5,Good quality of products as expected
1/30/2026,App Store,1,They’re literally selling reused stuff like if someone has returned a product they won’t discard it but sell it other customers. Also I ordered a different size product and still they send me smaller size product so annoying.
1/30/2026,Play Store,1,very bad experience worthless delivery agent never deliver the item on time i called them soo many times but they never did anything worst application
1/29/2026,Play Store,5,"My size wasn't available anymore by the time I was ready to purchase. My mother uses wishlist very differently, she saves items and asks the whole family before buying anything. "
1/29/2026,App Store,4,Amazing quality
1/29/2026,App Store,5,Satisfactory
1/28/2026,App Store,1,"i compare cost per wear especially for pricier items like ethnic wear or occasion wear as a student i wishlist a lot because i can't buy immediately, budget is the main constraint for me "
1/27/2026,Play Store,5,it's good app ! worth it and great quality of clothes ! best app !
1/27/2026,Play Store,1,"They sent the wrong product, cancelled the exchange request even on submitting image proofs. Use a chatbot in help but show it as a representative who asks to raise exchange request again and agin. Also, they would charge you 50 rupees to return your item even if it's their mistake, Myntra has fallen to new lows, won't suggest ordering from here."
1/26/2026,App Store,5,"Ratings which I have given is completely for Myntra delivery agents , because today very clearly I had got msg for one of my exchange product as I was at office called agent to check status he said call me by 7 in the evening I had called him n his response was very rude I can also send the recordings , he clearly mentioned go compalin if u want but I can’t deliver today and end of the day by 9 I get undelivered msg . So unprofessional and also he mentioned that according his convenience we have to be at home itseem this is not at all acceptable . When agents say clearly go complaint it shows how well the select person for jobs , they need to respect customers first and rest wud be next please take some action so that it never happens to anyone else  .."
1/25/2026,Play Store,5,better quality in every product
1/25/2026,Play Store,5,best overall for all kind of person & deal compare to Flipkart & Amazon.
1/24/2026,Play Store,1,"myntra is scammer, when u return, they reject, say tag missing, myntra u r going to loose at least 85 customers connected with me ."
1/24/2026,Play Store,5,pretty good offers and quality products.
1/23/2026,Play Store,5,very nice and fast delivery
1/23/2026,Play Store,1,too bad services wrong product delivered but not return.. customer care fake commitment submit...
1/21/2026,App Store,1,I save items when I'm not sure yet and want to think it over before buying. 
1/21/2026,Play Store,1,worst delivery and app also 😡
1/21/2026,Play Store,5,"GOOD AND RELATABLE OFFERS , APPROPRIATE REVIEWS AND SPECIFICS ABOUT THE PRODUCTS, THE ONLY DOWNSIDE IS IT TAKE TOO LONG TO DELIVER , SHOULD BE BETTER IF THE WAITING TIME IS REDUCED."
1/21/2026,Play Store,5,"The delivery was quick and smooth. The delivery person was polite and professional, and my order arrived safely and on time. Overall, I’m very satisfied with the delivery service."
1/21/2026,Play Store,5,clothes are of excellent quality
1/20/2026,Play Store,1,"worst experience, the delivery guy never called me , and the order got cancelled it self , bludy hell😡😡😡"
1/20/2026,Play Store,3,"Payment return options are needed for upgrade,since we need to give all bank details instead of just uid"
1/19/2026,App Store,5,Waiting for a bigger sale event before buying anything that isn't urgent for me. Need better styling suggestions on how to pair my saved items together for an outfit. 
1/19/2026,Play Store,5,very good quality and it's suits in every situation
1/19/2026,Play Store,5,the quality of the product is as good as shown in the image
1/19/2026,Play Store,1,"Worst service Ordered HRX M Size tshirt, it fitted like XXL cannot return or exchange due to their policies now worst service ever"
1/18/2026,App Store,5,"Very nice color, perfect fit for me"
1/17/2026,App Store,5,Wish there was a countdown or urgency indicator for limited stock on wishlist items. Sahi hai but improvement chahiye.
1/17/2026,Play Store,5,my experience with myntra is good .the product quality is excellent and the service is also fantastic.using size chart l placed many orders and i received the correct size . keep continuing services like this . l'm glad to shop with you and I love shopping with you . keep the work same like this . much love
1/17/2026,Play Store,5,best quality and product affordable amount
1/16/2026,Play Store,1,i add multiple similar kurtas to wishlist so i can pick just one later after comparing 
1/16/2026,App Store,1,"As someone who shops occasionally, I barely use wishlist, I just buy directly if I like something. "
1/16/2026,App Store,5,"Sync issue between app and website wishlist, items are different on both. This needs urgent attention. Bilkul bhi accha nahi laga."
1/15/2026,Play Store,5,"Really happy with my purchase from Myntra! The pants are very good quality, and the size fits me perfectly. The material and fitting are great. Definitely happy with my purchase! 💕"
1/15/2026,Play Store,5,best discount and quality
1/14/2026,App Store,5,Good quality
1/14/2026,Play Store,1,their delivery services is pathetic.... delivery boy didn't call and than automatically my order cancelled.... they don't care about customer... I'll file a complaint in consumer court
1/13/2026,Play Store,5,good quality always
1/12/2026,App Store,1,"As a student I wishlist a lot because I can't buy immediately, budget is the main constraint for me. Ekdum mast app hai."
1/12/2026,Play Store,5,quality product
1/11/2026,Play Store,5,As a working professional i buy faster from wishlist since i don't have time to browse again and again 
1/11/2026,Play Store,5,i love myntra ....i have been purchasing from last 7 -8 years ...the materials...quality are top notch ...
1/10/2026,Play Store,1,"I check size guide videos on YouTube specific to the brand since online charts are often unreliable. As someone who shops occasionally, I barely use wishlist, I just buy directly if I like something. "
1/10/2026,Play Store,5,very good fitting & also good meteriald
1/9/2026,Play Store,3,this app is beautiful for shopping regular and occational wear. most of the outfits fit perfectly. Accessories have problems as the size shown in 3 products that I bought was wrong and only one was correct. I returned two dresses as one had the wrong size and the other had size issues as well but the exchange is so far effortless provided you do not loose the tags of the outfit. 3 star is for most of the images not being the same as shown in pictures. solution read product reviews then buy.
1/9/2026,Play Store,5,"⭐⭐⭐⭐⭐ Excellent fragrance! Bella Vita Elite Men has a fresh, premium, and long-lasting scent. It's perfect for daily wear and special occasions. Great value for money, and I've received compliments whenever I wear it. Highly recommended!"
1/8/2026,Play Store,1,for me wishlist is a way to save outfit ideas for a trip i'm planning later this year 
1/8/2026,Play Store,1,Really I am disappointed with the delivery experience always late than the date mentioned all my recent orders were cancelled I had to order again.. 😑
1/8/2026,App Store,5,Once wishlist crosses certain items it stops letting me add more without any warning. Rest of the app is good though. Time hi waste hua mera. ðŸ˜¡
1/8/2026,Play Store,5,scach benifit
1/6/2026,Play Store,5,veryyy good quality product nice 👍🏻
1/4/2026,App Store,5,"I always check how to style the item before buying it, saved reels really help with that. I look at the brand's own Instagram page to see more real life photos of the product. "
1/4/2026,App Store,1,Taking platform fee and other fees and price is high according to cloth material and day to day order quality is degrading
1/3/2026,Play Store,1,"worst customer service and support, I have ordered a product and it was cancelled after unsuccessful delivery after 10 days ordered it again and same issue. when you call the customer service they simply say we have generated a complaint, it will be resolved soon and that never happens."
1/2/2026,Play Store,5,best aap hai. best quality ke product milta hai
1/2/2026,Play Store,5,Great product with fast delivery.
1/2/2026,Play Store,1,"I ordered a black Outzidr maxi dress but received a pink top. I raised a complaint with photos, but Myntra claimed the correct item was sent and rejected it without proof. Despite follow-ups for 10 days I’ve received no response. The item is incorrect and unusable, and I want a return and refund.What is particularly frustrating is that Myntra has provided no evidence whatsoever to support this conclusion. In fact, in their own email, they stated that they couldn't provide any proof. Horrible"
1/1/2026,Play Store,1,"I have ordered the 2 shirts which is 4k cost, they haven't delivered the products. and status changed to delivered. worst experience ever, don't buy products from Myntra, false delivery and no proper solution from Myntra customer care support. This customer care support is very useless and waste. no proper support and Ekart delivery is also worst, I see the reviews for Ekart Domlur hub very negative only 1.4 start rating even though they are delivering the products. how shameful this myntra."
1/1/2026,Play Store,5,orginal and Quality product selling platform. good customer care support.
12/31/2025,Play Store,5,superb quality product in this app.i like so much.
12/29/2025,App Store,5,"I recently purchased the PUMA Majesty shoes, and I’m really impressed with the overall quality and comfort. The design looks stylish and premium, making it perfect for both casual wear and light workouts. The cushioning is excellent and provides good support, even after wearing them for long hours.

The fit is true to size, and the material feels durable and breathable. Grip and stability are also quite good, which adds confidence while walking or running. Overall, it’s a great value for the price, and I’m very satisfied with this purchase. Would definitely recommend it to anyone looking for comfortable and stylish footwear from PUMA."
12/25/2025,Play Store,3,"Absolutely third-class delivery service! One order was falsely marked as delivered, and the delivery agent took my COD payment while I never received the parcel. Another order was prepaid online, but the delivery agent never came, and the status kept showing ""on the way/undelivered."" Horrible experience, poor delivery management, and no accountability. Myntra needs to take strict action against such delivery partners.This has been the worst shopping experience I've had."
12/23/2025,Play Store,1,send low quality clothes at a time of return do not receive call or call you send me do not order anything from myntra
12/20/2025,Play Store,5,"Myntra is one of the best shopping apps for fashion and clothing. The collection is huge, the app is easy to use, and the product quality is generally good. I especially like the variety of brands, offers, and the smooth ordering and delivery experience. Overall, a reliable app for online shopping. Highly recommended! 👍"
12/20/2025,Play Store,1,not good for return no good customer care service
12/20/2025,App Store,5,"Crocs Footwear Review

Crocs is one of the most popular footwear brands known for its comfort, lightweight design, and unique style. Crocs are made from a special material called Croslite, which provides excellent cushioning and support for daily use.

One of the biggest advantages of Crocs is their exceptional comfort. They are very light, easy to wear, and suitable for long hours, making them ideal for casual outings, home use, travel, and even work environments like hospitals and kitchens.

Crocs are also water-resistant and easy to clean, which makes them practical for rainy weather or beach use. The ventilation holes help keep feet cool and dry, reducing sweat and odor.

In terms of style, Crocs may not appeal to everyone due to their distinctive look, but the brand now offers many colors, designs, and modern variations to suit different tastes.

Pros:
	•	Extremely comfortable and lightweight
	•	Durable and long-lasting
	•	Easy to clean and quick-drying
	•	Good grip and foot support

Cons:
	•	Design may not suit formal occasions
	•	Slightly expensive compared to regular slippers

Overall Verdict:
Crocs are an excellent choice for anyone looking for comfort, durability, and everyday practicality. If comfort is your priority, Crocs are definitely worth buying."
12/19/2025,Play Store,1,"⭐ 1/5 Very disappointing experience. I requested an exchange due to a fitting issue, but as I was not available at home during pickup, the exchange was cancelled. Now I’m stuck with the old product despite the fitting issue. Customer care is also not helping—no proper response on call or chat. Very poor service. I won’t be using this app again. I will rate zero"
12/18/2025,Play Store,1,"Myntra claims to provide original products but I am observing from last few shopping experiences that the products are not original here, either they are first copies or defective products which are discarded by their manufacturers. Myntra has now started fraud in terms of return as well, I ordered a pair of animal shaped drop earrings from myntra, I received the product without brand name and of bad quality, I requested for a return, the pickup person refused because the product doesn't match."
12/18/2025,Play Store,1,"Uninstalling the app and never going to use. Worse service and customer support. They delivered a completely wrong item and i requested a return on the same day. I ordered as a gift on a special day and this happened, that is fine. But they never picked and refunded the money. I called customer support, they said they will look into it and now they are telling as per their logs and policy they can't do anything.Then why is the app still showing as the order will be picked? i lost my money & time"
12/18/2025,Play Store,1,very bad experience very very bad pls goes brand website buy .he not delivered.same product and not return . i hope some take legal action against company . myntra and delivery Ekart worst experience boycott
12/17/2025,Play Store,1,"every time my order delivery date approaches, my parcel gets cancelled due to some unspecified response, i am really frustrated now I can't even order my monthly beauty products also if u people can't deliver the order it's better not to accept at the first place. It makes me frustrated every time I get my order cancelled due to myntra own mismanagement."
12/16/2025,Play Store,5,delivery of product is genuine ☺️
12/16/2025,Play Store,5,very good product with quality
12/15/2025,Play Store,5,product quality are always good
12/15/2025,Play Store,1,"very worst shopping app. I ordered one Vega helmet worth 2000 after they providing me coupon 300 , I was like very happy but after order when it comes to delivery they are like showing in app out for delivery but after evening will delivery soon. like 2 or 3 times happen then my automatically cancelled, I was like what the hell first of all why they don't provide delivery person number, at least we can make any enquiries, reason behind this is 300/- coupon that's it"
12/15/2025,Play Store,4,myntra is my favourite and trust worthy online shoping app .so far i have good experience. pictures of products are very clear and discription help to understand about product plus they give good discount
12/15/2025,Play Store,5,Very Good Products And Within Time Delivery
12/15/2025,Play Store,5,"Best online shopping app! Amazing clothing collection, great discounts, and prompt delivery"
12/15/2025,App Store,1,"I ordered 2 items through Myntra from 30 mins MNow which showed me it will express deliver 30 mins but of course it was a lie. The reason i ordered was i am in the hospital and i needed the clothes. I called customer support spoke to Nisha who was nice but she first couldn’t find my order, then later said it was due to technical issue then she said the ordered i placed will be delivered anytime EOD!!!! This is where i lost my mind. EOD is not what your advertising was if it was so there are other apps who deliver way before that and i would have ordered from them. Nisha tried to help me, she said she will escalate and expedite but could not give me a timeframe like if it would take another hour or 2 hours, so basically I have to wait till EOD. I requested for cancellation but of course Nisha couldn’t so i asked her if i can cancel it on my own in the app, she said yes but of course I couldn’t cancel because it was for express delivery. Lately I have been having horrible experience with Myntra it’s like you all don’t care at all. I know losing 1 customer may not effect your business so much but i have been a premier customer for so many years and have given you business, a lot and really expensive ones. This is ridiculous seriously."
12/14/2025,Play Store,1,I ordered a shirt for my husband and product is delivered 1 hours back but stitching is really bad and shirt is bad so I ask for return and they charged me 578 but they are returning only 226 that to after product verification.. this is scam. I will escalate this further. trying to connect to Cc and I am on hold
12/14/2025,Play Store,5,good interface best discount on all things and good quality also
12/14/2025,App Store,1,"Extremely disappointed with Myntra's customer service. I ordered a product worth ₹1,199, but received a damaged/wrong item. After returning it, instead of refunding the amount to my original payment method, Myntra credited it as Myntra Cash without my consent.

I paid a total of ₹1,232 (including platform and delivery charges), and since the mistake was entirely on Myntra's side, I expected a full refund to my bank account. I contacted customer support multiple times, and every time I was told that the issue would be looked into. However, no resolution has been provided.

Now, when I try to contact customer care, I'm forced to speak only with an automated bot. There is no option to connect with a human agent or escalate the complaint. The bot simply repeats the same responses and offers no real support.

This feels extremely unfair and misleading. Customers should not be forced to accept Myntra Cash when the fault lies with the company. If Myntra delivers the wrong or damaged product, the customer deserves a full refund to the original payment method, including all charges paid.

This kind of customer service is unacceptable. Please improve your refund policy and provide access to real customer support instead of trapping customers with automated responses."
12/13/2025,Play Store,5,best quality
12/13/2025,Play Store,5,fast delivery
12/13/2025,Play Store,3,return policy is very bad becouse return krne pr paisa katte hai. hr bar aur missing hone pr paisa bhi pay nhi krte hai baki thik hai.
12/13/2025,App Store,5,"I hv been repeatedly purchasing since the concept of online shopping existed. I used to enjoy my shopping experience.

Lately services at myntra is horrible. I bought a footwear,for some reason return was not allowed, when i had no choice i tried exchange and now its showing same address non servicable. Have raised this issue multiple time but they take their own sweet time and yet no solution. Now the exchange date is over and i m stuck with d item  which is absolutely of no use to me. Money, time energy experience all gone.

Its time to shift to other better store."
12/12/2025,Play Store,1,worst e cart service
12/12/2025,App Store,1,"I have ordered a XL size top based on the size chart provided in the app for each product and i received size XL which is written on the tags but the size is actually of Medium size measurements. I had a word with 3 different executives and also a senior executive and told them this is the issue and even i want to exchange i am not able to because XL is the maximum size i can get. I asked them to atleast provide a return as this is not my mistake that the size chart is updated wrong but they said they cannot do anything. The customer service is not for customer welfare but for simply sitting dumb without knowing proper english also to assist.
Mynta services fallen badly. The worst experience i ever faced since this many years of using mynta and now i will delete this app itself as this is completely looting money with bad services"
12/11/2025,App Store,5,"Myntra is one of the most reliable and enjoyable shopping apps I’ve used. The interface is clean, easy to navigate, and visually appealing. Browsing through categories feels smooth, and the app offers a huge variety of brands and styles for every budget.

The product descriptions and size guides are detailed, which makes it easier to shop confidently. I especially appreciate the quick delivery and the hassle-free return/exchange process—Myntra’s customer service is usually prompt and helpful.

The app also provides great deals, timely notifications, and personalized recommendations that actually make sense. Overall, Myntra is a fantastic app for fashion and lifestyle shopping, and I highly recommend it for anyone looking for a seamless online shopping experience."
12/8/2025,Play Store,5,good product delivery
12/7/2025,Play Store,5,"excellent, mujhe Myntra par buy karke bahut achcha Laga good experience, colour quality delivery abhi tak sab kuchh bahut achcha rha Hai sabhi to isse buy karne chahiye everything is too good but cost bhi shai honi chahiye thaki sabhi is par apni shoping kar sakte ha baby boy y girl ke liye bhi acche acche offer aane chahie thaki buy kar sake"
12/7/2025,Play Store,5,wow super quality
12/5/2025,Play Store,5,the best online app genuine products easy returns and exchange
12/5/2025,Play Store,4,The products are really original and delivery speed is super fast and it wasn't disappointing for customers 😊 . Myntra is so good 👍 thank you 💜.
12/5/2025,App Store,5,"I ordered an expensive diesel brand wrist watch few days ago and when I received the order I found the additional leather strap was missing in the box. When I contacted Myntra’s customer care, I was told that I have to wait until 6th May 2019 only to know what will be the next action from Myntra. I received a message within 6days from Myntra that my product will be returned. However, I only wanted to have the leather strap back which was missing since I wanted to avoid further delay of having the complete product but to my dismay, when I called customer care on 6th I was assured on call that my product will be exchanged.
 I waited till 9th May but I didn’t receive any response hence I called to customer care again on 10th May and spoke to an executive who transferred call to their senior executive named LATHA, I found her to be extremely careless and irresponsible and she also insisted that the product can only be returned and refused to proceed further regarding my complaint and kept asking me if there is any other issue to discuss. I went through a lot of mental agony in this whole process and I request Myntra’s top level management to look into this and help me out."
12/4/2025,Play Store,5,best quality
12/4/2025,Play Store,5,quality is superb
12/4/2025,Play Store,1,worst delivery experience
12/4/2025,Play Store,5,This app rovides best quality fashionable items at affordable prices loved the fabric of clothes
12/3/2025,Play Store,5,"a very useful app for fashion, style and trends"
12/3/2025,App Store,1,"I am extremely disappointed with Myntra’s service. I ordered Ahaglow on 18th November for ₹700, but instead, they sent me Mankind’s Acnestar — a completely different product. Even after requesting an exchange and waiting patiently, they made the same mistake again by sending the wrong item a second time.
It has been over 15 days now, and there’s still no confirmation on my return request. Their customer support has been unhelpful and evasive, with no clear update or resolution. This kind of negligence and lack of accountability from such a major platform is unacceptable. I’ve wasted my money and time because of their repeated errors and poor communication.
If Myntra cannot even ensure the correct product delivery or handle a basic exchange properly, it seriously damages any trust customers might have. I will think twice before ever ordering from them again."
12/2/2025,Play Store,5,supperb asome quality no 1
12/2/2025,App Store,5,"I’ve been using the Myntra app for quite some time now, and overall it’s a very convenient and reliable shopping app for fashion and lifestyle products. The app is easy to navigate, and finding clothes, footwear, or accessories doesn’t take much time. The filters for size, price, brand, and color are very helpful, especially when you know exactly what you’re looking for.

One thing I really like about Myntra is the wide variety of brands and frequent discounts. There are always sales going on, which makes shopping feel worth it. The product images and descriptions are detailed, and customer reviews help a lot in deciding whether to buy a product or not.

Delivery is usually on time, and the packaging is neat. Returns and exchanges are also quite smooth compared to many other apps, which gives confidence while ordering. Sometimes sizes or popular items go out of stock quickly, and during big sales the app can feel a little slow, but these are minor issues.

Overall, Myntra is a great app for online fashion shopping. It’s user-friendly, offers good deals, and provides a hassle-free shopping experience. I would definitely recommend it to anyone who enjoys shopping online for clothes and accessories."
11/30/2025,Play Store,1,worst app maine ek bedsheet order kii thi jo kii mujhe different color kii mili thi 1 week ho gya return request raise kiye 5 baar customer care pe baat kri abhi tak return nhi hua I am highly disappointed ☹️ isse achha flipkart hai wrong product delivered hone pe return ho jaata hai myntra what is this behaviour 😡 I am ur insider member why u are not returning my product
11/30/2025,Play Store,4,The overall service is nice.deliver premium quality product.Return and exchange service is also nice
11/29/2025,Play Store,5,good shoping and best quality for another brand 👌
11/28/2025,Play Store,5,very good give many cupon code
11/28/2025,Play Store,5,good quality
11/26/2025,Play Store,5,Good app and good quality product
11/25/2025,Play Store,5,this aap is better than my expectations i highly recommend to use it for online shopping
11/22/2025,Play Store,1,"Myntra is scam, please don't purchase anything expensive from Myntra. This app has deceived me, wasted my thousands of rupees by delivering some ragged pieces of clothes instead of what i ordered and now not returning my money.."
11/22/2025,App Store,1,"I have ordered pre paid 2 dupatta on 14th April 2022, I got a message that it will be delivered on 17th April and today is 14th May 2022, I have not received the order. Called customer support they say it has been delivered but that’s 100% wrong. Don’t know where he delivered or to whom he gave but I didn’t get it. When I said this the customer support person said I will get a call from supervisor in 24 to 48 hours but nothing yet. When I call again they are putting the call on hold and disconnecting the calls. So far I have called them 5 to 6 times no same problem. No solution yet no response from anyone from the company. Will never order again from this website again and everyone who ever order be cautious about their delivery and worst customer support . On top of this if you give low rating you cannot post review, it ask for nickname and you try hundred of them it says it has taken. No matter you choose any combination."
11/21/2025,Play Store,5,"Why u guys r so rude in ur replies? I jst requested for early delivery because its my bday and u simply say i regret, can't u say we will try our best?"
11/21/2025,App Store,5,"""The fit of this jacket is spot-on! It's not too tight or too loose, allowing for a comfortable range of motion while still looking well-fitted. The material feels high-quality—soft to the touch but sturdy enough to provide warmth. I was pleasantly surprised by how light the jacket feels, making it comfortable to wear for extended periods without feeling weighed down.
The color is a blue, which looks even better in person.
It's versatile enough to match with almost anything, and it gives off a clean, minimalistic vibe. In terms of comfort, the padding keeps you warm without overheating, and the inner lining is smooth, making it easy to wear over different types of clothing. Overall, this jacket strikes a great balance between style, comfort, and functionality."""
11/19/2025,Play Store,4,best app for shopping day to day clothes or sometimes for special occasions as well
11/18/2025,Play Store,1,very bad aap they do not return delivery fee after return very bad meesho is better
11/16/2025,App Store,5,"Myntra is one of the best online shopping platforms I’ve used. The app is easy to navigate, and the variety of brands and styles is impressive. Product quality is consistently good, and the size guides and customer reviews make choosing items simple and reliable. Delivery is usually fast, and orders arrive well-packed. I especially appreciate Myntra’s smooth return and exchange process—quick pickups and fast refunds make shopping completely stress-free. Their frequent sales and discounts offer great value for money, and the overall experience feels convenient and enjoyable. Myntra has become my go-to destination for fashion and everyday essentials."
11/12/2025,Play Store,5,perfect fit and stylish
11/12/2025,Play Store,5,very good experience timely delivery easy returns or exchanges option and many more options for shopping thankyou Myntra
11/12/2025,Play Store,5,Good and quality product.
11/12/2025,App Store,1,"Extremely disappointed with Myntra’s service! 😡

I ordered a product and after several delays, finally received it — damaged. I placed a replacement request which was supposed to be delivered by 5th November, but nothing arrived. After raising a complaint, I was told I’d get it by 11th November. That too passed — and still no product!

Every time I contact support, I get the same robotic replies — “please wait 48 hours” or “you’ll get a call from a senior within 24 hours.” It’s been days — no one has ever called.

The tracking is just ridiculous — my parcel keeps moving from Patna to the destination hub, back to Patna, then to nearby locations, and again back to Patna! It’s been stuck in a never-ending loop!

Despite multiple complaints, there’s no resolution — only endless apologies. When a package travels like this, no wonder it arrives damaged. I even complained about that, but again, no proper action was taken.

Honestly, at this point, it feels buying from a local store is far more reliable than depending on Myntra’s pathetic logistics and customer support. The service quality has dropped badly — it’s all “sorry for the inconvenience” and no real help.

Really disappointed, Myntra. Never expected this kind of poor experience from you. 👎"
11/11/2025,App Store,4,"I'm thrilled to give Myntra a four stars! For anyone looking to stay trendy, this is the go-to fashion app.
What really makes Myntra stand out is the sheer variety of brands. Whether I'm looking for high-street fast fashion or something classic, I find it all here. The app interface is sleek, easy to navigate, and the high-quality product images and detailed descriptions make shopping hassle-free.
But the real game-changer is the convenience: the lightning-fast delivery, and the absolutely seamless returns and exchange policy. It takes the risk out of online shopping.
If you love fashion and value a premium shopping experience, look no further than Myntra. Highly, highly recommended!"
11/10/2025,Play Store,5,It is a purely quality product platform. There are no bad quality products here so don't hesitate for the quality just order and enjoy it. I will definitely recommend it.
11/7/2025,Reddit,1,"There is aHUGE problem with your customer service , first of all whenever there’s a real issue all your representatives go no BUSY . I dont know wht the problem was but i got a product Crocs which was something small than expected soo .. since the return / exchange window was open i tried exchanging the product with a bigger size which was available but apparently your EXCHANGE DELIVERY SERVICE was not available at my address (in Delhi) .. so i tried a different address a completely different state ( j&k) your exchange service wasn’t available . I also had one of my friends address in my account that is of Navi Mumbai , though i wasn’t gonna go there but i checked the address for exchange and it wasn’t available there too
So apparently MYNTRA EXCHANGE SERVICE wasn’t available in 3 states for like 2 days ..
Anyways i sought to my last option to return the product and here also i tried reaching out to customer support but they weren’t available for a whole day i somehow requested a return and by a coincidence i was out of my place for some time and wasn’t available at the time
Now since morning ive been continuously trying thier service to re initiate a return request but no response is yet recieved and today is my last day of return soo im very disappointed from the whole company itself which i waa never before 
Im an insider member and still you’re treating your customers this way soo i can imagine how you’re treating your normal customers 
I hope i get an appropriate response otherwise i would definitely like to take this short story to social media platforms"
11/6/2025,Play Store,5,ohk i think myntra is the best platform for buying clothes or accessories the quality is best 😄
11/6/2025,Play Store,5,best quality product
11/6/2025,App Store,4,"Most of the navigations and functions on the app are good. What I really miss is the ‘Wishlist’ option in the first 4 boxes. Like most of my friends and colleagues, I usually don’t use the ‘insider’ or ‘coupons’ option frequently. Even ‘help centre’ is rarely used. Most of these offers are valid on items that we don’t buy or use. 
But I really miss the ‘Wishlist’ option in the first screen before the break. It should, ideally, be next to the ‘orders’ option as many times you keep the items in your Wishlist and then keep visiting it frequently while placing order. Even after scrolling, it is not highlighted and it become frustrating to look for it. 
In the desktop version, it is nicely placed under the ‘orders’ which according to me is the best placement. 
TY"
11/5/2025,Play Store,5,"greatest app of all time, great discounts & easy delivery."
11/5/2025,Play Store,5,the best app for outfit
11/4/2025,Play Store,1,"I had ordered a midrise Arrow pant which costs 1547 rupees , which was also a prepaid item...but I had received two handkerchiefs of 45 rupees only...I had lodged a complaint , customer care asked me to return the product, and asked to send pictures of the product which I sent them and refund request was initiated ,the process already initiated 48 hrs ago, but customer care was so much reluctant to pay attention into this matter...It's a fraud...So, everyone be careful about myntra."
11/4/2025,Play Store,5,quality is superb 👌 and delivered fast 👌
11/3/2025,Play Store,5,quality products
11/2/2025,Play Store,5,good quality of clothes
11/2/2025,Play Store,5,"it gives fast delivery, I like it!"
11/1/2025,Play Store,5,quality top hai
11/1/2025,Play Store,5,Love to be here for fast and colourful!
10/30/2025,Play Store,5,The quality of the clothes is very good.
10/30/2025,Play Store,5,best quality in minimum price
10/28/2025,Reddit,1,"I placed my paid order weeks ago and still haven’t received it. No tracking updates, no clear answers — just the same copy-paste “sorry for the inconvenience” messages every time. When I call, they tell me to email; and the email agents act like they’ve completely lost their minds — you ask one thing, they reply something totally different, like some untrained or clueless people are handling support.

Even on Instagram, every time a different person replies with the same useless scripted responses. Myntra has become a total joke — only knows how to take money, not how to deliver orders or handle customers properly. Absolutely pathetic and disappointing service.

And now they’ve told me to email some Grievance Officer. I’m doing that — let’s see what they do. I ONLY WANT MY TWO ORDERS; after that I will NEVER order from this lousy app again. I’ll have my account and the accounts of everyone I know deleted.


This has turned out to be complete fraud - these people know how to take money, not deliver orders. I got trapped by placing a paid order because these scammers don’t even offer the Cash on Delivery option anymore. Useless, pathetic company with the most unprofessional and clueless staff ever! The customer care agents are absolutely dumb, the email support is full of idiots, and Myntra’s Instagram page is completely fake and worthless. Worst service ever — nothing but disappointment from this brand!"
10/28/2025,Reddit,1,"I had an extremely disappointing and frustrating experience with Myntra. I placed four prepaid orders, and every single one of them got cancelled — not by me, but by Myntra or their delivery partner.

Here’s exactly what happened: after placing my orders, the delivery partner called me once. I answered immediately and kept saying “hello,” but he didn’t respond at all. Within seconds, before the call even got disconnected, I received a message saying my order had been cancelled due to a technical issue.

When I contacted Myntra customer care, I was on the call for around 44–45 minutes in total. The agent, Vikas, kept me on hold for nearly 20 minutes, and even after that, there was no proper response or resolution. When he transferred the call to a senior executive, that person didn’t even speak. I could literally hear the background voices and people talking, but he stayed completely silent and refused to respond.

This is unprofessional and unacceptable. Myntra claims to deliver orders through “Myntra Now” in 30–40 minutes, but that’s clearly not true. I’ve tried multiple times, and all four of my orders were cancelled without a valid reason.

My time, money, and trust were completely wasted. The customer service experience was the worst I’ve ever had — no accountability, no courtesy, and no respect for the customer.

Myntra seriously needs to fix its delivery system, train its customer care team properly, and start valuing its customers. I am deeply disappointed and have completely lost trust in Myntra.

Worst experience ever. I will never recommend Myntra to anyone."
10/26/2025,Play Store,1,"always making mistakes in every purchase, sometimes putting extra charge at the time of delivery, Maximum time sending wrong items .."
10/26/2025,Play Store,2,latest update in not showing size like before total worst
10/25/2025,Play Store,1,"one of the worst app I have used in my whole life, I mean i ordered two items on 31 july and it's been more than 10 days i haven't received my order , for one item it showing delivery delayed and one item it showing delivery failed, I mean what is this faild? and the best part I'm trying to contact to agent every agen says tricket has been raised your query solve in next 24 hrs it's been more than days...... do something myntra"
10/25/2025,App Store,1,"I’m a frequent Myntra user but lately it’s been such a headache to deal with any issues - deliveries are being delayed, queries are not being resolved and customer care totally unhelpful.
One such incident has compelled me to write this review - firstly the product ordered was delayed by almost three weeks, however I kept my patience. Upon wondering where the product is, I went to my orders in the app and it was marked delivered. Now, I have no product, no communication of it being delivered whatsoever. Since then, I have been raising this concern with Myntra. Raising tickets and whatnot. The bot raised the ticket and kept on closing it. On speaking to customer care, it was marked closed as their delivery partners confirmed that it was delivered. And what about my confirmation? They would re-open my ticket and ask me to
Wait for 48 hours for a resolution. What happens after 48 hours ? - it gets closed because delivery partner said so. So after playing this game 3 -4 times now, I’m left with no
Product, no resolution and only 48 hours wait time. How much more do I have to play this game before it is resolved ?"
10/24/2025,Play Store,5,best quality
10/24/2025,Play Store,5,myntra you take too much extra charges for delivery th
10/24/2025,Play Store,5,excellent service and quality products
10/23/2025,Play Store,5,Completely a scam. I ordered a dhoti kurta set and it was damaged So I wanted to return and they said I used a coupon so the product can't be returned And they don't even give warning while using coupon. Scam alert guys !!
10/23/2025,Play Store,5,best app offers discount
10/23/2025,Play Store,5,"best quality products trusted app, always like every thing, smooth delivery very much like it 👍🏻🤗"
10/22/2025,Play Store,5,best shoping app in india fast delivery and delivery boy well manner
10/21/2025,App Store,5,I love myntra for making my life beautiful
10/21/2025,Play Store,5,good experience myntra fast delivery
10/20/2025,Play Store,5,Great discounts and offers
10/20/2025,Play Store,1,"worst delivery service , the app is good but delivery sucks would rate it zero star"
10/20/2025,App Store,1,You guyz ruined my festival. I ordered one kurta set. It came on 18th but that delivery girl or aunty idk who she was called me i was in class wasn’t able to recieve the call so decided to call her after the class so that i can ask her to deliver at that time or else tomorrow whenever she feels is free. But instead she blocked my number. Have been trying to call her so many times but every time either she cuts or it comes out she’s busy. On 19th another delivery attempt was made and i was calling from morning and she did the same thing cutted the call and comes busy. At around 4 she called with just one ring and cutted immediately. Tf am i supposed to do with that. How am i able to contact her for this suit. Contacted the customer care services thrice and they can’t do anything. Now today is diwali and i needed that suit for today. Thank you myntra for ruining my festival. Will never purchase from you guyz
10/19/2025,App Store,2,"The most recent update on the Myntra app is absolutely pathetic. It’s confusing and lacks the most basic feature available on any retail app called ‘categories’, instead it is now has ‘Fwd’, ‘everyday’ and ‘luxe.’ 
Firstly, I don’t understand why anyone would need that classification and otherwise why don’t we can’t we have them in the categories/filter  section? 

I can’t simply go choose ‘bagpacks’ and browse all options. Instead I need to go search in the ‘search’ tab that takes ages to load and then the app crashes. 

Moreover, Myntra is visually polluted with too many ads and suggestions, more so now than ever. I open the app, see the noise and hate using it. It’s been at least more than a year now that I’ve stopped using the app. The website is still decent to use, but the filters could be better.

In any case, my experience using the app has been bad as of late. Most people know their brands, I don’t see why I’d need this special classification, and even if people need it, please return the categories section and put this in the filters instead. Give people a tour on the app to acquaint them to the features. 

Your buyers are not influencers, they’re normal people. We have busy lives, we don’t have the time to navigate aimlessly through the app."
10/17/2025,Play Store,5,goddess quality
10/17/2025,Play Store,5,packaging achi thii time pe order delivery hui
10/17/2025,App Store,1,"I’m writing this out of complete frustration with the way your customer support has been functioning lately. The service quality seems to be getting worse day by day. My recent order has been delayed far beyond the expected delivery date, and when I tried to cancel it, your app and support team kept saying, “Our team is busy, please try again later.”

This is unacceptable. Myntra is not a small platform — customers trust you with their time and money. But when orders are delayed and even basic support or cancellation options are not working, it feels like you’re taking customers for granted.

Please understand that customers don’t just expect good products; we expect accountability and timely support. I hope you take this seriously and fix the growing issues with your customer service before you lose more loyal customers."
10/17/2025,App Store,1,"I’m really disappointed with Myntra’s customer service. I had ordered a product but received the wrong size, so I requested an exchange. Since then, it has been a complete nightmare. Every time I contacted customer care, they kept saying “your issue has been raised, it will be resolved by today” — but nothing ever happened. They just kept delaying the process day after day.

And now, without any proper update or solution, they have suddenly cancelled my exchange request! This is completely unacceptable. I trusted Myntra for quick and smooth service, but this experience has really changed my opinion. The customer support team gives only scripted replies and no real help.

Such irresponsible handling of customers’ issues shows how careless the platform has become. I hope Myntra seriously improves its service because I’ll think twice before ordering again."
10/16/2025,Play Store,5,Very good app and product is also genuine and fast delivery.
10/16/2025,App Store,1,"I have been a loyal member of myntra an Icon customer but yesterday I received a product which was purchased during sale at a discounted rate... but the product did not fit PS it was mentioned on the product hassle free return and exchange.... I opted for size exchange which myntra did not allow me to proceed only style exchange option was available .... I reached out to support who said that since the price of the product has now increased so size exchange is not possible. My point is why was this not mentioned on the product ..... support just kept repeating one line I apologize and was just concerned about their feedback later on he connected me to his supervisor after keeping me on hold for half an hour and supervisor again came and said the same thing and he resolved my issue without even addressing it ... he said a case manager will contact me withing 24 hours but no one contacted and my issue is also now resolved 
Myntra stop cheating your loyal customers
And please have a better customer support"
10/15/2025,Play Store,5,very good quality of products and fast delivery all what a customer needs
10/15/2025,Play Store,5,every product have so good quality
10/12/2025,Play Store,5,good product & fast delivery
10/12/2025,Play Store,5,"Good fabrics, delivers of time and great customer support.. Availablity of basic brands as well luxury.. very versatile and good ."
10/12/2025,App Store,1,"Since last 2-3 orders in this month, facing a lot of issues. Have been a regular customer, an elite member but it is time to say bye to such a nuisance company. 
Quality of products are not checked. I was sent missing products on non-returnable set of undergarments. That time when raising request and calling them and aending photos, return and regund was done. This time again, another product, a kurta and pyjama set was sent with no brand tag, no tag on the product and when I complained about quality and wanted to returned, I am being harrassed by putting my cancel request on hold several times and cancelling my return request again and again. Extremely pathetic experience lately. Not reliable anymore. STAY AWAY FROM THIS SITE IF DO NOT WANT TO WASTE YOUR TIME AND MONEY. Not shopping from here anymore."
10/12/2025,Reddit,1,"I ordered a T-shirt from Myntra but received a lower instead. When I placed an exchange request and clearly selected the option “Received a different item,” the delivery person refused to take it back, saying they can only exchange if the product matches the original order. He told me to contact customer care.

After I raised a complaint, they said the issue would be resolved soon. Instead, they rejected my request, claiming they had sent the correct product. I complained again and shared clear pictures showing that I received a lower (XL size) instead of a T-shirt. Still, Myntra replied that they had verified the item after “quality check” — which makes no sense since the wrong product was packed in the first place.

When I escalated the issue again, Myntra suddenly blocked my account, preventing me from tracking orders, contacting support, or even getting a callback (since they now only allow contact through the app). It feels like they deliberately silence customers who question their integrity.

After checking their social media pages, I found many people facing the same issue — wrong products, rejected exchanges, and blocked accounts.

I’m deleting this app and will never shop here again. I’ll be using other trusted platforms instead. I’m also glad my brother turned down their offer for SDE-3, at least he won’t be associated with such an unethical company.

Myntra, please fix your broken processes and stop scamming your loyal customers."
10/11/2025,App Store,5,I ordered the suit for Mother’s Day . Thank you so much for the perfect suit the quality is worth the price .
10/10/2025,Play Store,2,"This app is good but Myntra now service is very bogus. Since the morning I have ordered 2 items first order has to cancel due to till afternoon no delivery updates. 2nd order I placed for which also no delivery executives have assigned yet. Additionally there is no direct contact available for customer representatives, we have to complaint through chat boat only so no good response."
10/10/2025,Play Store,5,Love the application.Has trendy outfit option .And smooth UI
10/9/2025,App Store,5,Quick delivery and and accurate products. No lies and no fake products
10/9/2025,Play Store,5,i bought a jumping rope from myntra and its only cost me 100 rupees the quality of it so good I have been using it for over a year it is still in goog condition
10/8/2025,Play Store,5,good quality
10/8/2025,App Store,5,"You23 Jan, 03:27 pm
I am a loyal elite member of Myntra, and I have consistently relied on your services for years without any issues. However, I am now facing a concerning problem. Instead of the METTLE track pant I ordered, I received a used local product disguised as a bubble-tailored salvar. I have always trusted Myntra and appreciated your commitment to customer satisfaction, especially in terms of exchanges and returns. It appears that a third-party delivery person may have intentionally swapped my Myntra order with a substandard item, assuming that no action would be taken. I kindly urge you to address this situation. Its not merely about the money; its about the integrity and reputation that Myntra has built over time. This matter deserves serious attention, and I look forward to receiving the correct product I initially ordered. Thank you for your understanding."
10/6/2025,Play Store,1,prices get increased after adding the product to the wishlist specially for the luxury brands.
10/6/2025,Play Store,5,"⭐⭐⭐⭐⭐ Absolutely amazing shopping experience! The app is easy to use, offers a great collection of products, and delivery is always on time. The quality of the items is excellent, and customer service is very helpful. Highly recommended for fashion shopping!"
10/5/2025,Play Store,4,If I add something in my cart then why has it gone out of stock
10/5/2025,Play Store,1,"I have bought 1 shirt and it was missfit so I asked for exchange. myntra sent 1 person for pick up, they have a tie up with different agency for that, they picked up the product and never delivered back. saying product not picked up. even after showing the camera proof to them they did not gave the money back"
10/4/2025,App Store,1,"Never ever buy if you definitely need the product you ordered. Chances of getting your order cancelled is high with some trivial reason. I ordered a trouser. It didn’t get shipped on time. I contacted the customer support and asked them the status they said the product will reach as mentioned in app. I waited for the order to be delivered. The day prior to the delivery I checked the app and found that my order got cancelled. I contacted customer support and one guy said that it was damaged in transport. I asked him to transfer the call to higher level support. He tried to transfer and put me on hold. After sometime the call got disconnected. I again called and this time the support said the order got canceled because the seller doesn’t have the supply. So there is no clear reason why the order got canceled.
I spent time to select the product. All the time I spent gone waste. Also my money got locked. Think twice if you are doing the purchase for festival. Chances are there you order will get cancelled"
10/3/2025,App Store,1,"Any rating below zero stars 
I placed an order for formal shoes on September 16th, and despite living in this 'AI generation,' the expected delivery wasn't until the 27th—an unacceptable eleven-day wait. I managed my patience only to be met with zero delivery and zero communication on the due date. My attempts to contact customer support were initially stonewalled. After relentless calling, they had the gall to tell me to 'wait 24 hours' because the item was supposedly in a 'nearby warehouse.' They are clearly incompetent, as they cannot even name the warehouse location or provide any information for me to collect the item myself! They instruct me to wait for a delivery they know nothing about every time I call. It has now been an astonishing 20 days with absolutely no resolution or response from Myntra. This isn't poor service—it's outright theft. They have taken my money and failed to deliver the goods. This is unacceptable!"""
10/2/2025,Play Store,1,worst app I have ordered 4 items before 15 days it was not showing delivery date it's showing as delivered delayed for past 10 days don't use this appp
10/1/2025,Play Store,4,best app for fashionholic people on affordable price with great quality and comes with better packaging compare to other fashion apps 🫡
9/28/2025,App Store,1,"I’ve been a loyal customer of myntra for almost a decade. I’ve only been facing issues for the past couple of months. I placed an order with no exchange coupon since I trust Mango products and i don’t have to return it. I received the product without belt and the product was Out of stock to place an exchange. I waited until a few days before the exchange deadline to see if the product is back in stock. Since it was not I contacted customer care to place the return request and they are telling me I should have contacted them sooner and it is against their policy to accept the return though I have 4 days left to return it. This is just one issue. I’m been having multiple issues with delivery, return pickup, package missing. I’m an icon customer and I’ve decided not to get anything from myntra any longer."
9/26/2025,App Store,1,"Myntra is a disappointing app. I recently ordered a shirt from them, but it arrived with stains on it. I immediately raised a complaint and initiated a return. When the delivery agent came to pick it up, he initially took the shirt, but shortly after, he returned and said that the shirt had stains and he didn’t have the approval to pick it up. He said he was cancelling the pickup and handed the shirt back to my mother, who wasn’t aware of the situation. He also took the invoice and left.
When I contacted Myntra customer care again, they apologized and said I had already mentioned the issue, and that this should not have happened. They initiated another pickup request, but it got canceled again a short while later.
This entire experience has been frustrating. I would advise others not to purchase anything from Myntra"
9/24/2025,Play Store,5,very affordable and best quality product
9/24/2025,App Store,1,"I ordered bangles from the Myntra website, but I cancelled the order due to an incorrect size and requested a refund. However, the refund has not yet been credited to my bank account. I have contacted the Myntra Help Center about this issue 3 to 4 times, but they simply keep telling me that the refund will arrive and to wait. Furthermore, they mark the issue as ""resolved"" even though I have not actually received the refund yet. It has been a very poor experience.
Is this all the customer is supposed to do all day—keep talking to Customer Care and asking for a refund? Myntra has provided extremely poor service regarding refunds. It is incredibly frustrating. I certainly did not expect this from the Myntra website. Now, after speaking with the Help Center, he told me to wait until the 13th. Am I just supposed to keep waiting indefinitely? I want my refund today."
9/21/2025,Play Store,5,"Good experience with Myntra, all time, easy purchasing and return"
9/20/2025,App Store,5,I like this with fitting and quality
9/20/2025,Play Store,5,in time delivery
9/19/2025,Play Store,1,"ordered jeans, requested return because of a fitting issue, the delivery guy told me that the loop tag number is mismatched and I should call the customer support and take the approval. When I called the customer support she put me on hold for 8 mins and no one assisted me, I had to disconnect the call out of frustration. this was not expected from myntra."
9/19/2025,Play Store,5,"Yes, it's really good; I enjoy shopping there. It's just that sometimes I can't find the extra-small size."
9/18/2025,App Store,1,"Worst experience with Myntra! I ordered two shirts from Roadster, but received only one item, and that too a wrong product – a kurta from Anouk. In the app, it is showing that both products have been delivered, which is false. The next day, the delivery boy came and said that in his app, it is showing two products for pickup, but since I received only one, he could take back only one item. He also mentioned that if I return just one item, I will get a refund for only one, which is totally unfair. I have been trying to contact customer care since the 15th, but there is no proper support. No executive has called me back, and my issue is still unresolved. This is highly disappointing. I want a refund for both items immediately. Myntra’s service and response are the worst I have experienced – no help, no solution, no responsibility."
9/17/2025,Play Store,5,best app where you can get quality product and also at cheap rate compare to other platforms
9/17/2025,App Store,1,I had order t shirt and the very next day it marked as fake attempt I tried to reach support regarding the issue but the support team is very pathetic firstly it is very frustrating to contact support team due the repeated AI calls I didn’t receive a single response where I can contact support team neither from chat further again next to next day it again marked as delivered failed due to I didn’t receive any call without any call from the delivery agent so regarding this issue after many calls and chats with AI I got the chance to connect support team when I repeatedly ask the agent to connect with the supervisor named Abid he connect to me a so called supervisor who abruptly sent messages regarding closing the chat without any intimation and went offline while I was still writing I waited for him to connect again he just went out my issue wasn’t resolved this pathetic service I wasn’t expecting this I want to complaint against this service team supervisor
9/16/2025,Play Store,1,bahut bekar services Hai Inki Express delivery to bilkul Bhi Nahin Hai dikhate Hain bus Express delivery lekin delivery Wale Ka Koi Na contact number Dete Hain Na Kuchh
9/16/2025,App Store,1,"Myntra service quality has been consistently declining, especially in the past few months. What used to be a reliable and convenient platform has now become a frustrating experience for regular shoppers. Orders frequently get delayed without any clear communication or updated delivery timelines. In some cases, the expected delivery date is completely missing, leaving customers in the dark.
Worse still, the platform has developed a troubling pattern of sending incorrect or poor-quality items. There have been instances where customers order premium products, only to receive cheaper substitutes — sometimes without original tags, raising serious concerns about authenticity and quality control. It almost feels like the original branded product is retained in their warehouse, and a lower-grade item is shipped instead.
This not only undermines trust but also reflects poorly on Myntra’s handling of inventory and commitment to customer satisfaction. The return and refund process isn’t always smooth either, adding another layer of inconvenience. If you have plenty of time and patience, you might be able to navigate through these issues — but for most people, shopping on Myntra has gone from hassle-free to highly unreliable.
It’s disappointing to see a once-dependable platform fall short on the basics: timely delivery, product accuracy, and transparent communication."
9/15/2025,Play Store,5,i am very happy. The quality of the product is so good 👍
9/15/2025,App Store,1,"Very disappointed with the End of season Sale on Myntra. When I wanted to order certain products during the sale at discounted prices, Myntra showed that they could not be delivered to my address. However, now that the sale is over and the prices have increased, the exact same products are suddenly available for delivery to my location.
This feels unfair and misleading. If a product can be delivered to my address now, why was it unavailable during the sale? It gives the impression that delivery restrictions were applied only when the products were offered at lower prices.
Customers expect transparency and fair treatment during sales events. Myntra should clarify why this happens and ensure that all customers have equal access to sale offers. The End of Season Sale was disappointing because of this experience."
9/15/2025,App Store,5,"So my account was logged out and I put my number and I dint get the Otp, so I tried to login with my password but still it dint take and it states I cannot login and my account as been deactivated for security reasons, I called customer service more than 10 times till date and I sent an email as well, OMG these people I dono how stupid they are they could not resolve a simple problem! I have explained them that I have purchased products and I need to exchange but I got to hear only saying please wait for follow up date and when that date arrives, I get only message stating issue resolved but there is no resolution nothing and I’m still unable to login to my account how pathetic that is!! Worst app ever I would not even recommend anyone to shop from a stupid app like this!"
9/14/2025,App Store,1,"Myntra Cancelled the Wrong Order – Completely Irresponsible Service
My recent experience with Myntra was extremely disappointing. I placed an order on 8th September that was facing serious delivery issues, and when I requested customer care to cancel it, they cancelled a separate order I placed on 12th September instead—just because both products had the same name.
The real issue was with the 8th September order, which had shipping delays and never arrived. Instead of fixing the problem, support cancelled the wrong order and then claimed it was due to “delivery circumstances,” which is simply untrue and misleading.
This kind of irresponsible handling, not listening to the actual complaint, and cancelling based on product name instead of order date, shows a complete lack of care for customers. The app, chat, and helpline all added to the confusion by looping me back to cancel in the app—a process that never worked.
If you value accuracy and real customer support, avoid Myntra. They do not resolve the real issue and show no responsibility when handling customer requests.
This version specifically emphasizes that the reason for the complaint concerns your 8th September order, clarifies that customer care cancelled the wrong order, and addresses the lacking and misleading support provided"
9/14/2025,App Store,5,"I'm very disappointed with the service for my recent order. My suitcase was supposed to arrive by Saturday, September 13th, but it's now delayed with no new delivery date provided.
The tracking information simply says, ""Sorry, delivery of your order is delayed. We will try to deliver your order as soon as possible,"" which is not helpful. This lack of communication and clear updates is unacceptable, especially after the item was already shipped. I was expecting this order to arrive on time and now my plans are disrupted. This is a very poor customer experience."
9/13/2025,App Store,1,"I recently had a disappointing experience with Myntra. I had added Adidas SL72 shoes (size 8) to my wishlist, where the price was clearly showing as ₹5,499. But the moment I tried adding them to my cart, the price jumped to ₹6,999.

I called customer care to clarify, and they asked me to send screenshots over email and told me it would take 24 hours to review. When I asked if I could still purchase the product at the wishlist price of ₹5,499, the response was “No, it depends on the current product price at the time of purchase.”

This makes no sense — if the app shows a lower price in the wishlist, why can’t customers buy it at that rate? There’s no proper resolution offered, which leaves customers frustrated and confused. Myntra should fix this glitch or at least honor the price shown in the wishlist."
9/12/2025,Play Store,5,good offers super fast delivery service
9/12/2025,Play Store,5,very fast delivery 🚚
9/11/2025,Play Store,5,gives good discount and loyal
9/11/2025,Play Store,1,"Lately it's been a very disappointing experience with myntra delivery n the return pick up handled by Ekart. The delivery guy wants us to act according to his convenience. Being adamant to deliver or pick up the product. it's been 3 days I am facing the issue. In spite of multiple calls, there has been no response to my issue. Tried talking to the supervisor, but in vain. No action taken, finally i gave up n cancelled the product. But wat to do for the return pick up?? No clue whom to contact."
9/11/2025,App Store,5,"I've been using Myntra for a while now, and overall, my experience has been positive. The app interface is smooth and easy to navigate, with a wide variety of brands and products to choose from. The product quality has generally been good, though occasionally, I’ve received items that didn’t match the expectations based on pictures.

Delivery is fast, and the return process is seamless, which I appreciate. However, I would love to see more consistency in the product descriptions and sizing details.

Overall, Myntra is my go-to app for fashion shopping, but a little more attention to detail could make it even better!"
9/10/2025,Play Store,5,good quality all the products
9/8/2025,Play Store,5,nice app fastest delivery I'm impressed
9/8/2025,Play Store,5,very nice shopping app delivery is really good product is good and on genuine price
9/7/2025,Play Store,1,don't buy anything from Myntra because u r not sure the product will be return or not....it is taking too many days to return or deliver the product..... totally unsatisfied with the app...It is happening with me 3 rd time
9/7/2025,Play Store,1,poor name for a delivery app I ordered two things both of them took 2 months for delivery and they finally got cancelled from their end
9/7/2025,Reddit,1,"The delivery agent assigned to my order was extremely rude and uncooperative. He was purposely roaming near my home, saying things like “I’ll come after 5” or “I’ll come later,” instead of delivering the package. When I raised an issue with Myntra, they only said they raised a complaint but no action was taken.

For my next order, the same delivery agent was assigned again. This time also, he was very rude. First he said he was at XYZ location, and when we told him to come to our location, he cut the call. After half an hour, he called again and asked us to come to ABC location. When we told him clearly that he needs to come to our address, he again hung up. When we called back to request him to at least listen properly, he started arguing rudely saying, “I know your location, I’ll call you when I come there,” and cut the call again.

I raised the issue again with customer support, but the executive named “Tanu” only repeated that a complaint has been raised. When I asked about the status of my previous complaint, she simply said, “How can I help you further.” When I told her she is not solving my issue and only repeating the same script, she muted the call for a while and then again said the same line. When I asked her to take her own complaint and her full name, she muted the call again and finally disconnected.

This clearly shows Myntra does not take customer issues seriously. Complaints are raised but no action is taken, the same problematic delivery agent is reassigned, and support executives simply repeat a script instead of resolving problems."
9/7/2025,Reddit,1,"Edit- Myntra has gone from bad to worse. In last few months, every time I have made an order containing several items, one or more than one item came out wrong or incorrect size or in some cases - one piece missing.
Hassle starts after that as it is impossible to connect to someone. Myntra app will redirect your query to bot which will be done with you as soon as you started. Even mails will not be responded to. And if they did, they will reject your claim and say that they had sent the right product. Save your hard earned money. Stay away. 
 
Two recent incidents have made me write this review and make other people aware. In recent months, Myntra has started a concept of seal tag with some of its premium products and that seal tag has to remain intact in case a customer wants to exchange or return a product. However, at two instances, I received a product without any seal tag intact (while the app shows that there was a seal tag attached). I raised the complaint and tried to explain that there was no seal tag and only brand and price tag attached but no one listens or understand. And then they reject the return citing lack of seal tag which leaves you with a product which either you don’t like or which doesn’t fit you well. And a complete waste of money. Myntra’s app and customer care are also too much AI dependent which makes it hard to explain the issue.
In conclusion, do not use Myntra."
9/6/2025,Play Store,1,"Overpriced & No Return Very disappointing experience with Myntra. The product has an MRP of only ₹2,899, but I paid ₹700+ more than the MRP. On top of that, there is no return or exchange option available for this product. Customers should be clearly informed about such pricing and return restrictions before purchasing. Definitely not a satisfactory experience"
9/6/2025,Play Store,5,"Hello Myntra Support Team, My Myntra account has been deactivated due to security reasons. I believe this may have happened by mistake. I am the genuine owner of this account and I am ready to complete any verification required to confirm my identity. Please review my account and reactivate it as soon as possible. I would also appreciate it if you could let me know the exact reason for the deactivation and what steps I need to follow to regain access to account."
9/6/2025,Play Store,5,amazing only original quality products
9/6/2025,Play Store,1,"Worst app, ordered Skechers sandals and received same in crocs cover, review rejected in app worst support"
9/6/2025,App Store,1,"I think there is nothing good about this useless company. Myntra. Whenever I have ordered I have never been satisfied with the quality. Recently, I purchased a cloth which was of bad quality so I wanted to return. While returning the return was rejected because there was no tag. The product did not have any tag when I received it.  The worst thing is there is no customer support. There is no way that could be used to escalate this problem. Whenever any useless company spends a hell lot on hiring celebrities but forgets to have a customer support team to handle their useless service then you get to know that the company is really on a downward spiral. 


Myntra team, please reach out to me to solve my query. People can go to Mars but getting support from your company is more difficult"
9/5/2025,App Store,1,"I'm extremely disappointed with my recent experience with Myntra. I purchased a product on August 14, which was delivered on August 19. However, when I tried to return it, I encountered endless issues.

*The Return Process: A Never-Ending Cycle*

Despite multiple attempts to initiate the return, I've been met with silence. No updates, no communication, just empty promises. The ""Call Me Now"" feature is a joke - executives put calls on hold for 15-20 minutes, only to disconnect without resolving anything. The excuse? ""Technical issues"" preventing them from viewing my return request.

*Customer Care: More Like Time-Pass*

It's frustrating to pay platform fees for each product when the customer care is clearly not focused on solving issues. As a customer, I expect better service, especially when it comes to returns and refunds. Myntra's lackluster support has left a sour taste.

*Key Issues:*

- *Inefficient Return Process*: No updates or communication
- *Unhelpful Customer Care*: Calls on hold, technical excuses, and disconnections
- *Lack of Transparency*: No clear information on return status or refund timeline

*Advice to Others:* Think twice before purchasing from Myntra, especially if you're concerned about returns or customer support. Until they revamp their service, I'd recommend exploring alternative options ¹ ²."
9/4/2025,Play Store,5,I just love myntra bcoz it always gives a product of good quality
9/3/2025,Play Store,4,quality material and stylish design
9/3/2025,Play Store,5,Best hai original colour aur kapde aaye hai
9/3/2025,App Store,1,"Recently I ordered 7-9cloths from myntra and few items were attempted to deliver on 1st september but was not completed as I was not able to pick the delivery boy’s call. But it was suppose to reattempt the next day and I called him multiple times since morning but he didn’t pick up the call. At around 8pm called him and he picked up and said today it was not possible will be delivering it tomorrow and after 30-40min I receive msg saying 2nd attempt of delivery was tried and was not delivered as I rejected these items at doorstep, very conveniently the guy didn’t attempt the delivery and marked it as I rejected. And the customer support asked me to place order again but when I told her( Payal) that the prices are raised now and there is issue with size availability, she didn’t help me with any kind of solution. 

Really need to think if I need to use their services for online shopping. 
Other delivery is also didn’t happen today which was suppose to take place today."
9/3/2025,App Store,1,"I ordered last month a kurta suit set from Myntra for my MiL and due to size issue I exchanged with the size she wants but after delivery they sent it without dupatta so I orders again so that I can gift her but my experience was very disappointing they sent me different product with same brand with different colour I exchanged with complaint in help center  again so that I can get what I ordered but again they sent with different colour then I checked the price for that different product price was lesser almost half. Is this we are trusting on Myntra again I exchanged with complain of the wrong product then also delivered differed product every time this happens 4 times….which is really pathetic. They hide all complaints raised by me even help Center is not working for me sometimes is this we are expecting from any online shopping platform…no right. My issue is still in their queue, every time customer support team said ye we understand we are very sorry about it will resolve in 48 hours but this is not resolved from past month.  I use Myntra from couple of years but after this pathetic bad service I request you all don’t buy anything with ‘tis app as they are just making money with every order and delivery from past few months they doesn’t care about your emotion, money and loyalty of customers."
9/1/2025,Play Store,5,good quality of cloths and everything
8/30/2025,Play Store,5,"I am happy with myntra shopping ..the . dresses 👗 and other makeup kits accessary are too good 👍🏿..kids items are also very nice and my daughter feels very happy... shoes, bally, sleepers are good... the colour and size are perfect .. all the things they showed are same delivered 😍 I am glad ... myntra but my one item is missing.. and I completed it but .. they ignored.. it's not good.. so my experience with this is mixed feelings .. some times good and some time uuuuuffffff shhhhhhaaaaa ..."
8/29/2025,Play Store,5,All products are legit and best quality
8/29/2025,Play Store,1,"Terrible customer and delivery service, the sellers are sending wrong dress items and the chat support , the people are literally incompetent to answer the basic questions or even assistance. Ai chat and call both the not at all helpful. the customer service is not at all helpful when just keeping repeating the same sentence without even understanding the concern."
8/29/2025,App Store,1,"I am extremely frustrated and disappointed with Myntra. I ordered a Men’s Bracelet from their app, but what they delivered was a completely different product — something I never ordered! To make things worse, when I tried to return it, Myntra shamelessly rejected my request saying, “The product doesn’t match the image in the app.”

Excuse me? If the delivered product doesn’t match the app image, isn’t that Myntra’s fault in the first place? Why should customers suffer for their mistake? Why deliver the wrong product and then refuse to take responsibility?

This shows a clear lack of quality control and zero customer respect. Myntra used to be a trusted platform, but now it seems they are just fooling customers and looting hard-earned money by sending wrong items and then hiding behind return policies.

Shame on Myntra! 😡

You deliver the wrong product.
You refuse to take it back.
You waste customers’ time, energy, and money.
If this is how Myntra is going to operate now, it’s better to boycott Myntra completely. There are plenty of other platforms with better service, genuine products, and transparent policies. I will make sure to never order from Myntra again and will warn everyone in my circle to stay away."
8/28/2025,Play Store,1,"Extremely disappointing experience with Myntra. My order was delayed from 20 June to 22 June, then repeatedly postponed with 24/48-hour promises. The delivery was falsely marked as failed because I was ""not reachable,"" despite receiving no call. The Escalation Desk then asked me to wait 3 more days, but my order was cancelled without my consent. I was even told that I had requested the cancellation, which is completely false. Very poor customer service and zero accountability."
8/27/2025,Play Store,5,Super quick delivery & quality of products are good 😊
8/27/2025,Play Store,5,The Best Online Shopping App I ever Saw Best in Quality And Reasonable Price And Easy Exchange And Returns.
8/27/2025,Play Store,5,best quality products
8/24/2025,Play Store,5,"best experience shopping in myntra.. will surely continue with the more shopping..best fabric, same as shown as picture..people must buy from myntra ."
8/24/2025,Play Store,1,very poor delivery service. my order is delayed for 3 weeks then it comes to me.
8/24/2025,Reddit,1,"I am really disappointed with the Myntra app. My account has been deactivated for almost a year, and despite repeatedly complaining, it has still not been reactivated. The reason given was “Clauses 4 and 13 of the Terms of Use,” but even after providing my explanation, there has been no resolution.
	1.	No Violation from My Side – I have always made timely payments for my purchases. I have never engaged in fraudulent activity, sold products, or shared harmful/illegal content. I have only used Myntra as a genuine buyer.
	2.	Lack of Transparency – The termination notice only referred to Clauses 4 and 13 without explaining the specific reason or providing any evidence. This is not a fair justification for suspending a loyal customer’s account.
	3.	Order & Payment History – I have consistently paid for my purchases. Many times, I didn’t even return defective products just out of convenience. This shows I have never misused the service.
	4.	Violation of Consumer Rights – Under the Consumer Protection Act, 2019, customers are entitled to fairness, transparency, and protection against arbitrary denial of service. Terminating my account without valid reasoning is an unfair trade practice.

To make matters worse, customer service is extremely unhelpful. They only send emails with no clear solution and once even called me just to say, “You haven’t been using the app for a long time.” That doesn’t make sense since they deactivated my account in the first place.

Myntra may be a good shopping app, but the customer service is very poor. You have forever lost a loyal customer."
8/23/2025,Play Store,1,"Products are of avg quality and they didn't even replace shoes which was not fitting well, saying I have used it. The policies need improvement. Thanks for now, uninstalling the app for now."
8/22/2025,Play Store,5,"“Excellent quality and performance. The shocks provide smooth damping, good stability, and noticeably better ride comfort. Strong build quality and good value for money. Highly recommended"
8/20/2025,Play Store,1,"My experience with Myntra has been really disappointing. Whenever I order a product, the quality is very poor. Myntra never seems to deliver good quality products, even after charging high price Every time I buy something I end up having to return it. I feel really bad about this, and now I have decided that I will never shop from Myntra again"
8/18/2025,Reddit,1,"Hello I’m saumya Singh  . 
I am having a lot of trouble with a product.
I had ordered shoes. The shoes I received are used. I complained to refund the order but I did not receive any reply.
This is wrong. You are giving wrong things to people. If you complain, there is no response.
There is no response from your help center either. I am trying to get help daily.. now I am not getting any response even tomorrow. 
It's okay, you people are troubling me. It is your fault that you are selling the wrong product 
On top of that you are saying that you have sold the right product... you are lying to the truth.
do this take it do it yourself. 
You guys should do it yourself . You people are harassing the customs and are not even admitting your mistake . 
Firstly, I have given you complete  used shoes..
.
go retune your order . 
You have crossed all limits.. I complain daily and they tell me to wait for 3-4 days. 
I have had enough of you people: half a month has passed..
Straight talk: Will you give me a refund or not… if not, I will complain, I am fed up . You people are harassing the customs and are not even admitting your mistake . 
Firstly, I have given you complete  used shoes..
.
go retune your order . 
You have crossed all limits.. I complain daily and they tell me to wait for 3-4 days. 
I have had enough of you people: half a month has passed..
Straight talk: Will you give me a refund or not… if not, I will complain, I am fed up"
8/17/2025,App Store,5,"I recently purchased a premium branded pair of jeans from Myntra, but the fit wasn’t exactly right for me. What truly impressed me was how smooth and convenient the exchange process was. I was able to exchange the product multiple times and select a better option without the hassle of waiting for refunds and placing fresh orders each time. Myntra’s style exchange system is thoughtfully designed, efficient, and very customer-friendly. It makes upgrading your choice effortless and saves both time and inconvenience. Overall, it was a seamless and satisfying shopping experience."
8/17/2025,App Store,2,"I am extremely disappointed with my recent experience with your platform. I had placed an order which was supposed to be delivered within a reasonable timeframe, but even after waiting for almost 15 days, the order had still not arrived. Due to this unacceptable delay, I had no choice but to cancel it.

This level of service is far below what I expect from a reputed platform like Myntra. Timely delivery is a basic expectation, and your failure to meet it has led to a complete loss of trust.

I have decided not to use Myntra for any future purchases and will be sharing my experience with others as well. I sincerely hope you take customer feedback seriously and work on improving your logistics and communication."
8/14/2025,Play Store,5,"genuine products, easy returns"
8/14/2025,Reddit,1,"The worst online shopping experience I have ever had.

I placed an order for 3 products on Myntra. Only 2 products were actually delivered, yet the app shows that all 3 products were delivered.

To make matters worse, one of the 2 products I received was completely wrong. So I had one product missing and another product incorrectly delivered. The value of both products is approximately ₹2,500 each, meaning I am effectively facing a loss of around ₹5,000.

I raised complaints for both issues, expecting a basic resolution: a refund for the product I never received and a return/refund or exchange for the wrong product that was delivered. Instead, Myntra simply repeated that they had “checked everything from their end” and that their investigation was complete. They essentially refused to take responsibility and closed the matter.

The worst part is that Myntra’s investigation seems to be based entirely on their own internal records, while the customer is simply expected to accept the loss. I received the wrong product, one product was never delivered, and Myntra’s solution was basically: “We have checked from our end, so there is nothing more we can do.”

This is completely unacceptable. I trusted Myntra and ended up potentially losing ₹5,000 because of their delivery/fulfilment failure, while their customer support refused to provide any meaningful resolution.

I have been a customer of Myntra, but after this experience, I will never shop from Myntra again. There are plenty of other platforms available. If Myntra can simply deny a genuine complaint and leave a customer to bear a ₹5,000 loss, then there is absolutely no reason to trust this platform."
8/14/2025,App Store,5,"Myntra has completely transformed my online shopping experience! The app is beautifully designed, super easy to navigate, and offers an amazing variety of clothing, footwear, accessories, and more. I love how the search filters make it simple to find exactly what I’m looking for—whether it’s a specific brand, size, or style.

The product images and detailed descriptions are very accurate, and I’ve always received exactly what I ordered. Delivery is quick, and the packaging is neat and secure. I especially appreciate features like “Try & Buy”, seasonal sales, and personalized recommendations that make shopping even more fun.

Customer service has been prompt and helpful whenever I’ve needed assistance, and the return process is smooth and hassle-free. With Myntra, I feel confident about getting genuine, high-quality products at the best prices."
8/13/2025,Play Store,5,fantastic app and quality wise very good
8/13/2025,Play Store,5,I have almost stopped buying clothes offlline since last 6-7 years. Myntra has nice collection and prices are nearly always lower than offline for same item. No questions asked return and exchange is the biggest reason for me to move away from offline
8/12/2025,Play Store,2,very late delivery on every order 😞
8/12/2025,Play Store,5,fully satisfied on quality of the product
8/11/2025,Play Store,5,one of the best fashionable delivery app out there I ordered something on 11 aug the expected delivery date is 18 but I just received my order on 13 what an absolute service and the item and clothes quality are unmatchable here u can find all varieties of clothes damnn it's an absolute service hats off to you MYNTRA ❤️
8/10/2025,App Store,1,"On Myntra, in my first order, I bought a product in a quantity of 2. The fitting wasn’t correct, so when they delivered it, they gave both items together in one package. But in the return option, it showed separately for each item. I returned only one item first, expecting them to check and refund the amount. I packed it the same way they delivered, in a single package, and returned it. They refunded me for only one item, not the other. So I placed another return request for the second item, and at that time I informed the delivery boy that I had already given both items together in the same package. But I didn’t get any information about the refund for the second item from them, and because of this, I have faced a loss of ₹634. I have never faced such an issue with any other online shopping platform before."
8/9/2025,App Store,1,"As i have mentioned good feedback earlier but due to facing so many challenges regarding product quality and delivery services I am now frustrated at a boiling point they are not able to handle delivery agent they are
 Misbehaving with customers I have been mentioning this since 8 months  still no solution has been given if you ordered something you have to go the street other wise delivery agent will cancel order without informing you I am facing this challenges since 8 months the delivery boy is worst person unprofessional illiterate he is giving me order and misbehaving am have been complaining this since but Myntra team is not working they are actually not able to work on this I don’t  why??????? In future it’s good to do not shop with Myntra because customer care will not listen you they are writing you complaints and after you call drop they are throw into dustbin this is happening from 8 month…….if I will write each and every issue the feedback section will full so I am quitting this here and i would say at last it is worthless to trust on customer care executive about your complaints to be action ……..disappointed from customer care exicutive."
8/8/2025,Play Store,4,have a best quality of everything and also delivery is so good
8/8/2025,Play Store,5,this app very best quality ptoduct.
8/7/2025,Play Store,5,product is excellent but width of dupatta is not accurate...but fabric and colour is perfect
8/7/2025,Play Store,5,very nice app and good quality on this app
8/5/2025,Play Store,5,best and quality products available in this app
8/5/2025,Play Store,1,the entire myntra is a fraud they are just confirming the order and canceling the order without any intimation and give 10% discount to hell with your discounts
8/5/2025,Play Store,1,Faltu Shopping Aap Hai Jo Product Pasand Aayega Woh Tumhare Pincode par Dilevery Nahi Dikhayega Or Jo Nahi Chahiye Woh Tumhare Pincode par Dilevery ho jayega Customer Ko Pagal Banaye hai ye Shopping Apps 👿👿👿
8/4/2025,Play Store,4,very good app easy returns and services
8/3/2025,Play Store,1,"fraud !!!! Worst delivery experience ever! I ordered my Timex chronograph watch from Myntra on 3 August, and the promised delivery date was 5 August. Today is 14 August, and I’m still waiting for my order! If you cannot deliver on the promised date, at least provide a clear and honest update instead of making customers wait endlessly. Very disappointed with Myntra. Absolutely unacceptable service. I expected much better from such a big platform"
8/2/2025,App Store,3,Good fabric and relaxed fit felt good but at the bottom of the pant i could see some scratches and little toren
8/1/2025,Play Store,5,such a quality product and quality experience with myntra
8/1/2025,App Store,5,"User-Friendly Interface:
Many users find the app easy to navigate and appreciate the intuitive design. 
Wide Selection:
Myntra boasts a vast collection of fashion and lifestyle products, with a variety of brands and styles. 
Personalized Recommendations:
The app's ability to suggest items based on user preferences is a well-liked feature. 
Fast Returns (sometimes):
Some users have reported positive experiences with Myntra's return process, with quick refunds and courier pick-ups. 
Secure Payments:
Myntra offers secure payment and EMI options, making it easy to purchase items. 
Negative Aspects:
Delivery Issues:
Some users have experienced delayed deliveries or inconsistent delivery times. 
App Performance:
Occasional problems with the app hanging or not working smoothly have been reported. 
Return/Exchange Headaches:
A significant number of users have complained about difficulties and delays in the return and exchange process. 
Price Concerns:
Some users find the prices on Myntra to be higher than on other platforms. 
Potential for Fake Products:
While Myntra aims to maintain quality, some users have expressed concerns about the possibility of receiving fake or low-quality items. 
Customer Service Issues:
Some users have reported negative experiences with Myntra's customer service, including slow response times and unresolved issues."
7/31/2025,Play Store,5,very nice quality
7/30/2025,Play Store,1,"Your sellers, SCM team and delivery process are getting worse. Incomplete and wrong orders are being delivered. No help from useless and brainless customer service team. Myntra is snatching their customer's money. This platform has gone to the worst level. I suggest everyone not to place prepaid orders."
7/29/2025,App Store,5,"I was really impressed with the quality of these Puma track pants. The material feels premium, super comfortable, and perfect for both workouts and casual wear. The fit is athletic without being too tight, and the stitching/details are solid – definitely what you'd expect from Puma.

Unfortunately, I ordered the wrong size for myself, and the correct one wasn’t available at the time. That’s the only downside, but that’s on me. I’ll definitely keep an eye out for a restock because I’d love to get the right fit – they’re that good.

Highly recommend, just double-check your sizing before purchasing!"
7/28/2025,Play Store,1,"Very poor service. The delivery was delayed, and the customer care service was extremely unhelpful. The delivery agent’s service was also disappointing. Overall, a very frustrating experience and definitely needs improvement."
7/27/2025,Play Store,5,good quality
7/27/2025,Play Store,5,best quality best service
7/27/2025,Play Store,5,nice app As well nice Quality but one negative is Delay in delivery 😩🙂
7/26/2025,Play Store,5,"Mynta is my favorite online shopping app his products quality is very good ,and good quality and Rezinable price.i love mynta ."
7/25/2025,Play Store,5,Best quality products
7/25/2025,Play Store,5,myntra has always been my go to app for online shopping 🛍️ best products at reasonable prices with good quality 😀
7/25/2025,Play Store,1,Always late delivery... poor logistic service
7/24/2025,Play Store,5,"liked it for the quality , please maintain the quality aesthetic forever"
7/22/2025,App Store,5,"I’ve been using Myntra for the last 7–8 years, and it has never disappointed me. From product quality to trendy and fashionable apparel, the overall shopping experience has always been excellent.  

The delivery and return services are smooth and reliable, and customer support is quick and helpful whenever needed. I also love the wide range of products and the availability of well-known brands on a single platform.  

Myntra has consistently maintained great service and quality over the years, which is why it continues to be one of my most trusted shopping apps."
7/21/2025,Play Store,1,"bad service,bad products,bad return policy,They don't have enough people to solve your query efficiently.Dont buy from Them.They don't care about customers"
7/20/2025,App Store,1,"Bad service 

I had a very disappointing experience with Myntra customer support. When I called their support team regarding my order/delivery issue, they didn’t have any proper information and simply asked me to wait for a few days. After waiting, when I called again, a different support agent picked up, and I had to explain the entire issue again—only to be told the same thing: wait for a few more days, as they still don’t have the information.

I also tried contacting them through email via their grievance redressal team, but even there I received no proper resolution—just the same response to wait without any explanation. This cycle of delay and lack of accountability is very frustrating. It’s disappointing that a platform as big as Myntra is not able to handle customer issues responsibly."
7/19/2025,Play Store,1,I used myntra for the first time to buy some clothes and when I ordered the clothes I got scammed by delivery where I got only half my items and I complained myntra about how this matter should be resolved and they took like 5 days and told me forget you refund we won't even give you your item back .... that's so unprofessionalism by myntra and it's team so from now on I will never buy product from myntra ..... EDIT:- I mailed them but I am not getting response
7/19/2025,Play Store,5,very nice product I am give review after long use
7/19/2025,Play Store,5,best app for shopping...best quality products
7/19/2025,App Store,1,"I have been using Myntra since 2015 and I have always been an elite customer. But since last one year, I have faced a hell lot of issues with Myntra. It has been 4 to 5 times. I had faced some issue with the product (I have received used products, bad quality product). As the procedure, I raise the request for exchange / return, but the request always used to get stuck in the procedure. It became a part of my daily routine to call the Myntra customer care. And after multiple it took over a month for the product to get off my house. Every time I used to call, I was told to wait for 24 hours, but their 24 hours never came. If it would have been once it could have been ignored, but I have faced this 3 to 4 times in the past six months. It is very frustrating to call Myntra customer support every day, just to get one query resolved. It has become very annoying to shop with Myntra nowadays. I personally will not be using Myntra anymore as I cannot go through the hassle of every time putting out to a different customer support agent, and waiting for their response to get it resolved."
7/18/2025,Play Store,4,"Myntra is a great shopping app. The app is easy to use, has a wide variety of products, and the delivery is fast. Product quality is good and the overall shopping experience is smooth. Highly recommended!”"
7/17/2025,Play Store,1,very bad experience.. order automatically got cancelled in day of delivery..
7/15/2025,Play Store,5,km rate me bhot acchi quality h mujhe bhot pasand aya h
7/13/2025,Play Store,1,"The support team on the app is not helpful at all. not trustful, make false promises. I'm not able to return a wrong item that I received."
7/13/2025,Play Store,1,poor service. i have ordered footwear which is continuously delaying from last 3 days. I issued the complaint but nothing happened. continuously calling to the support but they are not responding properly. the product is displaying out for delivery but not delivered. wrong agent number is provided. and i can not cancel the order.
7/13/2025,Play Store,5,Quality products
7/12/2025,Play Store,5,"Myntra is my favorite shopping app. I always shop from Myntra, and it never disappoints me. The quality of the products is also really good."
7/12/2025,Play Store,1,one Of The Worst App No Proper Customer No Delivery Detail My Biggest Mistake I've Done Supposed To Give Gift To My Younger Brother Delivery Delayed
7/12/2025,Play Store,5,well maintained in design and clothing and style...suits for every age..very satisfied
7/12/2025,Play Store,5,quality and velu for money
7/11/2025,Play Store,5,really myntra is a life saver. i always purchase from here. there are a lot of offers available here. the rate is very less compared to others. recommended to all. the delivery is also fast and good.
7/10/2025,Play Store,5,good quality product
7/10/2025,Play Store,5,"GREAT PLATFORM FOR HOME SHOPPING WITHOUT ANY TROUBLE ,THE COOLEST THING IS BEST QUALITY WE RECEIVE AS SEEN IN PLATFORM AND THE PEOPLE REVIEWS ARE VERY HELPFULL TO CHECK THE REAL PRODUCT AND ITS COLOR, QUALITY.ㅤㅤㅤㅤ ㅤㅤㅤㅤㅤㅤㅤㅤㅤㅤㅤㅤㅤㅤㅤㅤㅤ -SATYAMM"
7/10/2025,App Store,5,"Shopping on the Myntra app has been a consistently smooth and satisfying experience. The interface is clean, responsive, and thoughtfully designed, making it incredibly easy to browse, filter, and find exactly what you’re looking for. Whether you’re shopping on a phone or tablet, the app runs effortlessly without lag, offering a seamless scroll and quick loading times.

Beyond the user experience, the quality of the products is always evident. From trendy fashion to everyday essentials, Myntra’s curated selection reflects high standards. The product images and descriptions are accurate, and what you see is exactly what you get – stylish, well-made, and reliable.

Whether I’m upgrading my wardrobe or shopping for a special occasion, Myntra remains my go-to. The combination of smooth app performance and trustworthy quality truly sets it apart."
7/8/2025,Play Store,1,humne bellabloom kei lipstick lei inhone hume damage product dia or humne return krne ko bola to unhone Hume bola yeh return nhi hota exchange hoga or humne exchange ko bola to inhone bola eak hei shade h or inka staff accha h but inhone product return nhi kra na hei hume refund dia . i prefer you to not buy any product from myntra myntra sae better Baki apps hai maine 1 star staff ko dia h is app ko nhi .
7/8/2025,Play Store,5,Great app good deals and best quality goods
7/7/2025,Play Store,1,bad experience with myntra im customer last 3 year but Ac Automatically is deactivated I wait last 7 days no customer care Response no process my exchanged is pending i lost my 1500 rupees
7/7/2025,Play Store,5,best shopping app with trendy outfits
7/7/2025,Play Store,5,good quality 💯
7/7/2025,Play Store,5,i never disappoint by the shopping from Mintra. product quality always good. original brand it deliver. me to month me do ya theen product le hi leti hu is app se.
7/7/2025,App Store,1,"I’ve been using Myntra for years, but I myself a surprise to say that I hate this app. I ordered few products out of which I returned one because that was totally damaged. I asked for the refund. They said they refunded to me, and it’s been five days I haven’t got my refund, and whenever you call them, they’ll be like we have refunded. We have initiated the refund to your bank account. It will be reflected within a day now. It’s been five days today. I’ve been trying to reach them from morning and it’s been 85 calls. They haven’t connected me to their assistant after 85 calls. I’ve tried to connect to them through chat. It doesn’t happen there. Also, they do not get connected on chat as well. See of my product has to be delivered today. None of them got delivered. They are so unprofessional when it comes to refunding your money when it comes to customer assistance is just awful. It hunky-dory till the time you shop from it. When the moment is there for a refund or return, they will be a pain in your ***"
7/6/2025,App Store,1,"Myntra never takes feedback seriously. I have lost my money thrice due to delivery agent not updating the return item picked up and that was never resolved as I had no proof of pick up. And now the issue is with delivery. I raised concern that delivery agent misbehaved over call and now he never delivers product. Instead he marks delivery failed and my product gets cancelled. Despite of raising multiple tickets all I get is assurance but no resolution. I don’t understand why no action was taken against him and why he still gets my deliveries assigned.
To my surprise, m not able to contact customer care anymore. This happened earlier also with my other number when I raised multiple complains for order being picked up but not updated by pickup agent.
Myntra team deserves to be sued for harassing customers and looting by charging platform charges when they don’t intend to deliver products.
Dear buyers, just boycott this app"
7/4/2025,Play Store,1,Too Much AI Slop! Small Brands that make poor quality clothing are posting unrealistic images of their products and it turns out to be nothing like the picture in reality. It's hurting Myntra as a brand because I've stopped buying from such Fraud Companies.
7/4/2025,Play Store,5,Amazing app delivery on time best quality products!!!! love myntraaa❤️
7/3/2025,App Store,5,"As a fitness trainer, quality workout gear is essential for my daily routine—and Myntra never disappoints. The range of activewear, from gym t-shirts and compression wear to track pants and training shoes, is excellent. Top brands, authentic products, and great prices all in one place.

The app is fast, well-organized, and user-friendly. Product details and size charts are accurate, making online shopping smooth. Delivery is always prompt, and return/exchange options are simple and reliable.

Whether you’re training hard or just starting your fitness journey, Myntra has everything you need to look and feel your best. Highly recommended for fitness lovers!"
7/2/2025,Play Store,5,"return, purchase, and cancellation, refund all policy r too good 👍"
7/1/2025,Play Store,5,very nice quality
6/30/2025,Play Store,4,"great shopping app, just one recommendation add dark mode feature in the app"
6/30/2025,Reddit,1,"I had a deeply disturbing experience with Myntra that goes beyond poor service — this is about customer safety.

I ordered a product and returned it due to fitting issues. The delivery associate checked the seal and brand tags at pickup and processed the refund. Everything was done as per protocol.

A day later, the same delivery associate started calling me repeatedly (6–7 times), accusing me of fraud and claiming I had returned a fake product. The item had already been out of my possession for over 24 hours. As a customer, I can only verify authenticity through seals and tags — which were intact.

Then the situation escalated. He demanded money and threatened to come to my house with people if I didn’t pay.

This is not just bad service — this is harassment and a serious safety concern.

I immediately tried contacting Myntra support through the app, calls, and email. There is no real customer support. Only chatbots and automated replies. No option to speak to a human. The system kept saying someone would contact me in 24–48 hours.

In a situation involving threats, 24–48 hours is unacceptable.

Despite sharing the delivery agent’s details, I received no immediate help. The situation escalated so quickly that I had to pay extra money just to protect my family.

Customers share their home addresses and trust these platforms. When something goes wrong, and there is no real support system, you are left completely vulnerable.

This was my last transaction with Myntra.

Avoid this app if you value your safety."
6/28/2025,App Store,1,"I recently ordered a dress from the Myntra app, but unfortunately, the experience turned out to be extremely disappointing. I ordered a specific color, but Myntra delivered a completely different one. When I tried to exchange it, the delivery executive refused to accept the return saying the color and picture were different. I explained that the wrong product was sent to me in the first place, which is why I was requesting the exchange.

I raised a complaint with Myntra, and their customer care admitted the mistake and assured me that the issue would be resolved soon. However, days passed and nothing changed. When the delivery boy came again, he again refused to accept the exchange. I called Myntra again, and this time they told me that I would have to pay more as the price of the dress had increased.

This is unacceptable, as I had placed the order at the original price and the mistake was clearly from Myntra’s side. After multiple failed attempts to resolve the issue, I had no choice but to cancel my order.

This kind of careless and irresponsible behavior is extremely disappointing from a platform like Myntra. I expected better service and support. Myntra really needs to improve its customer care and exchange policy."
6/26/2025,App Store,1,"I’m writing this after losing all my time on this issue , ie I received the prepaid product but the delivery agent said it’s unpaid he asked to to pay so that only he can deliver the product to me . Even After showing the proof he said it’s not updated for him and so I did pay him again. He promised it’ll be refunded to my upi after 24 hrs it’s been a month now till now I’m raising a complaint yet no response nothing . At the end they say it’s none of their problem if I paid to the agent or not they won’t refund my money and calling me a liar ? Seriously?. I’ve been a valuable customer to Myntra until this issue their lack of response and unethical customer service is making me to file a consumer complaint rn , which I’ll soon do without a hesitation cuz I’ve already wasted enough time on this it’s no issue for me to waste a little more."
6/23/2025,Play Store,1,My order was picked up by the delivery guy 12 august and it's been 2 days still in the it is showing that return pickup failed I do not have the order order was taken buy the delivery guy i tried contacting customer support but no use they are saying no return order was picked up this is very frustrated and i never faced this kind of issue from myntra. please resolve my problem as soon as possible.
6/23/2025,App Store,1,"A similar incident happened to us; we ordered a suitcase from Myntra. Unfortunately the size was small, and we need bigger ones. I filled out a return. First, they didn't come to pick it up, but when they did, scanning the barcode of the suitcase, the guy felt suspicious. I never before recorded a video of a return. Luckily, I had evidence of them picking up the order. Myntra didn't cooperate with us; we got to hear the same message from them: ""The order is not picked up."" They didn't want to look up the evidence. So we took things into our own hands, traced the vehicle number, and found their address. We confronted the shipping company; we had one demand: the return window is closed; we returned it on time, but you kept it for yourself. Give us the money. They somehow return the product to Myntra even after the return window is closed, and we get the refund. Without any help from Myntra. Always record the unboxing and return video."
6/21/2025,Play Store,5,good quality product
6/20/2025,Play Store,5,Myntra's service is very good and the products I order are of the best quality.
6/20/2025,Play Store,4,good discount and fast delivery
6/20/2025,Play Store,5,"nice product, fitting and Service"
6/20/2025,Play Store,1,"One of the hopeless app I have gone through among the instant delivery apps. false timing promises, delivery agents don't answer call even after the promised timing crosses, nor there is proper support to raise the concern. such a scam taking money upfront and not delivering on time while we order such necessary products for immediate use."
6/18/2025,App Store,1,"I am extremely disappointed with my recent shopping experience on Myntra. I had ordered a white handbag from the brand ALDO, but to my surprise, I received a white bag from a completely different brand. I was very careful while placing the order and double-checked everything, so I was sure there had been a mistake in the delivery. I immediately raised a complaint and expected Myntra to take responsibility and resolve the issue. However, to my shock, my complaint was declined, with the reason given that the correct product was delivered — which is absolutely not true. I did not receive the ALDO bag I paid for. It’s very unfair to reject my return request without properly verifying the issue. This kind of careless handling is not acceptable, especially from a trusted platform like Myntra. I spend my money expecting quality service and genuine products, but this has been a very frustrating experience. I request Myntra to please look into this matter seriously, allow the return of the wrong item, and help me get either the correct ALDO bag or my full refund. I hope my concern is taken seriously and that the company improves its service and support in future."
6/17/2025,Play Store,1,fraud app they'll deliver second hand old products and they won't take return also they will show 7 day return but no body will come to pick the items
6/17/2025,Play Store,5,"dress was good, nice fitting"
6/16/2025,Play Store,5,"The most comfortable Shopping App. All products seems to be upto the average, quality awesome n in good packing which is beautiful to gift someone especially perfumes frm this App. In simple words ""THANK U, MYNTRA"""
6/15/2025,Play Store,5,super quality branded clothes with low budget
6/15/2025,Play Store,5,Product are as per the image and in good quality
6/15/2025,App Store,1,"Hope u guys read this and try to improve the user experience.
1- You guys have onboarded so many brands which are selling same product and some brands which are selling really low quality Chinese clothes I guess and I have no option to just block them so that I don’t see these again.
2. I put so much effort in putting filters when I am specifically looking for something but the moment I switch to another app to do anything I go to either the Home Screen or scrolled up the start of the search and then I go through that same clutter of pathetic clothes with those Korean or foreign models I cannot start from where I left off last. like literally Myntra has become shein type app just the worse part the no. Of products are so much much more either give option select the brands that I can block so that I stop seeing this garbage in my profile section itself or select the brands that I want to see. Like from last 2 yrs every time I open Myntra I start feeling that it’s better to just go to a store and buy clothes."
6/14/2025,App Store,5,"I’ve had a really good experience with Myntra so far. There’s a great variety of brands and styles, and I find the app easy to browse and use. The product descriptions and reviews are helpful when deciding what to buy, and the delivery has been smooth for me. Overall, one of my go-to apps for fashion shopping. ⭐⭐⭐⭐⭐"
6/14/2025,Reddit,1,Don’t ever order from Myntra on 23rd may I’ve ordered crocs on sale they delivered on 26th and guess what it’s wrong size exchanged it again on 29th second time also wrong size so now it’s confirmed they don’t want to give you what you have ordered Again exchanged it guess what this time they mismatched tag and didn’t deliver product raised a complaint on 3rd June they said 3 days no message or update with the so unprofessional behaviour of Myntra on 6th I called to know update they said exchange can’t be done because the product is stuck at somewhere said to wait till 9th and then no updates received on 9th I called back they said same raised complaint wait till time line 13th I asked and demanded refund they said okay but on 13th I called them for update because they didn’t update me I’ve been keep updating myself calling them again n again losing my time and peace they said they don’t know what’s happening raising complaint allow 24hrs I demanded refund which they didn’t give so I had to wait for 24hrs and again on 14th I called them back raised my voice asked for resolution and said I’ll go to consumer court even then manager said he won’t refund and can’t even tell when it’s going to resolve asked for time line till 17th and guess what i received the same wrong size product again so basically Myntra is a false fake website where everyone getting fooled please raise a complaint in consumer court everyone we can fight it i have recorded everything soon it’s going live
6/13/2025,Play Store,5,they actually give worthy and quality products
6/12/2025,Play Store,5,so good prices compared to all makeup platforms
6/12/2025,App Store,1,"""Myntra is very disappointing. I thought that when I installed it, both their products and customer service would be good. But that's not the case. Myntra's customer service is very bad and disgusting. The delivery agents are rude and ill-mannered; they don't even deliver the order to the address. They cancel the order themselves or sometimes place it at a medical store on the way and ask the customer to pick it up, saying they'll deliver it there. I had a size issue with my order and wanted to exchange it, but they didn't allow the exchange and instead said that a different product. One delivery failed, and they didn't return it, resulting in a loss for me. I'm uninstalling Myntra due to my terrible experience. They should focus on their customer service because calling them doesn't even help; they just say they'll look into it and do nothing. Really disgusting."
6/11/2025,Play Store,5,"quality product,expected cloth ,fully satisfied"
6/11/2025,Play Store,5,good app and does not provide and fake discount it provides real and 100% original discount and gives real cash discount on every purchase and reviewing products
6/10/2025,Play Store,5,यह बढ़िया ऐप है खरीदारी करने के लिए अभी तक तो मुझे कोई भी परेशानी नहीं हुई इससे खरीदारी करने में प्रोडक्ट न पाषाण आने पर easy returns policy बहुत बढ़िया है और भी लोग इससे जुड़े ताकी और अच्छी सर्विस हमे मिले
6/9/2025,Play Store,5,myntra is best for purchasing jewellery dresses tops and easy return and refund
6/8/2025,Play Store,5,quality of products are really good.....quality is same as products from Amazon and Flipkart and at low price unlike some other app which starts with same letter
6/7/2025,Play Store,5,best quality
6/7/2025,App Store,2,"I have been using myntra since 10 years. And this time I am really frustrated. There is no way you can reach their customer support. All their phone number, chat and email has no option to talk to a human to fix issues. Everywhere it’s like customer support unavailable. They don’t respond on emails. Basically they don’t have customer support. App is full of useless links. You click on call us, it takes you to faq screen. I think almost everyone using myntra are educated enough to understand the policies they don’t need faq section to be redirected to. Then need support for the price they are paying ams purchasing from your platform with trust and quality expectations. This time I am frustrated. You purchase thousands of things throughout a year and with one single issue you don’t get a single support from a single channel."
6/6/2025,Play Store,5,amazing shopping app with quality purchase
6/6/2025,App Store,1,I am anjana maity i using myntra very long time but now i got scammed with their website they have running a offer 10% discount on net banking payment but when i order a product on 5th june night the money got deducted from my account and my order are not placed i called 3 times on myntra customer care 1st and 2nd time i couldn’t get help from their calling assistant customer care on the 3rd time they launched my complaint when i get my refund their i couldn’t see any updates and any contact person or any email id of customer support just doing marketing on big face of  Bollywood that not being create a brand with good help of customer service will help you no.1 e-commerce site in market i thought i loss my money 3354 and scamed by these website. i just wanted to told you please work on you customer support team more efficient so we didn’t get trouble like these. Thank you
6/5/2025,Play Store,3,Some products are good with good offers. But sometimes they deliver poor quality products and recently cancellating products on their own. LOL. All shopping apps just keep testing us.
6/4/2025,Play Store,5,although expensive quality don't lie moreover friendly app with good customer care is just cherry on top
6/4/2025,Play Store,1,"what happened to you myntra, I do the lots of shopping from u like from last 10 yrs, and it was my fav app and I'm a icon member. But, now it sucks, you now mostly deliver wrong & damage product, and sometimes without tag. and then you have the audacity to ask for the tag when I return. And one of my return is not picked up yet it's been a week already, I have to return it due to quality issue. daily i contacted you but not resolved. waste of time and money."
6/4/2025,Play Store,5,Good experience with delivery and exchange also very easy to exchange
6/4/2025,Play Store,5,"genuine products, fast delivery and good support"
6/4/2025,Play Store,5,"Myntra is one of the better choices in India for clothes, shoes and fashion, especially when buying from established brands. However, I'd still check the seller, product reviews/photos, return policy and size chart before ordering expensive items."
6/4/2025,Play Store,5,"it's amazing, one of the best online shopping app...I have been using from very long time , it is one of my favourite online shopping app.....best price, good quality as well....very easy to use and it works very fast........"
6/4/2025,Reddit,1,"Dear Myntra Customer Support / Grievance Officer,

I am writing this with great disappointment regarding an unresolved issue with my recent order placed on 10th May. I had ordered a pair of white shoes, but to my surprise, I received shoes in the wrong color, and while the price tag was intact, there was no seal tag attached.

Despite reaching out to customer support multiple times and raising a complaint, I have not received any satisfactory resolution to date. I even paid an extra amount specifically to get the white shoes I wanted, and I have patiently waited each day for nearly a month, expecting Myntra to correct this mistake. Unfortunately, no replacement or update has been provided.

As a premium customer, I feel deeply let down. I trusted Myntra for quality service and prompt redressal, but this experience has been disheartening.

I now want to ask — if a customer fails to return an item within the specified timeframe, Myntra declines the return. So why is it acceptable for Myntra to delay and fail in fulfilling its responsibilities toward the customer? Why is there no accountability on your part?

I no longer wish to exchange the shoes, nor do I want a replacement. I simply want a clear answer:

What about me? What about my time, my money, and the emotional frustration I’ve gone through waiting for my product?
Looking forward to a response that acknowledges my concern with the seriousness it deserves"
6/2/2025,Play Store,1,"NEVER USE THIS APP WITHOUT A BODYGUARD. Felt unsafe due to their rudest delivery staff ever. Greater Noida delivery agent Robin Singh came at 6 am, started yelling in my phone and at me aggressively, talking like a psychopath. I felt unsafe in my own home. I almost called the police over his behaviour. Everyone pls be safe"
6/2/2025,Play Store,1,"absolutely horrible delivery I placed and order twice from 2 different accounts and it was delayed both times, the customer service is also absolutely trash, I'm just not able to chat with anyone, it's the same useless AI chatbot, no definite delivery date, out of stock products are listed on the website and prepaid orders are getting canceled, I am extremely disappointed I had a horrible experience"
6/2/2025,App Store,1,i order an HIGH BOOTS product from MYNTRA APP. product name=> Alamode by Akanksha  + price => 3720 rupee . upon receiving the product i found defective product. my concerns are 1) it took 1 week to delivered product  2) product have no brand  3) product was packedged in polythene  4) product is damaged  5) it seems like the product was bought and sell through local market. 6) they took high money for the product but their service is worthless.  now they are saying that it can not be exchange and refund.   hence my options -> if my concerns do not solve than i will lodge complaint in the CONSUMER PROTECTION COURT according to relevant sections that are  SECTION 2(10) of consumer protection act=> deal with defect of product ; section 2(47)=>unfair trade practice; section 14  and section 2(10) => consumer have the right to seek redressal for defective goods.   my demand is now i have lost faith on the product and i want complete refund . please resolve my concerns as soon as possible.
6/1/2025,Play Store,5,"Look: Simple, sporty/casual cargo style. Black/navy color versatile hai. Fit: Waist par elastic comfortable lag raha hai, aur legs ka fit straight/relaxed hai. Bahut tight nahi hai. Design: Dono sides ke zipper cargo pockets practical hain aur pant ko utility look dete hain. Length: Overall length theek lag rahi hai, ankle ke paas thodi loose finish hai. Fabric: Photos se fabric lightweight, slightly shiny/nylon-type lag raha hai—daily casual wear ke liye achha ho sakta hai. Stitching: Visible s"
6/1/2025,Play Store,5,"This is my favorite app.quality product avilable, good returns, and exchange, quick response, download the app quick shopping."
5/31/2025,Play Store,1,"product ko exchnge ni karte customer care vale check n krte delivery boy bad behaviour myntra sbse bakwas h.... meesho , ajio , flipkart , amazon , naykaa sb best h myntra ko ban kro"
5/31/2025,Play Store,1,"Very poor return and delivery service. I ordered size 7 clogs, but they were too big. My exchange was accepted, but no agent came. The app falsely said I was unreachable, although I never received any call. I requested a return, but the same issue happened again. Customer support gave Aug 11 as the pickup date, but no one came. This is extremely frustrating and disappointing. Myntra should improve its delivery, return and customer support system and provide proper solutions. Meesho is far better"
5/29/2025,Play Store,1,"Poor delivery service, Always do COD with them"
5/29/2025,Play Store,1,"Myntra customer, be careful before any electronic like watch, headphones.....etc buy. I bought a watch which has a two year warranty but many products not working after return policy, and you reach customer service of product brand no response, and you found product brand email and number is wrong. Myntra said I do not have any responsibility to talk to a brand."
5/29/2025,Play Store,5,"I had a wonderful experience shopping on Myntra. The product arrived on time and was packed very securely. The quality is exactly as shown in the pictures, and in fact, it looks even better in person. The fabric feels soft, comfortable, and premium, while the stitching and finishing are neat and well done. The size guide was accurate, so the fit turned out to be perfect. The color matched the images on the app, and there were no surprises regard"
5/29/2025,App Store,3,"The app is good only until you don’t face an issue. But once you does, the customer care can’t be reached easily and they close the incidents with out even resolving. My orders are missing from my account although I’ve received the products. Even after sharing pictures of products, delivery messages, amount deducted to Myntra account, the support refuses to accept saying there are no order numbers. It’s been a month and all that they have been doing is closing the incidents immediately opening one every time I email them. Pathetic support teams as they don’t even read the issues but reply by pasting a standard resolution not related to the issue or worse sometimes copy paste pre opus response and close the incident as resolved. The company wants to expand globally but with such support they can’t sustain for long."
5/28/2025,Play Store,5,very happy and good quality
5/27/2025,Play Store,5,"The product quality is very good. The material is comfortable, and the fitting is perfect. I received the product exactly as shown in the pictures. Overall, I’m very satisfied with the quality and value for money. 👍✨"
5/27/2025,App Store,1,"I’ve been a regular shopper on Myntra, but my recent experience has been extremely disappointing. I placed an order expecting timely delivery, but not only was it delayed without any proper updates, it was eventually cancelled from Myntra’s end without my consent or a valid explanation.

What’s frustrating is the lack of communication – I wasn’t informed about the delay until I checked manually, and the cancellation felt completely arbitrary. This caused a lot of inconvenience, especially since I was counting on the items for a specific occasion.

Customer support wasn’t very helpful either, offering generic responses instead of actually resolving the issue. I hope Myntra seriously looks into improving their logistics and communication. This kind of experience makes it hard to trust the platform for future purchases."
5/26/2025,Play Store,5,awesome quality
5/26/2025,App Store,1,"I’ve had a consistently frustrating experience with Myntra recently. I placed multiple orders, and none of them were delivered—each time, I was forced to cancel the item after waiting days for an update. There were no proper explanations or proactive communication from Myntra’s side, and the tracking status was vague at best.

What’s worse, these issues weren't limited to just one brand—several top brands on the platform failed to fulfill the orders, making it clear that this is a widespread problem and not a one-off incident. If Myntra can’t ensure reliable delivery from the brands it features, what’s the point of shopping on the app?

I’ve lost trust in the platform and won’t be ordering again unless they seriously improve their logistics and customer support. Avoid if you're expecting timely or even guaranteed delivery."
5/25/2025,App Store,1,"This is the first time i am giving any review to any application. Extremely frustrating experience with Myntra's customer service. I ordered two suits and received the wrong items. I initiated a return, but it wasn't picked up, forcing me to re-file the return on August 7th. It was approved, but despite calling multiple times over ten days, I've received nothing but empty promises and automated tickets. My return is still uncollected, and I'm stuck in a loop of zero resolution.


Please check this matter and resolve my issue.

Where is Myntra developers and Myntra backend team??"
5/25/2025,Play Store,5,quality assurance products
5/25/2025,App Store,5,"I've tried multiple underwear brands over the years, but DaMENSCH truly stands out. The fabric is incredibly soft and breathable — perfect for all-day wear, whether you're lounging at home or out and about. The fit is snug without being too tight, and it doesn't lose shape even after multiple washes. The waistband is sturdy yet gentle on the skin, which is a big plus.

What I really appreciate is the attention to detail and quality — it feels premium from the moment you put it on. Definitely a go-to choice now. Highly recommended for anyone who values comfort, durability, and a clean, stylish look!"
5/25/2025,App Store,2,"I wad a regular customer if myntra, I recently purchased few clothing items from myntra, the showed me some deliveey date. Now two items of my bucket list is showing delivery date after 1 month. I waited for almost amonth , now the date has been shift to another 1 month. Also when I canclled the order due to late delivery, They cut my amount, they didnt gave me full refund. It was a mistake at there end hence they done have any right to cut a single penny from my amount. I was supposed to get full refund. Secondly they have contact us  feature but there, call us option doesnt works. Poor services. My whole experience just got worst with myntra. So many options are available in the market, Its better to consider them now. There services are just getting poorer. It feels most irrtated when you want to talk somebody regrading your concern but you are unable to reach out to them because there call us feature is not working."
5/24/2025,Play Store,5,nice products and there quality llm
5/24/2025,Play Store,5,superb product best quality cloth thanks from myntra
5/24/2025,Reddit,1,"Absolutely pathetic service from Myntra.

I ordered a replacement product, and the entire experience has been a complete nightmare. The delivery agents either never make genuine delivery attempts or conveniently schedule deliveries late at night when most people are unavailable to receive them. Even after repeatedly informing them about my availability and requesting delivery at a specific time, my requests were completely ignored.

The most infuriating part is the complete lack of communication. Over the last two days, I have called the delivery agents more than 20 times, and not a single call was answered. It honestly feels like customers are being deliberately ignored once an issue arises. What is the point of providing contact numbers if nobody is going to respond?

Because of Myntra's incompetence and negligence, I have been forced to waste hours chasing updates, making calls, and dealing with unnecessary stress. This has been one of the worst online shopping experiences I have ever had.

Myntra seems more interested in marking deliveries than actually delivering products and supporting customers. If this is how replacement orders are handled, then the company clearly has serious problems with its delivery and customer service operations.

This was the last time I ordered from Myntra. I will never use this platform again and will strongly discourage others from doing so unless they are prepared to deal with unresponsive delivery agents, ignored requests, and a complete lack of accountability."
5/24/2025,App Store,5,"I’ve been shopping on Myntra for a while now, and I’m impressed with my experience. Here’s a review based on my personal observations: Myntra offers an impressive selection of clothing, footwear, and accessories, catering to various styles and preferences. Whether I’m looking for the latest trends or classic staples, they have a broad range of options from both well-known and emerging brands. The variety helps me find exactly what I need, from casual wear to more formal attire. Myntra has become a go-to shopping destination for me due to its extensive product range, user-friendly interface, and good customer service. The combination of variety, convenience, and competitive pricing makes it a reliable choice for fashion and lifestyle needs. I’d recommend Myntra to anyone looking for a comprehensive and enjoyable online shopping experience."
5/21/2025,Play Store,5,Great quality of products
5/21/2025,App Store,5,"Myntra remains the gold standard for fashion shopping in India, offering a seamless blend of variety, style, and convenience. The app’s user interface is incredibly intuitive, making it easy to discover the latest trends through personalized recommendations and influencer-led feeds. What truly sets it apart is the reliability—shipping is consistently fast, and the 'no-questions-asked' return policy provides a level of shopping confidence that few other platforms can match. Whether you’re looking for premium international brands or affordable everyday essentials, Myntra provides a high-quality, secure, and genuinely enjoyable shopping experience ."
5/19/2025,Play Store,5,its better to compare to amazon and many shoping shops
5/18/2025,Play Store,1,extremely bad experience this time. i send my product return but didn't receive the refund it's almost 25 days gone. I complaint at myntra chat block but the issue till date doesn't solve. even I tried to call them. but unable to connect customer care executive.
5/18/2025,App Store,1,"I’ve decided I won’t be using Myntra anymore.
It used to be such a fun and exciting experience shopping there earlier. The offers felt rewarding, and it genuinely made customers feel valued. But now, things have completely changed. There are barely any useful coupons, and most of the decent offers are limited to credit card users.
On top of that, they’ve stopped giving Myntra credits even after placing orders. Earlier, even simple things like writing reviews were appreciated with small rewards—but now, even their games just end with a “better luck next time” message.

It honestly feels like they attracted customers initially with great benefits, and now that people are used to the platform, they’ve stopped putting in the effort. There’s hardly any appreciation or value for long-time customers anymore, which is really disappointing."
5/18/2025,App Store,1,"I’m extremely disappointed with Myntra’s service and support. The website’s help center is a complete fraud — there’s absolutely no real assistance when you need it. I’ve faced repeated issues where I received damaged products, especially with their so-called luxury items, and the experience has been terrible every time.

What’s worse is their return policy is shady. They close the return window in just 2-3 days, making it nearly impossible for customers to raise a return request, leaving them stuck with faulty products. Even when you reach out to the help center, the only response you get is a hollow apology — “We are sorry for the inconvenience, but we can’t help you.”

This isn’t a one-time issue either. It keeps happening, and Myntra seems to have no intention of improving their service or addressing these problems. I wouldn’t recommend shopping from Myntra to anyone, especially for high-value or luxury products."
5/16/2025,App Store,5,"Today I’m trying to solve a problem with refund
Past two hours
Delivery agent come with one of my orders, pick up my return item and left. After that one more agent come to pick up same refund. And since that I’m trying to connect with support. Idiot in a chat, who didn’t reading what I’m texting and robot in a call which didn’t allow me to connect to a human. Amazing optimizator who optimized a customer support, just want to let you know, that after 6+ years of using an app that will be my last order for sure. Yes, amount of refund is not big, but it’s my money, and when I’m NOT ABLE TO REACH TO SUPPORT TEAM for hours to fix my problem it’s just a clear NO to an app"
5/15/2025,Play Store,5,Most valuable platform for best quality in best range You scroll........ you purchase...........💯 you return and again purchase....... 💯💯🥳
5/13/2025,App Store,5,"Myntra is one of India’s leading online fashion and lifestyle platforms, offering a wide variety of clothing, footwear, accessories, and beauty products for men, women, and kids. It stands out for its trendy collections, user-friendly app, and smooth shopping experience.

The platform regularly offers exciting deals, discounts, and seasonal sales, making branded fashion more affordable. Product filters, size guides, and customer reviews make it easier to find the right items. Delivery is generally fast, and the packaging is neat and professional.

Myntra’s return and exchange policy is hassle-free, with doorstep pickup and quick refunds. The app also features a wishlist, style recommendations, and personalized feeds to enhance the shopping journey.

However, during sale periods, users may experience delayed deliveries or out-of-stock issues. Still, Myntra’s customer service usually resolves concerns promptly.

In summary, Myntra is a go-to destination for fashion lovers looking for variety, quality, and convenience—all in one place."
5/13/2025,Reddit,1,"I have ordered a product from Myntra. Every-time i use to get a good products. But nowadays the products which I’m received are pathetic. The displayed product is totally different from the product which I received. Why is this happening. These days it’s been happening constantly which is not good and most of the your clients are disappointed. I received a pathetic product which is totally different from the displayed one. I tried contacting the customer support regarding the issue. Unfortunately, the customer support is also pathetic same as the product I received recently. I just want that product to be replaced and delete this Myntra app. 
I request kindly replace the product asap. 
Shabnam from escalation team, she promised that the issue will get resolved within 48 hours and it’s been more than 4 days now still I did not get any response from her and the complaint has been closed without any intimation. Is this the service u provide to the customer ? If u r (Shabnam) not capable of handling  customer complaints better stay away and don’t involve in handling the complaints. During the call also there was a lot a disturbance where in the kids were shouting and she was unable to listen my concern properly. 
I suggest such agents/ executives are unfit to be in customer centric. 
Kindly resolve my query as soon as possible. Till now I did not receive any response from your end and the query status is updating as resolved which is not correct. Hope u will take action against this. 
And I would appreciate Sarthak from customer support team he has a very good patience in listening to the customer concern and asked me to wait for 24 to 48 hours to provide an update.
While I did not receive the response yet and still awaiting…"
5/10/2025,Play Store,5,always received the best quality in the app.
5/10/2025,Play Store,1,"Very poor service. They are focused on their app and clothing brands, but not on delivery. My order is highly delayed even after choosing express delivery. Customer service is not giving a proper response about the delay. Whenever I call, they keep me on hold for a long time. Very disappointing experience with both delivery and customer support."
5/8/2025,Play Store,5,this shopping aplhi best quality product
5/7/2025,Play Store,5,Quality = Myntra
5/6/2025,Play Store,5,it's a good app for shopping 🛍️ better quality in affordable rates ☺️
5/5/2025,Play Store,5,nice products and good quality
5/5/2025,Play Store,5,I'm very happy to say the myntra is good for online purchasing. i purchased somany things and I'm excited about this product quality and packing.
5/4/2025,Play Store,5,"One of the best online shopping apps for fashion and lifestyle products. It offers a wide range of clothing, footwear, accessories, and beauty products from popular brands. The app is user-friendly, with easy navigation and secure payment options. Delivery is usually fast, and the return/exchange process is simple and hassle-free. Regular discounts and sales make shopping more affordable. Overall, Myntra provides a convenient and enjoyable shopping experience. ⭐⭐⭐⭐⭐"
5/4/2025,Play Store,1,"delivery very poor , ek week se order nahi aya"
5/4/2025,App Store,5,"I recently ordered a bag from Myntra and I am very happy with my purchase. The bag looks exactly the same as shown in the pictures on the app. The quality of the material is really good and the design is very stylish. It feels strong and durable, and the size is perfect for daily use.

I was also impressed with the delivery service. The product was delivered very fast and the packaging was neat and safe. The bag arrived in perfect condition without any damage.

Overall, my experience with Myntra was excellent. I really liked the product and the quick delivery. I would definitely recommend buying from Myntra to others and I will surely shop again in the future."
5/3/2025,Play Store,5,good quality product you will found here
5/3/2025,Play Store,5,I received a good quality product and got the product on time as described and celebrate my birthday with the dress fantastically
5/2/2025,App Store,4,"Hi App Development Team, I am writing this review to let you know how I miss this feature of Myntra app - to be able to browse “More of the same brand, type or color” items - was one of the best user experience features IMO. Instead, there is this “Similar” feature or other enhanced discovery features at the bottom of product details, which are not as effective while browsing. It would be really helpful if you could bring back the “More items of similar color, type, or brand” options.

Also, an additional feature I would like to request - please disable or cross out the products that are out of stock in the same series. For example, if we open a product page, we could see multiple other products in the same category (either color or design). It is not until we click on each of them that it shows out of stock. It should already be crossed or greyed out like in Amazon/other apps."
5/1/2025,Play Store,5,The product was nice and an amazing fitting
4/28/2025,Play Store,5,no doubt bahut accha platform hai shopping ka so mein first time order karithi product bahut hi accha quality hai so i am happy 😊
4/25/2025,Play Store,5,quality is soo good
4/25/2025,App Store,1,"I read one of the reviews here and I experienced the exact same thing. I ordered three Tshirts which were of very poor quality and were without any tags, when I returned the products, the delivery agent picked up all the three products but thereafter it was showing on the app that return was on hold , when I contacted customer care they said that there logistics team has not received any product, then from one delivery agent I got to know after 10days that tshirts were kept at ekarts office and he returned them to me. I again requested for return and after 5 days when it was picked up, I got refund for one product only and for the other two they showed that product was not received. I called at Ekart office at my place who accepted that they got the product and forwarded ahead. But there was no resolution from Myntra’s side. Again I have no product and no refund. This has happened with many customers."
4/24/2025,Play Store,5,nice. products. under reasonable. price best quality
4/24/2025,App Store,1,"If you guys can’t deliver the products then why bother even running a shopping app and showing products available!!! It’s been days and whenever i order something whatever it is, it never reaches me! While ordering they show the delivery date and when that date actually comes they never actually deliver the product! Multiple products of mine never went out for deliver always the same delivery delayed!! I can understand if it’s once or twice but multiple times in every single order of mine? I even tried ordering from 2 different accounts still, in both accounts the product was never delivered!! And the customer service? It’s just a bot sitting behind my screen and giving me same old 2-3 options that never includes the real problem, there is no option to write your query yourself!! How am i supposed to explain my problem if i don’t have any means to. Even their call option only includes choosing options and dialing 1,2,3…like there’s no accountability or way to reach the customer support! So disappointed in this app, useless, wasting my time and patience!!"
4/23/2025,Play Store,5,"shopping on myntra is next level i toh love using myntra top notch quality, unlimited offers, best price, over all is very good"
4/23/2025,App Store,1,"I had been a loyal customer for years, easily making purchases worth over a few lakhs, but Myntra’s customer policies have turned absolutely draconian over the last two years. I finally uninstalled the app over a year ago, and here is why:
* Failed Returns & Lost Money: I was delivered the wrong item. I shared the required photos, initiated a return, and the item was successfully picked up. However, due to an issue with their logistics partner, the return was not delivered back to them. Even though the system acknowledged the return request, they completely refused to refund me. I was left with no product (right or wrong) and had to absorb a shameless loss of ₹3.8K.
* Repeat Offense: I foolishly let the first incident pass, thinking it was a one-off system glitch. Then, the exact same cycle happened again.
While other e-commerce companies, even their parent company, Flipkart are continually making their customer policies better, Myntra is going down the drain. Their customer service is entirely bottlenecked by rigid, anti-consumer rules; agents just put their hands up and repeat, ""We can't do anything else.""
Highly disappointed. Save your money and shop elsewhere."
4/21/2025,Play Store,5,good quality premium 👍
4/21/2025,App Store,1,"Once upon a time there is shopping app call Jabong and Myntra take over it after that Jabong name vanished .and now I think from last year Flipkart merged with Myntra .i really waiting for the day when same thing happened with Myntra .they think they are above everything.I am writing to tell you about my deep dissatisfaction with the service I have received from Myntra and to formally escalate the issues surrounding the sudden deactivation of my account without any explanation. As a loyal and Elite customer, I frequently shop on your platform,  I've reached out to the customer care multiple times through emails (customer grievances, support, communication)received response  only once . I won't recommend this app to people.I believe it is crucial for potential customers to be aware of the service shortcomings"
4/20/2025,Play Store,1,"very worst experience with this myntra delivery is too late almost 1 week' with e kart logistics they were collaborate very worst app. please use ""amazon"" instead."
4/18/2025,Play Store,5,best product with best quality
4/17/2025,Play Store,5,"it is a good application , assets on this application is good and affordable , products whom I purchased was good quality so i just saying my experience on this application is nice , I like ittt"
4/16/2025,Play Store,5,awesome quality product
4/16/2025,Play Store,5,1st time use myntra nice quality
4/16/2025,App Store,1,"I had ordered a product from Myntra which I no longer need due to size issues. Since it was marked as “returnable,” I initiated a return request. To my surprise, Myntra put the return under “self-shipment,” meaning I now have to visit a courier service, ship the product myself, and only then will I be eligible for a refund.

This is highly inconvenient, especially considering that the product was delivered to my address without any issues. If delivery is possible, why is pickup not? For one product, forcing customers to go through the hassle of self-shipping is frustrating and unacceptable.

I reached out to customer care multiple times, but their response has been extremely unhelpful. They kept repeating the same line—“you have to self-ship”—without addressing my concerns. Worse, they closed the complaint tickets without resolving anything.

This is not the level of service I expected from a brand like Myntra. If you’re not going to support returns properly, then don’t show products as returnable. It’s misleading and unfair to customers.

After this experience, I’ve lost trust in Myntra and will think twice before shopping here again. Very disappointing."
4/15/2025,Play Store,5,"Myntra is best for On-time safe delivery, Refund process, customer care service..."
4/14/2025,Play Store,1,the worst experience if we return any product regarding damage or stain then your account ll be deactivated the worst thing ever
4/14/2025,Play Store,4,fast delivery and authentic products
4/13/2025,Play Store,5,must try exchange or return is so easy and all products are in very affordable price
4/11/2025,Play Store,5,till now the quality and fabric of cloths are good
4/11/2025,Play Store,5,always found good products with easy delivery and exchange options .
4/10/2025,Play Store,1,bilkul bekar app support system ka koi Mtlv nhi Hai our delivery ke pahle cancel kr dete Hai bina hume jankari diye agar problem hai toh call krna chahiye Lekin ye log bina call kiye cancel krte Hai our batna bhi jaroori nhi smajhte Hai bilkul bekar app koi esko use mat kariye
4/9/2025,Play Store,1,"I had a terrible experience with Myntra. First, the delivery agent didn't show up; then, when I went to the warehouse, they refused to help, saying they didn't have the time to search for my package i didn't expect this from brands like myntra"
4/9/2025,Play Store,5,very good product and delivery on time I like this app
4/8/2025,Play Store,1,"Such pathetic customer service, customers can't even chat to support. Even after the call I haven't been given a solution. Even the delivery boy was rude."
4/8/2025,Play Store,5,very nice app for budget friendly high quality dresses for both men and women.
4/8/2025,Play Store,5,delivery is fast n smooth n also received authentic product ❤️❤️
4/7/2025,Play Store,5,"I have been using myntra for the last 5 years and order clothes , The quality of the product is up to mark and I never get disappointed while exchanges for size or refund"
4/7/2025,Play Store,5,good quality of clothes
4/6/2025,Play Store,1,bad customer service reply to exchange took 50 min and not processed the exchange
4/4/2025,Play Store,5,nice quality on every product
3/31/2025,Play Store,5,Dresses are very Quality
3/29/2025,Play Store,1,"Myntra delivery executive took payment (1900rps)twice citing network issues. He never returned my money. I kept complaining to myntra multiple times over a period of 20 days. Shared the payment details multiple times. Myntra neither took action on their delivery guy nor returned my money(1900rps). Being associated with myntra since 2016,having shopped for lakhs of rupees. I am done with myntra. Very deceitful people. It was my last purchase. I vow to never buy from myntra in my entire life."
3/29/2025,Play Store,5,"myntra is my favourite online shopping application, because it provides us very large amount of quality and quantity also."
3/28/2025,App Store,1,"Have ordered multiple times from Myntra. Recently bought a product with XL size. Exchanged it for XXL as fitting was tight. XXL was too loose. Myntra denied return and asked to exchange. They had no reply to my issue that what size to exchange. Just unprofessional and poor behaviour which was not expected from Myntra. They really do not value customers and just are bothered about merchants and their irrelevant policies. This customer uncentricity will surely affect their business in future. Customer care is as useless as it can be. Also, after such a poor experience, they won't allow to publish feedback regarding the product and would mark the review as 'Not Approved due to service feedback' even though sizing issue was mentioned clearly in the review that sizing is way ambigious. This shows how they keep the ratings high by denying actual reviews. Not at all recommended."
3/27/2025,Play Store,1,"i am using this app from many years, products were costly but original as shown as in pic. Now from many orders, sellers shows fake pic but received products are the 3rd copy of the displayed pic. I returned many times but had faith in Myntra. Today also I received a kurta set by ANITYA ( product code-44184473 price is 1,577/-) ) . it broke my heart. it is the cheap 3rd copy of the shown kurta set. totally fraud. the similar kurta set could available in under 1000/- on other site."
3/25/2025,App Store,4,"I’ve been associated with Myntra for many years now and have reached the Icon stage, which itself reflects the trust and consistency in my experience with the brand. Myntra has always been my go-to platform for shopping because of the quality and authenticity of the products sold.

Over all these years, I have never faced any issues with returns or refunds. While I understand that certain conditions may vary depending on individual sellers, my experience with Myntra as a platform has always been smooth, transparent, and reliable.

Myntra has truly earned my trust as a brand, and I continue to choose it with confidence for all my shopping needs."
3/24/2025,Play Store,5,trusted delivery app👌
3/23/2025,Play Store,1,very bad..samaan ulta bhejta hai koe teg nehi company ka naam nehi baad mai return nehi lena chahta.very bad aap.please Paisa barbaad mat kero 🙏
3/23/2025,Play Store,5,delivery experience is good but you have to put size on product as UK bcz Indian purchaser expect UK size on order time
3/22/2025,Play Store,5,good quality
3/21/2025,Play Store,4,good quality
3/20/2025,Play Store,5,"⭐️⭐️⭐️⭐️⭐️ My Myntra Experience My experience with Myntra has been really good. I love the wide variety of clothes, footwear, beauty products, and accessories available on the app. The products are easy to browse, and the filters and size options make shopping more convenient.I also like the discounts and offers available during sales."
3/20/2025,Reddit,1,"I am extremely disappointed with the way my issue is being handled. This is the sixth time I am reaching out, and despite multiple attempts, my problem remains unresolved.

To make matters worse, during three of my calls (day before yesterday and today), your team abruptly disconnected while I was speaking. The calls were inaudible, and instead of assisting me, your representatives simply cut the line. Today, I was on a call for 17 minutes, and yet, no resolution—just another disconnection.

I have been following up since March 15th, and today is March 20th, yet I have received no written response, no callbacks—absolutely nothing. Do you expect me to waste my time repeatedly over something that should have been resolved by now?

Additionally, I had a terrible experience with one of your customer support agents, Suman, who was extremely rude to me. I insist that you review the call recordings and take strict action. I also want to file a formal complaint against him.

What’s even more shocking is that my issue was NOT resolved, yet after I disconnected the call, this agent falsely marked two issues as resolved. This is completely unfair and unacceptable.

If this continues, I will have no choice but to escalate this matter publicly with screenshots of these failed interactions. I expect an immediate response and resolution at the earliest.

AND THESE PEOPLE FOOL EVERYONE AS THEIR APP IS RUNNINH GOOD"
3/18/2025,Play Store,5,"excellent app , good customer service best quality product"
3/18/2025,Play Store,5,"Great shopping experience✨the quality was excellent, and the delivery was quick. The app is easy to use, with great discounts. Returns and exchanges were also smooth. Overall, I'm very satisfied with my purchase👍"
3/18/2025,Play Store,5,till now the delivery is good
3/17/2025,Reddit,1,"I have been a loyal customer of Myntra for the past 3-4 years, but my recent experience has been nothing short of frustrating.

I ordered a Safari bag set of 3, which was supposed to be delivered by March 5th, but it was delayed and delivered on March 7th. The bigger issue is that I only received one bag instead of three. I immediately reached out to customer service, and they raised a complaint on March 10th.

Since then, I have been continuously calling them, but they keep telling me to wait for 24 hours each time, and yet, nothing is actually being done. I have waited 24-48 hours multiple times, and still, there is no resolution. On March 14th, they assured me that my issue would be resolved within 24 hours, but today is March 18th, and I am still waiting.

Their customer support is completely unhelpful—they are:

Unable to provide a clear resolution or answer what will happen if they can't fix the issue within 24 hours.
Unable to transfer the call to seniors for better assistance.
Unable to process a refund or return request, leaving me stuck with an incomplete order.
I have a flight on March 19th, and I needed this luggage set urgently, yet Myntra has done nothing to resolve my issue. They are just fooling the customer, despite me being a loyal shopper for years.

Extremely disappointed with Myntra’s service! If they can't resolve such a simple issue, how can customers trust them for future purchases?"
3/16/2025,Play Store,1,many isse in this like .too weak service and lazy delivery boy automatically cancelled order low product and more
3/16/2025,App Store,1,"Absolute scam. Myntra has officially hit a new low. Today, I received a notification claiming my order was ""Successfully Delivered.""
Here is the problem: I have been sitting by my door all day, and absolutely nothing arrived. No delivery agent called, no OTP was shared, and no package was left with security or neighbors. It’s like the delivery driver just marked it done to hit their daily quota and vanished into thin air.
When you try to resolve this, the nightmare truly begins:
 The ""Support"" Bot is Useless: You get trapped in an endless loop of automated, generic responses that do absolutely nothing to solve the problem.
 No Immediate Human Help: Trying to reach an actual human being in customer service feels like trying to get a meeting with the President.
 Zero Accountability: They take your money instantly, but when their logistics team fails, they expect you to wait days for an ""investigation.""
This is blatant fraud and unprofessionalism. If your delivery partners are going to steal or fake deliveries, the least you can do is provide immediate, functional customer support to refund the customer.
I want my money back immediately. Consider this my last order ever on Myntra. Shoppers beware—pay cash on delivery or shop elsewhere if you actually want to receive what you paid for!"
3/16/2025,Reddit,1,"I had a terrible experience with Myntra’s return policy, which turned out to be completely misleading. They advertise a “14-day easy return policy”, but when I tried to return a product, they refused to arrange a pickup without any valid reason.
	•	Fake “Non-Serviceable” Excuse: My address is regularly serviced by Myntra for deliveries, and past return pickups were successful. However, they are now falsely claiming that my address is “not serviceable” with no explanation.
	•	Forcing Customers to Self-Ship: They are making me self-ship the product at my own cost, something that was never mentioned at the time of purchase.
	•	Unfair Refund Policy: Instead of refunding my money to the original payment source, they are forcing a refund in Myntra credit—trapping customers into shopping again.
	•	Unjust Platform Fee Deduction: They deducted platform fees from my refund but still refused to arrange a pickup, making me pay for return shipping.
	•	Pathetic Customer Support: Despite multiple follow-ups, Myntra’s team has provided no solution and keeps repeating the same scripted response.

I have raised a complaint with the consumer court, sent a legal notice, and posted about this issue on social media. Despite this, Myntra continues to ignore my complaint. On social media, they only reply with “We have highlighted your concern and will get back to you soon”, but in reality, they keep giving the same scripted response with no resolution.

🚨 Beware before shopping on Myntra! Their return policy is misleading, and their customer service is unhelpful. Even legal action and public complaints are ignored."
3/15/2025,Play Store,1,delivery delayed
3/15/2025,Play Store,1,"Very disappointing experience. My issue has been going on for almost a month. I received the wrong product and provided the product tag/code and invoice as evidence, but Myntra kept giving generic responses saying the correct product was dispatched. After repeated complaints, they agreed to take the product back, but pickup failed 3–4 times. The agent is either busy or doesn't answer. Still waiting for a proper resolution. Very poor customer support and return experience."
3/14/2025,Play Store,1,"lately I lost the trust with Myntra. They are accepting only positive reviews in the name of moderation. Any slight hint of negativity in the review, it is rejected. looks like paid reviews for me. I got a watch without a warranty card and I got a shirt which is not as per the measurements shown on the product page. I wrote a review and both of them are rejected with the same reason - Contains Service related feedback."
3/14/2025,Play Store,5,Kharch krna psnd hai to must install 🫡😂 but Acha hai knsta se jyda mai isse scroll krti hu so mere liye to best hai benefit ye hai ki isse scroll krne se tum kisi ke pyar mai nhi pdoge aur depression se dur rhoge 🫠🫠🫠
3/13/2025,Play Store,5,so far so good. I ordered 4 items and 2 items were as per my liking. remaining 2 were not the ones which I ordered I mean colour and size etc. but their returns process is so far good
3/13/2025,Play Store,5,I trust Myntra completely with quality & promised delivery date or even before delivery date. It’s so convenient to call Myntra customer care & get proper details & support from them. Myntra customer care sees to it that customer gets full satisfaction rather than just thinking about the platform reputation which I won’t say bad or a secondary priority. They just keep handing non-stop complaints & try their best to keep up to the expectations of customers.
3/13/2025,Play Store,5,"Best App for shopping I just love the products💗 Myntra is a great app for fashion shopping with a wide range of trendy options. The interface is user-friendly, making browsing and ordering easy. Delivery is usually quick, and the quality matches expectations."
3/11/2025,App Store,1,"I recently bought a hair dryer from Swiggy 30 minutes ( which takes the whole day and not 30 minutes). The dryer was damaged, I had requested for an exchange the same day, the next day the delivery guy came and when he saw the product had a quality issue didn’t go ahead with the exchange but instead left saying he will come back the next day or someone else to exchange. He never came so I had a chat with the customer support from , I have spoken to 5-6 of them and well everytime I have to repeat the same thing, send the same required pictures three times, but at the end no updates nothing has been done about the resolution. 

The status shows return to origin- but who is going to take accountability of the product I bought trusting Myntra as the dealer. 

It’s been more than 15 days now since I wanted an exchange on the product, now I don’t even want the product, I just want a refund. 

But nobody seems to take accountability for this, it is disappointing that a brand which has always proven to be so efficient is going down in its service. 

No I can’t even chat with a customer service provider cause they are all occupied according to their server"
3/10/2025,App Store,5,"I’ve been using the Myntra app for a while now, and I must say it’s one of the best fashion shopping platforms out there! The app is super user-friendly, with a clean and intuitive interface that makes browsing and purchasing effortless.

The product range is incredible, covering everything from trendy clothing to stylish footwear and accessories. I love the frequent discounts and offers, making shopping even more affordable. Plus, the delivery service is reliable and quick, and the return/exchange process is hassle-free.

Overall, Myntra provides a smooth and enjoyable shopping experience. Highly recommend it to all fashion lovers! ⭐⭐⭐⭐⭐"
3/9/2025,App Store,1,No need to download this app buy product from Flipkart and Amazon only if get wrong product they don’t return it or you can’t connect with customer care
3/8/2025,Play Store,1,"poor customer service hard to reach real agent Extremely disappointing customer service. My issue is still not resolved, and no actual customer care executive has contacted me. I am only getting automated/bot responses, which is not a solution. Despite paying a platform fee, if customers cannot even get proper human support or resolution for a genuine delivery issue, then what is the point of the fee?I have already explained the issue multiple times, yet I am still being asked for feedback"
3/6/2025,Play Store,5,"this app is amazing, these are given good quality items ❤️"
3/6/2025,Play Store,1,lanjakodukulu discount isthaaru first order ki but delivery cheyyaru cancel chesthaaru
3/5/2025,Play Store,5,fast and good delivery
3/4/2025,Play Store,1,"Strongly Disappointed Very disappointing experience with Myntra. The delivery dates shown are misleading, and you end up wasting your time waiting for an order that doesn’t arrive when promised. The customer service is equally disappointing, with no proper resolution or support. Please provide realistic delivery timelines and improve your customer service. Overall, a very poor experience."
3/1/2025,Play Store,1,"Very disappointed with Myntra. I ordered these pants because I trusted Myntra’s quality, but the product I received is extremely poor. The color is only 10% similar to what is shown, the fabric quality is very bad, and the stitching is even worse. Myntra has such a big name, but selling such poor-quality products is damaging its reputation and customer trust."
3/1/2025,Play Store,5,"Myntra is a very user-friendly shopping app. It has a great variety of products, good quality, attractive offers and easy delivery. Overall, I am happy with my shopping experience. ⭐⭐⭐⭐⭐"
2/28/2025,Play Store,5,super quality
2/27/2025,Play Store,5,"very good app,too many options for shopping , and best part is easy returns or exchange ,"
2/27/2025,Play Store,1,"says one day delivery, n can't deliver. why do people order for mins delivery, for urgency, n they say in one line, can't deliver. no support, no chat or call support."
2/27/2025,Play Store,5,"ufff I love myntra.... anyone reading this comment download myntra and give reviews for your product, i can guarantee you that myntra will give you credit points. I have reviewed very few products and got 1000 credits.😍😍💃🏻"
2/27/2025,App Store,1,"I have been a devoted customer of myntra.. recently  humko return k regarding issues face karne padh rahy h .. guys dont blindly buy from myntra they do sometimes send you fake branded clothes or wrong products.. i received a completely different product from myntra ( mango ) i did order a bodysuit from mango and they delivered a top that too seems like ragged out .. when I submitted all the pictures within 10 min after receiving the product .. the app was showing my area isn’t available for pickup and they do want me to self ship .. i dont go out from my house how would i do self ship !? Plus when i asked multiple myntra customer care agents to help me they just refused to give me any solution .. pahley to galat kapde deliver karo baad m .. bhaad m jaye castomer ,. If im facing this problem there must be lots of people facing the similar issue for sure .. I wouldn’t suggest anyone to buy from this app .. castomer care service is pathetic .. beware…"
2/26/2025,Play Store,5,"I love myntra fast delivery, easy return , amazing service."
2/26/2025,Play Store,4,good quality
2/25/2025,Play Store,5,Nice App and Quality Product 👍
2/25/2025,Play Store,5,"best app for purchasing new styles in affordable prices, they have products in every range, also give good offers when in sale.."
2/24/2025,Play Store,5,This is one of the best apps to buy clothes online. Best prices with best quality and a good customer care helpline desk.
2/22/2025,App Store,1,"I had ordered a clothing item. The delivery agent called and informed that he is reaching for the delivery. Then he didn’t show up. Next day also it was showing out for delivery. I called the agent multiple times, but he didn’t answer the call and also cut the call a few times. Same thing happened again on the following day. The customer support is worse. They registered the complaint, but gave a resolution date of after 3-4 days. I finally realised that you cannot count on them for any urgent need. The delivery agent came on 5th day from the original scheduled date. Don’t know what they were doing till then. I had to refuse the delivery. Will not use the scammer myntra from now on. They just ruined the experience. Once the business becomes successful, they start taking customers for granted."
2/21/2025,Play Store,5,variety of products are available. rate is competitive. easy return in 7/10 days.
2/20/2025,App Store,4,I just love Myntra... the only thing you need to improve is return policy .... almost every time return is also just easy n few clicks away but I had extremely bitter experience couple of times .... once I’ve returned all 3 products n even got confirmation from your end n than suddenly the status has been changed n it was showing that still one item is remaining with me n than it started showing that product was rejected in quality checking.... at that time I was feeling like I don’t have any other work apart from calling Myntra every day... n I’m your elite customer... so very very frequent buyer... there should be some help centre for your prime customer who can help us if any problem occurs
2/19/2025,Play Store,5,this product is verygood in quality and received as like in the picture
2/19/2025,Play Store,5,whatever I think It's Becomes To Fit and Looking Perfect It makes Me To Feel Comfort what I choose Myntra
2/19/2025,Play Store,5,Myntra has genuine products and at reasonable prices. Their delivery is also very good
2/17/2025,Play Store,5,one of the best shopping aap I aver had very fast service and quality 👌 is soo good i am very impressed i love ❤️ Myntra.
2/17/2025,Play Store,1,quality issue dealers
2/15/2025,Play Store,5,so good quality... my daughter is using from last 1 year.
2/14/2025,Play Store,1,Horrible experience with Myntra. These people don't value their customers.My App got auto updated .. don't know how I got logged out..and since then I cannot access my account and my orders which were in transit. I want to exchange the product but can't do so. Twice I raised my concern through the help center. The agents close the issue without calling the customer. There is no means to contact them in anyway
2/14/2025,App Store,1,"I’ve been a loyal Myntra customer for four years, consistently ordering and even reaching their Elite customer status. However, my recent experience has been nothing short of disappointing.

I placed an order for 18 items, which Myntra decided to deliver on random dates based on availability. One weekend, I was traveling, and a package containing three pants was delivered. A family member received it and kept it aside. When I returned and opened it, only one pant was inside instead of three.

I immediately reached out to Myntra customer support and spent an entire day trying to get assistance. However, their response was robotic and unhelpful, repeatedly stating that I should have contacted them within 72 hours. I explained that I was out of town and that the missing items were their fault in the first place, but they refused to take responsibility.

This seems like a clear scam—not delivering items and then hiding behind policies instead of actually supporting customers. Whether it’s an issue with vendors or delivery partners, Myntra needs to take accountability.

If this is how they treat their Elite customers, I can only imagine how frustrating it must be for others. Be careful while ordering—there’s no guarantee you’ll receive everything, and Myntra won’t help if things go wrong!"
2/13/2025,Play Store,5,"nice deals,,,quality product,,best service"
2/13/2025,Play Store,5,I am most use for online shopping for this myntra app and quality is very good
2/13/2025,Play Store,5,"Absolutely! Here's a detailed positive feedback you can post for Myntra: ⭐⭐⭐⭐⭐ Excellent Shopping Experience with Myntra! I have had a really great experience shopping with Myntra. The app is very user-friendly, well-designed, and makes online shopping extremely convenient. There is a huge variety of products available, including clothing, footwear, accessories, beauty products, and many other fashion items. I especially appreciate the wide range of brands and styles available, which makes it ea"
2/11/2025,Play Store,5,best fabric
2/10/2025,Play Store,1,delivery time Long and items not delivered no coustomer support myntra not purchase all items not
2/10/2025,Play Store,5,top quality available in myntra
2/10/2025,Play Store,5,The quality is top notch 👍
2/10/2025,Play Store,5,quality products
2/10/2025,Play Store,5,"“Absolutely love Myntra! 😍 Great collection, offers, and smooth shopping experience. Highly recommended"
2/9/2025,Play Store,3,"the product looks good but the quality is not good, fabric is too stretchable"
2/9/2025,Play Store,1,"very bad customer support now they hand their customer support calls to chat bots which they don't even understand, i explained my issue clearly in hindi after agreeing to me chat bot replied she can't hear ,why you people implements these kind of bots without testing plus there is no way to contact actual customer care.i regularly shop on Myntra but now while writing this review i uninstalled the app."
2/9/2025,Play Store,5,nice quality
2/9/2025,Play Store,1,fraud app they don't have stock if you order They cannot deliver They cancel delivery without our permission
2/6/2025,Play Store,5,best delivery and shopping experience go check it out
2/6/2025,App Store,5,"I've been using the Myntra app for a while now and overall, it's a great platform for fashion shopping. The user interface is clean and intuitive, making it easy to browse through a wide variety of clothing, accessories, and footwear across popular brands. The filters are especially helpful in narrowing down choices. One of the best features is the frequent sales and discount offers, along with quick delivery and smooth return/exchange processes. The app also remembers your preferences and sizes, which makes repeat shopping convenient. However, the app can sometimes feel a bit heavy or slow on lower-end devices, and there are occasional glitches during checkout or coupon application. Also, customer support via the app could be more responsive. Rating: 4.3/5"
2/5/2025,Play Store,1,"One of the third-class companies, I am still not getting a refund after returning the product for 3 days. The feedback chat and call services are fraud. Never buy."
2/4/2025,Play Store,5,best app for discounts and real products
2/3/2025,App Store,5,good quality
2/2/2025,Play Store,5,Bought Fbella satin night dress via myntra. Its quality is like amazing. Fully satisfied with the quality I ordered and it's worth to buy.
1/30/2025,Play Store,5,good fitting and Febric
1/30/2025,Play Store,1,very bad delivery experience it often that you order something and you don't have online money so you do cash on delivery and then myntra start their hypocrisy game that first we will delay product to deliver and then cancel order order without any clear reasons. plz not order anything form myntra
1/29/2025,Play Store,1,"orders are not delivered on time ,delivery agent don't pickup up your calls, customer service is not different this has happened 2times now"
1/29/2025,Play Store,5,awesome service and fast delivery and also the product quality is also too good
1/25/2025,Play Store,3,"Myntra has announced its Independence Day Sale, but it seems they have forgotten to implement the discounts. In fact, the products are still being sold without any significant discount. What’s even more surprising is that some products were actually cheaper before the sale, while their prices have increased during the sale. It seems like Myntra may have overlooked updating the sale prices."
1/24/2025,Play Store,5,happy with neeman's quality
1/24/2025,Play Store,5,"Excellent quality and great collection! The clothes are stylish, comfortable, and made with good-quality fabric. The fitting is perfect and the overall shopping experience was wonderful. Highly recommended!"
1/24/2025,Play Store,5,The shopping app is good and facilitate every possible discount and save your money by providing coupons . Mind blowing 🫠🫠
1/23/2025,Play Store,1,cannot even return an item
1/22/2025,Play Store,5,"the quality is good, finishing is also 👌🏻"
1/22/2025,Play Store,5,best quality products
1/20/2025,Play Store,1,some scams by myntra delivery partner or myntra customer didn't resolve on time
1/18/2025,Play Store,5,I have order clothes from myntra and all are very cheap in prize and great in quality
1/18/2025,Play Store,5,awesome quality
1/16/2025,Play Store,5,amazing .. nice collection fast delivery fast return. fast refund... thanku..
1/16/2025,App Store,1,"I have been using Myntra since 2012 and used to love it until 2025. The app technically doesn’t have issues but the services of company have gone beyond pathetic. Since April 2025 (more than a year) not a single order got delivered WITHOUT multiple complaints, follow ups, several hours spent on trying to connect with them. It is horrible. The entire reason I loved online-shopping was I didn’t time for going to markets frequently. Now Myntra makes me waste my work hours, lunch breaks, family time and weekends trying to connect with some human on their customer support only to hear that complaint is already registered with NO solution. 

There are still due deliveries since 20 days while I am writing the review. And I am almost sure that they will do nothing about it, let it be for 10 more days and then cancel it from their end. 

Horrible customer experience."
1/15/2025,Play Store,5,very rich quality products. budget frndly too
1/15/2025,Play Store,1,"Myntra has started using AI-generated product images for clothing listings, and it’s becoming difficult to trust what the actual product looks like. I found the exact same outfit elsewhere, but the Myntra listing used heavily AI-edited photos that changed the appearance of the garment. For a platform known for fashion shopping, real product photos should be the standard. This feels misleading and disappointing. And they sell copy of every outfit."
1/14/2025,Play Store,4,Nice product and good quality and fast delivery
1/14/2025,App Store,5,"I absolutely love Myntra for multiple reasons. First, what image is shown on the app is what product I get. And I love that. There has never been any deceit. Secondly, the quality of every product is so good. I have been able to keep the products I buy from Myntra for a very long time. Third, the offers are very tempting. There’s always something going on- some sale, some offer, irrespective of what season or occasion it is. This app serves people from every strata, and the options they provide are varied and it does become difficult to pick cuz they’re all so good."
1/13/2025,Play Store,5,good quality dresses
1/12/2025,Play Store,5,Good app and Nice and unique collection loved the material and colour of the dresses
1/10/2025,Play Store,5,quality and size is very good and real
1/10/2025,Play Store,1,"I tried to place an order including 8 items and it kept showing 'Sorry, your order could not be placed' again and again. Turns out that I was able to place the order once I removed the non returnable items from the list. It would be great if you could provide some instructions while facing such issues with the orders."
1/10/2025,App Store,5,"Myntra is one of the best online platforms for fashion and lifestyle products. It offers a wide range of brands and products across all categories, including clothing, footwear, and accessories. The user interface is simple, and the filters make it easy to find what you need.

The delivery service is fast and reliable, and the packaging is excellent. Returns and exchanges are hassle-free, making shopping convenient. Myntra’s discounts and seasonal sales offer great deals, though some products can be slightly overpriced without discounts.

Overall, Myntra provides a great shopping experience with a variety of options and dependable service. Highly recommended for fashion lovers!"
1/9/2025,Play Store,5,Genuine Original items delivered with same quality as shown
1/9/2025,Play Store,5,Good website Good quality of products
1/9/2025,Play Store,5,Good quality and value for money.all branded clothes at a low price. More verites in low price
1/9/2025,App Store,5,"I have been an absolute Myntra lover until I had my worst experience in the last one month. 
I stay in Kolkata and frequently travel to Mirzapur(UP) where I have placed multiple orders often from Myntra and  various other sites but this time when I placed 3 orders with prepaid process, my delivery was constantly failed and went re-attempted and it wasn’t even delivered. Myntra and it’s delivery staff lied and marked my products delivered. In between I also placed lots of other items which were ALL cancelled one by one. 
So I lost my money without getting my products.  I am absolutely devastated with Myntra’s behaviour."
1/8/2025,Play Store,5,"I recently ordered a formal shirt from Myntra, and it exceeded my expectations. The fabric quality is top-notch—soft, breathable, and premium to touch. The fit is true to size, giving a clean, tailored look, while the color matches the product photos online. Stitching and details are well-crafted with no loose threads. It handles washing well without shrinking or fading. Myntra's delivery was fast, and the packaging kept everything in perfect shape. Great"
1/8/2025,Play Store,5,Amazing app for shopping at best prices. lots of brands and articles to choose from with great discounts must try 🙂 Loved it 😜
1/7/2025,Play Store,5,best Quality
1/7/2025,Play Store,5,Good App To Purchase Many Items You Needed Fast Delivery High Quality Products And Best Custome Care.....
1/5/2025,Play Store,1,"Extremely frustrating experience! My order was delayed beyond the promised delivery date. I contacted customer support twice and was repeatedly assured it would be delivered, but nothing happened. Now, after wasting so much time waiting, even cancellation comes with a charge. No proper resolution, no accountability, just endless waiting and false assurances. Myntra seriously needs to fix its customer service."
1/4/2025,Play Store,1,"return keeps getting canceled due to ""internal matters."" tried calling the customer care, and you are handed an AI voice bot on call. time to uninstall this garbage app."
1/3/2025,Play Store,1,The delivery partners of the Myntra app are useless.
1/2/2025,Play Store,4,Myntra is always my go to app for thingss... I'll never find any problem with this app in terms of delivery or any other things
1/2/2025,App Store,2,I buy this shirt but size and stuff was not good so i returned this product and Myntra didn’t return my cash back and when i try to contact to customer Services they said amount is credit in ur account but i told them i didn’t received they told contact to bank  i went to bank checked all statements but not received any credit this incident happened with me two time i have raise so may time query but they are not listening my issue bot giving my money back they always said contact to bank contact to bank but bank already said there is no transaction so please don’t buy from Myntra. Please anybody tell me if they also faced this type of problem and please don’t buy from here they if u will return product they will hold ur money and gives the attitude like we have done the credit . Don’t use this app
12/31/2024,Play Store,5,"Nice platform to buy clothing, so many options and trendy stuff, it's always a joyful experience to add anything to the cart at Myntra."
12/31/2024,Play Store,1,worst app if there would have been an option of giving zero starts I would have preferred that They don't care about the customers I am not able to return a product they are continuously disapproving my return request.pathethic app to shop from I will never order from this app Very very bad and disappointing service.
12/30/2024,Play Store,1,one of the worst apps ever used in my life there is no customer support and the delivery person gone to a wrong place and cancelled my order and my coupons have vanished now who is gonna give my 800 rs back one of the worst app i have ever seen
12/29/2024,Play Store,5,fantastic discount
12/28/2024,Play Store,5,amazing place to find your outfit and aesthetic home decor 🙌🏻🤌🏻✨
12/27/2024,Play Store,1,"I received the wrong shade of the compact powder, and unfortunately, it is much darker than my skin tone. I tried contacting Myntra customer service and also tried several ways to request an exchange, but my issue was not resolved. I’m disappointed because the product itself may be good, but receiving an unsuitable shade without an exchange option makes the experience frustrating. Myntra should provide better support for genuine shade-related issues."
12/27/2024,Play Store,1,"myntra is scammer, when u return ,they say tag missing , reject return, myntra is fraud ."
12/27/2024,App Store,1,Myntra has the worst costumer service in entire e-commerce market. They are cheat. They dont have communication within their own teams. A customer service cannot connect with the logistic team. If you order something you should not return or cancel here otherwise you are doomed. They will give youdates after dates after dates and no one is actually responsible for your ticket. No one is working on the ticket you raise. And not just me everyone i talked with had similar issue. Someone is trying to get refund from months someone is trying to get a return and replacement. They will say you the package was not returned properly or this is not the correct order which you are returning. I ordered 3 times and all these 3 times i faced different issue. Either it was return. Refund. Cancel. No one is working on it. Customer service will tell you they dont have current knowledge on the status want 24 hra. Next day you will not get any update then you explain same problem to different Customer service guy and loop goes on. Its A FRAUD COMPANY.
12/25/2024,Play Store,5,"excellent, myntra is good , product quality is also good, thank you myntra"
12/25/2024,Play Store,1,"Previously, the application and customer service were quite satisfactory, and we were able to discover authentic and high-quality products. We had been utilizing it for many years. However, our recent experiences have been rather disappointing, as they appear to be permitting counterfeit products on their platform. Furthermore, when we attempt to return these items, their customer service declines the return, citing the product as fake, despite the product tag and original packaging remaining in"
12/25/2024,Play Store,5,"Wide Range of Clothings, Beauty & Footwear Brands. Frequent Events Like the End of Reason Sales Offer Heavy Discounts."
12/25/2024,App Store,1,"I have purchased a premium shirt costing around 9k from this app and it took a week for product delivery. Since there was a sizing issue I returned the product with bigger size and when I cross checked with brand sizing I found the sizing guide on this app was wrong. Any ways my return order was accepted but it never reached out to me. I never received any call from any delivery guy. But these guys are very smart to out a fake update on my order that the quality check failed. After complaining about my delivery experience the return was reinitiated and again same story, the product was never delivered and fake updates are always made without fail. After speaking to customer support many times, there was no resolution to my issue and finally I got an answer that that they had reached the reattempt limit and now nothing can be done. This app people are blindly trusting their delivery partners and not even listening to what the customer is trying to say. I suggest to not to buy from these cheap online platforms and buy directly from the brand stores.
It’s a cheap app for cheap products with cheap support…"
12/24/2024,Play Store,1,"myntra is big scam and fraud. They take the order and don't deliver, neither return the amount"
12/23/2024,Play Store,1,Very bed app very cheap quality
12/22/2024,Play Store,1,Order exchange karne me issue hota hai..😒😠
12/21/2024,Play Store,5,good quality and very comfortable
12/21/2024,Play Store,5,fast delivery ❤️
12/20/2024,App Store,1,"I am absolutely frustrated with Myntra's service. I ordered a product with high hopes, but upon delivery, I received the wrong item. Not only was the product completely different from what I ordered, it was a used, dirty product, but the whole process has been a nightmare to resolve. I contacted customer service immediately, but the response time was incredibly slow, and when I finally received a reply, it was unhelpful. They just kept asking for the same details over and over again without offering any clear solution. It has been over 2 weeks, and the issue remains unresolved. Myntra's delivery system is clearly not reliable, and their customer service is far from efficient. I have lost trust in this platform and will definitely think twice before shopping here again. Very disappointing!"
12/19/2024,Play Store,5,"Easy to use and has a great variety of products. The search, filters, reviews, and delivery tracking are really helpful. Overall, a convenient and reliable shopping app.👌🏻"
12/18/2024,Play Store,5,Great products and great deals every time this is the best online platform for the quality and I'm so satisfied shopping on Myntra and if you are looking for a unique you go shop on Myntra 🤟
12/17/2024,App Store,5,"Myntra's iPhone application delivers an exceptional shopping experience right at your fingertips. From trendy apparel to stylish accessories, this app offers an extensive range of products that cater to every fashion need. The user interface is intuitive and easy to navigate, ensuring a seamless browsing experience. The app's search functionality is robust, allowing users to quickly find what they're looking for. With secure payment options and hassle-free returns, Myntra ensures peace of mind with every purchase. Whether you're on the hunt for the latest fashion trends or timeless classics, Myntra's iPhone app is your ultimate shopping companion. Five stars without hesitation!"
12/16/2024,Play Store,5,I got an amazing product deal and quality products on time.
12/14/2024,Play Store,5,best quality product
12/13/2024,Play Store,5,best quality clothes
12/13/2024,Play Store,5,good review
12/12/2024,Play Store,5,Nice app for shopping and understanding better style for the teenagers ++
12/12/2024,Play Store,5,good quality and best offers discount by myntra fashion shopping
12/11/2024,Play Store,5,excellent quality and fit
12/10/2024,Play Store,5,fast delivery good quality ❣️
12/10/2024,Play Store,1,very bad experience... delevery kabhi bhi time se nhi krte hai jo bhi date dete hai delivery ki uske baad hi order received hota hai...or customer support ka system bhi sahi nhi hai ... customer care se baat krne ka bhi System nhi hai Koi
12/10/2024,App Store,5,"5/5 Stars - A Decade of Exceptional Shopping with Myntra!

I've been a loyal Myntra customer for over a decade now, and my experience has been consistently outstanding. Myntra has become my go-to platform for all my shopping needs, and I've never had a reason to look elsewhere.

Key Highlights:

•⁠  ⁠Wide Product Range: Myntra's vast collection caters to my diverse shopping needs, from clothing to accessories.
•⁠  ⁠Authentic Products: I've never encountered a counterfeit product, ensuring a worry-free shopping experience.
•⁠  ⁠Timely Deliveries: Myntra's logistics are impressive, with prompt delivery and flexible scheduling.
•⁠  ⁠User-Friendly Interface: The website and app are intuitive, making navigation and checkout seamless.
•⁠  ⁠Competitive Pricing: Regular sales, discounts, and offers make Myntra a value-for-money destination.
•⁠  ⁠Excellent Customer Support: Responsive and helpful customer care resolves any issues quickly.

Why I Choose Myntra:

•⁠  ⁠Trust: Myntra's reliability and commitment to quality have earned my loyalty.
•⁠  ⁠Convenience: Easy returns, exchanges, and refunds make shopping hassle-free.
•⁠  ⁠Variety: Myntra's partnerships with top brands ensure I find the latest trends.

Rating Breakdown:

•⁠  ⁠Product Quality: 5/5
•⁠  ⁠Pricing: 5/5
•⁠  ⁠Delivery: 5/5
•⁠  ⁠Customer Support: 5/5
•⁠  ⁠Overall Experience: 5/5"
12/9/2024,Play Store,5,"yes mantra is the best app fast delivery, gud product and extra........aap ek baar shopping ker ke dekhe"
12/7/2024,Play Store,1,myntra doesn't give your payment back once order is returned I've faced this issue my money is sent in other bank and myntra is not taking responsibility and myntra is not solving issues and there is no option to change bank details separately
12/5/2024,App Store,1,"The chat support is pathetic. I had to wait for 7 days for delivery and then it gets delayed further to unknown period of time. On raising the query it raises a ticket for a 7 days resolution time but on asking further support it says something is wrong and ends the chat by itself. What is this ? Why should i cancel my order that i have been waiting for 7 days. You should speed up the service and schedule the delivery the very next day and not ask customers to wait for unknown time. I did not get any message or information about the delay before or after. And there’s no call support available. I checked on website and app but just git questions and answers. It’s disgusting.
There’s fraud going on here, once i ordered a sweatshirt/sweater and it was defected piece and not my fit when i raised a return just on the basis of its wrong size because i had no idea about the hole as it was not my size. Besides the fact that the delivery and return being filed same day and even within an hour of delivery my return was not accepted because there was a hole and I didn’t mention it but i mentioned only size issue. Why would i check anything for defect if that’s not even my size. And i had to keep that with me and my money was never returned and got wasted for ordering from myntra. This is a pathetic customer support app. 0 support."
12/4/2024,Play Store,5,helpfull and very fast delivery 🚚
12/2/2024,Play Store,1,"Dear Myntra Customer Support Team, I am writing to express my serious disappointment regarding the delay in delivering my recent order. I placed this order for a pair of pants because I specifically needed it for an interview. At the time of purchase, the order was shown as Express Delivery, with an expected delivery date of 4 August 2026. However, today is 8 August 2026, and I still have not received my order. According to the tracking details, the package has already reached Pattambi"
12/1/2024,Play Store,2,even after applying gift cart they are charging 49rs more ?
12/1/2024,Play Store,1,worst quality service
12/1/2024,App Store,1,"I recently purchased Nautica Wall clock from Myntra, and unfortunately, the item arrived damaged. The packaging appeared to be intact, so it seems the damage occurred before shipping or during handling.
I promptly contacted customer service to request a return and pickup, but despite several attempts, I have yet to receive any assistance or resolution. It’s incredibly frustrating to not only receive a damaged product but also to experience poor customer service in trying to resolve the issue.
I expected a much better response, especially from a company of this reputation. I hope this issue can be addressed quickly, but based on my experience so far, I would be hesitant to order from them again. Pathetic service provided after complaining several times."
12/1/2024,App Store,5,"Myntra is a one-stop destination for fashion enthusiasts! With an extensive range of clothing, accessories, and footwear, it caters to every style and occasion. The user-friendly app and website make shopping a breeze, offering detailed filters, accurate size guides, and easy navigation.
One of Myntra’s standout features is its amazing discounts and frequent sales, making premium brands affordable. Delivery is swift, packaging is secure, and the return/exchange policy is seamless. Customer service is prompt and resolves queries efficiently.
Myntra not only keeps up with the latest trends but also ensures quality and variety, making it a reliable choice for every shopper. Highly recommended for anyone looking to elevate their wardrobe effortlessly!"
12/1/2024,App Store,5,I received a completely incorrect product 1 month after placing the order. I had 3 days to return. I did try to return but couldn’t go forward due to technical issues of adding a picture not working from Myntra’s end. I reached out just 4 hours after the 3 day window was closed (though they know that I did try to return the product within three days) and now you cannot help me? You’re letting bad brands get away with sending wrong products and protecting you’re fees. This is a very bad way of handling elite account. I’m extremely unhappy. Have lost faith in Myntra.
11/30/2024,App Store,5,Awesome shopping experience
11/29/2024,Play Store,5,Thanks for myntra My best option quality products
11/28/2024,Play Store,1,useless app not giving exchange on time delivery
11/28/2024,Play Store,5,quality is much better than others
11/28/2024,Play Store,1,glitchez Sleeveless Oversized T-shirt MRP 4̶9̶9̶ 199 rs don't have Small or medium size make sure to add small and medium size over all myntra is best
11/27/2024,Play Store,1,worst shopping app delivery date bohot late uske bad bhi us din deliver nhi krte delivery agent ka number bhi nhi dete na myntra customer ka call uthate hai na hi baat krte hai very bad service
11/26/2024,Play Store,5,delivery service is nice.
11/25/2024,App Store,5,Must purchase
11/25/2024,Play Store,5,"great experience, faster deliveries and best product quality."
11/24/2024,Play Store,5,I really love the quality and every thing but those coupon code things are giving a really good vibe..!! that fits in budget and gives the best quality.🫠
11/22/2024,Play Store,5,bhutt achhee ratee hai or kapdo ki quality bhi bhut badiya h
11/22/2024,Play Store,1,this app show exchange but they do not exchange product so very bad
11/21/2024,Play Store,5,good experience to shop quality products
11/20/2024,App Store,1,"omething valuable to their customers, leaving the customers lose their money. I was all ordering from Myntra from many years, but it seems like management or the ownership has been changed and harassment just is started. I recently ordered a sketchers shoes which I never received in its original packing, and I never received the Original pricetag, which Myntra asked while returning it due to which I have to face the loss of ₹8000. Myntra denied my request just because of the price deck and not considering the other tax along with a seal tag, making me lose. Even after having a long hours of talk over the customer care of Myntra approximately, I talked for 3 to 4 hours thrice still, I have to lose my money just due to the stupid policies of me that that I will launch from last one year. You are really pathetic, Myntra. You have actually gone, pathetic. May God make you feel how a single penny actually valued and earned. Myntra, you are the worst nightmare in my life ever happened to me.. Really not recommended. They  Are they are the thief now. 🤬😡"
11/19/2024,Play Store,5,"Absolutely loved my experience with Myntra! The app is easy to use, the collection is amazing, and there are plenty of options to choose from. The product quality was excellent, delivery was quick, and everything arrived well-packed. Overall, a smooth and satisfying shopping experience. Definitely recommend Myntra!"
11/19/2024,Play Store,1,"I have had a very bad experience with this app. It is a very useless app. It does not support anything, so I would not recommend it to anyone. Delivery experience is very bad"
11/19/2024,Play Store,4,referal cod show nhi ho Raha hai
11/18/2024,Play Store,1,Delayed delivery and very poor customer service
11/18/2024,App Store,1,"I have recently placed an order on Myntra, due to quality issue I have placed a return request. The delivery agent has picked up the product from me and called me later stating that there were stains on the product. I told him to return back the product to the same location where he picked up. But I didn’t received the product back from the delivery agent. I contacted thrice to the customer care of Myntra. Very unsatisfied and disappointed with their response. They mentioned that the logistics team has confirmed that the product was not picked up but there was quality issue it which is why the cancelled the refund. The reality I didn’t received neither the product back nor the refund. How can Myntra be irresponsible with what their customers are facing. Myntra should have controls over logistics partners and the agents. How can you people just sorry and the close the compliant leaving the customer unsatisfied. Very bad experience, seems like you people have the customer care for name sake who doesn’t resolve the issue nor provide the solution."
11/17/2024,App Store,1,"We keep getting wrong size orders, products with missing items, wrong colour items. The list goes on. They mixed up my order and kept stalling me for over a month for a 300 rs kids tshirt. Finally I was able to get the refund then recently they delivered a product with missing item. Again they kept stalling me. It all started with the customer representative saying “not to do anything regarding return or exchange we will provide a solution to you” after going back and forth they said “they can’t do anything as the product was sent by the company and it was not damaged if you haven’t received it we can’t provide a return or refund”

Yes! Seriously! This is the “solution” provided by Myntra for sending product with missing items. I am an ICON member of Myntra and have shopped for lakhs from them. Yes in lakhs! And this is what I have to experience. Sadly I will not be able to shop from Myntra anymore. The buying and return is no longer easy. This was an item worth 649 rs only but who knows they can screw me up for any of my orders worth 4000+ rs saying they can’t do anything?"
11/16/2024,Play Store,1,Maine 2 cap order Kiya. 1 cap ki delivery ekart se ho gayi and 2 nd cap shadowfax se aana tha.whatsup par msg aata hai are you available or not . this is task for delivery from shadowfax.and after 5 day order automatically cancelled. i don't know reason.
11/16/2024,App Store,1,"Had a horrible experience with Myntra this time I ordered 2 dresses for my birthday last month the one which I ordered was totally different from the image even the material was so cheap the price of that dress was about 1400,and the quality was not even of 140 and if we talk about the 2nd dress than it took more than 15 days to confirm my order only to which of course I lost the occasion to wear it and I had got to cancel it anyway after cancellation my amount was not refunded for more than 20 days now,like seriously !!!!!!!,I end up calling their customer services and after having a chat with them they will give you a fake assurity like they do really care but I’m still waiting for my refund of last month.
Because of this my birthday my SPECIAL day got spoil,this is totally not acceptable 
I am disappointed a lot this time."
11/15/2024,Play Store,1,the worst possible app. products come without brand tagn poor quality. delivery guys refuse pick up. then customer care does not co-operate.
11/14/2024,Play Store,5,very nice app for buying anything compare than others apps . really better experience
11/12/2024,Play Store,5,beat app and best quality products are resnanable here
11/12/2024,Play Store,5,very very good app. product quality is very good .
11/11/2024,Play Store,5,The products are highly appreciated and recommended 👌
11/11/2024,App Store,5,"“Myntra is an absolute game-changer for online shopping! The app is easy to navigate, and the variety of brands and styles available is impressive. Whether I’m looking for everyday wear or something special, Myntra always has exactly what I need. The quality of the products is consistently great, and the size guides are accurate, which makes shopping online so much easier. Delivery is always on time, and customer service is responsive and helpful. Plus, they offer amazing deals and discounts that make shopping even more enjoyable. Highly recommended for anyone who loves fashion!”

5/5 ⭐"
11/10/2024,Play Store,5,"quality, fittings superb"
11/9/2024,Play Store,5,"I’m really happy with my experience on Myntra. The app is easy to use, the collection is amazing, and the products are trendy and good quality. Delivery was also smooth. Overall, a great app for online fashion shopping. Highly recommended!”"
11/9/2024,Play Store,2,"A lot of improvement is expected, specifically in delivery time."
11/8/2024,Reddit,1,"Their customer service is the worst, calling the customer service for past 5 days on one of the orders which was supposed to be delivered 5 days ago on the status and they are like an automated response, “we have raised the ticket, our leads will look into it, thank you for your time, your issue will be addressed with topmost priority “, but there is still no response. The same thing happened 15 days ago and same response and order got auto cancelled without even informing me. Ive used myntra alongside ajio and they have a far better response than these guys. I asked for talking to an escalation team and the same response even from the supervisors also. I guess they follow a ticketing system to just do blame game rather than providing a customer with a response. If you are planning a vacation shopping or wedding shopping, definitely dont purchase anything from this app, you might end up not having anything if you depend on this app. I tried to call the delivery agent and he also cuts the call and doesnot respond, delivery partner being from Ekart logistics. I ordered a sherwani for my brothers wedding 1 month ago and i guess these people will deliver the product for celebrating his one year anniversary rather than his wedding. They donot care about their customers coz they have a huge customer base but these actions have made me uninstall this app and im sure many others feel the same and they keep loosing money coz of this. I spend around 10k per month on this app and now, im not even gonna install this app after this. Their ticketing system and customer support is a joke, even automated services can provide a better response than this support. They outsource the delivery and are not concerned about the status of the order at all."
11/8/2024,App Store,5,"I recently purchased the Kurta Floral Embroidered Thread Work Sequinned Pure Cotton Kurta from Chandresh, and I couldn’t be more pleased with my purchase! This kurta is absolutely stunning — the intricate floral embroidery combined with the delicate sequins gives it a unique and elegant touch. 

The fabric is soft and breathable, perfect for both casual and semi-formal occasions. It’s made from pure cotton, so it’s incredibly comfortable and lightweight, making it ideal for warmer weather. The craftsmanship is top-notch, and you can tell that a lot of care has gone into the detailing, especially the embroidery and sequins, which add a subtle yet sophisticated shimmer.

The fit is true to size, and the overall design is very flattering. I’ve received so many compliments whenever I wear it! It pairs beautifully with both traditional and modern accessories, making it quite versatile.

Overall, I highly recommend this kurta to anyone looking for a beautiful, comfortable, and high-quality piece. It's worth every penny and will surely elevate your wardrobe!"
11/6/2024,Play Store,5,"“One of the best shopping apps! Great collection, good quality products, easy to use, and a smooth shopping experience. Highly recommend""......👍"
11/6/2024,App Store,1,"Have been a regular customer of Myntra but of late, they seem to be losing their plot. Ordered a blue kurta for my kid. They sent a maroon one. Raised a complaint for wrong product delivered along with images. They responded by asking for more images that have the product label, stickers, tags, etc. The maroon kurta they delivered had none. So called them up and explained. Was told it will be looked into. Instead of resolving the complaint, they rejected my claim by stating “We investigated & found that the right product was delivered; delivery agent was also contacted & he confirmed that the product was delivered intact in a tamper proof bag. So, essentially, am the one who is lying!!! Another instance of a pair of shoes that I bought. Wore it for a few hours and the upper and the sole decided to part ways. Had to follow up quite a bit for refund which was done, but not without me knocking on their door many times. Maybe it’s just me and my streak of bad luck but if that is the case, then there is no point for me to stick to this app."
11/5/2024,Play Store,3,slow delivery
11/4/2024,Play Store,4,product quality is excellent
11/4/2024,Play Store,5,"⭐⭐⭐⭐⭐ Great shopping experience! Amazing collection, good quality, easy to use, and quick delivery. Highly recommended! 🛍️❤️"
11/3/2024,Play Store,5,very fast delivery
11/3/2024,Play Store,1,Myntra has conducted flawed investigations on several occasions; your investigators create fake reports and harass customers. Please do your job properly.
11/2/2024,Play Store,2,useless delivery system
11/2/2024,Play Store,5,please all products delivered my pin code
11/2/2024,Play Store,5,good quality in myntra one of Best 👍💗
11/1/2024,Play Store,5,wow....very good product and delivery 🚚 fast
11/1/2024,Play Store,5,"very good products quality, better delivery experience and fast delivery"
11/1/2024,App Store,5,"Dear Myntra Customer Support Team,

I am writing to report an issue regarding my recent order for running shorts.

The estimated delivery date for the product was between 11 March and 21 March. However, as of 22 March, the product had not even reached the nearest delivery facility. After waiting for more than 10 days without any progress or clear update, I was left with no choice but to cancel the order.

I also attempted to contact customer service multiple times, but I was unable to connect with a customer service agent. Although the chatbot raised a complaint ticket, I did not receive any proper response or assistance.

This experience has been extremely disappointing, as I expected timely delivery and better customer support. I request you to look into this matter and ensure such issues do not occur in the future. Additionally, please confirm the status of my refund and ensure it is processed without any delay.

I look forward to your prompt response.

Thank you."
11/1/2024,App Store,1,"See the thing about this app or brand as u can call maybe is that it ensures that it is reliable with showing that it’s working with big brands such as H&M , zaara , Nike etc etc …so with this as a costumer I would also like an explanation of WHY IN THE WORLD is my package not delivering other than just a simple ABSOLUTELY useless costumer service that has only like 3 options and don’t even get me on the automated call bs like if you can’t keep a good costumer service then why even create an app or show ads on media platforms…ads should be like “the most unreliable shopping app out there haha buy from us” …like if you are not gonna deliver the product JUST SAY SO why are u giving me false hope and just lying …like I get it festival time but that’s not even the case y’all show that the delivery will be in like 3 days WOWWW and the delay the product by a month?? 🤣🤣 bro stop lying.. I don’t ever want to buy from Myntra ever again guys it time to switch to other more RELIABLE AND NON PRETENTIOUS apps. Become better Myntra."
10/31/2024,Play Store,5,myntra is really good if anyone is finding good quality clothes with brands.... Experience is very good up untill now. Not regreted buying anything due to quality issue yet.
10/31/2024,Play Store,1,"The worst app, when I returned or cancelled the order the app showed refund credited but when I checked my bank statement and upi history it said I didn't receive any amount, I even complained many times but my bank still says no amount received and I knew about this a few days ago. before I had many return parcels but didn't notice in my upi account history that whether I received any amount or not."
10/31/2024,App Store,1,I will request all those who are reading this never to order from their site no matter what. I recently ordered a shirt for my birthday and just like all other products there was 15 days return or exchange option available. The product i recieved was too large for me so i opt for a return the day it gets delivered. Next day when the delivery person called me to pickup the refund i told him that i am out of town they can come next day. Despite which he put a remark that product didn’t matched. Its such a pathetic service from them if the product didn’t matched he must have uploaded a picture but there is no such thing. There customer support assured me that i will get a revert from them in 24 hrs its more than that. And they think they can just exploit us like that and take away our hard earned money. I will go to consumer court as i have all the evidence and chats and call details with the details. Not everyone is that easy that you can fool just remember it. I will suggest others  not to get fooled by them.
10/28/2024,Play Store,2,"Poor customer support from Myntra.I had ordered for a t shirt on 08.08.2026 and done the payment.Delivery date was showing 16 -18 Aug.The seller cancelled the order by themselves on 16th August citing some technical issues.Cancelletion after waiting for 8 days is unbearable.They were showing the status as packed from the second day itself.Eventhough I got the refund,how can we order things from myntra for a pre-planned function."
10/28/2024,Play Store,1,"You were supposed to answer my query by August 17th, yet now you are asking for another 48 hours. Please do not harass the customer to the point where they stop shopping on the app (Myntra) altogether. Issues should be resolved promptly. Please provide a solution to my problem by August 18th. Why is it taking so long to resolve such a minor issue? I purchased a product, and it was of poor quality—everything is clearly visible in the photos. What are you deliberating on? After this, I will never"
10/27/2024,Play Store,4,quality of product is good
10/26/2024,Play Store,1,i want to exchange an order but keep asking change address order not deliverable to this address..then how come it was delivered earlier.. worst experience
10/26/2024,Play Store,5,everything is good of fabric
10/26/2024,Play Store,5,"Good shopping experience. Easy to use, good products, and fast delivery. 👍"
10/23/2024,Play Store,1,very lond delivery time
10/22/2024,Play Store,5,"I have using Myntra app for long time and it's my favourite aap, genuine and original products,easy returns policy."
10/21/2024,Play Store,5,i do online shopping from myntra now n the trouser fabric n quality both r good
10/21/2024,Play Store,1,Worst experience when I tried to exchange a product due to size issue. They cancelled exchange due to unnecessary and invalid reasons multiple times. Ultimately I had to opt for return rather than exchange. High time you change your delivery partner.
10/20/2024,App Store,4,"Below was my experience and feedback about 1.5 years ago, since then Myntra has come along way, significantly improved their logistics, prompt delivery, lot of offers, product catalog expanded, assurance of genuine product.
Good job keep it up Myntra.
“I had a bad experience interns of the services provided by Myntra, so included my feedback in the product review, in terms of product also there were concerns as the size description given was incorrect. Anyhow, Myntra did not approve my review because I had mentioned about there service. Not a acceptable behaviour…!! If you are open to feedback’s then you are in wrong line of business.”"
10/19/2024,Play Store,1,return policy is very bad ....photo shown on the app was different from the real product and on return the delivery partner did not accept my return and after that the customer care executive did not receive the call no response from myntra very bad..not recommendedMyntra is one of the most frustrating apps ...I got a different product than the catalogue and on returning it was rejected as the wrong product... The people who scam get easy returns and we who literally got scammed by myntra are no
10/19/2024,Play Store,5,original quality 🫂
10/18/2024,Play Store,5,fast delivery and super quality product and great delivery service
10/17/2024,Reddit,1,"So basically I have ordered earphone for my use from Nu Republic there is a policy that you cant exchange or return the earphone I saw the ratings so I ordered, first they cancel my order after that i ordered again then after some days i received my parcel then i try them. The earphone are not fit for my ears They are very painful for my ears and very bad quality there are no extra earbuds. I try to return them From last 3 days they are making excuses there is no senior for help I didn't get my refund . The problem is if Nu Republic brand wants to make a policy for no return or exchange then make a product that no one can complaint about me if a customer is ordering anything online how he know that the product is good or not first he has to try and if it is not good then it is a right to return or you will keep it to yourself because of that stupid policy. Myntra customer care is very rude and behaviour is unacceptable and they should stop making excuses . There is no one to help out they will deny to make a complaint to any senior person and they expect you to accept that stupid product that’s not even a good product. I am very dissatisfied, disappointed from Myntra I will never shop from Myntra again . Here I want to praise Nykafashion my mother bought a suit from NykaFashion and the quality of the suit was very bad there was the same problem that there was no return exchange policy over there but still nykafashion customer care help my mother and return it. Please kindly look into it and make sure not to buy from myntra."
10/17/2024,App Store,1,"I have been an elite myntra customer for years now, but day by day myntra’s services are getting degraded. From last 3 years I am facing so many issues whenever I purchase a product in sale, they would send a totally different one and will not allow the return as if it was the customer’s fault. Also whenever I have purchased Mango products from myntra they have never sent the right product and after reaching out the forever busy customer support team they have, they would pick up the product and would not refund. I mean what are you doing with the trust of the customers that you have development over a decade of hardwork? And your customer support team is pathetic. They don’t even listen and understand the problem. You are not the only E-commerce platform working in the world. It’s people’s hard earned money that you guys are fooling them for."
10/16/2024,Play Store,1,I bought an item but it delivered a different item I sent a request to send it back again but the item is not returned my money has not been sent to me it shows my request is in process
10/15/2024,Play Store,1,very very worst product return They have a seven-day return policy but they never take returns.The cunsumer who came to pick up the return left without picking up the return.😡😡😡😡😡😡😡😡😡😡😡😡😡😡😡😡😡😡😡
10/15/2024,App Store,1,"I have been a loyal customer of Myntra for the past few years, but recently, I had a very disappointing experience. I requested a return for a bag, but when the delivery agent came to pick it up, he didn’t even bother to inspect the bag and placed my return request on hold, citing “different product delivered.” As a result, my return was canceled. I then filed a complaint and provided all the necessary images, but Myntra’s team also declined my request, claiming it failed the doorstep inspection. However, the delivery agent never even checked the bag, so how could it fail at the doorstep? It seems like they are ignoring the images I submitted and simply closing my case. Now, I’m unable to return the bag due to the actions of their delivery agent. It’s frustrating that a customer has to suffer because of the negligence of a delivery agent. Very disappointed with Myntra’s service."
10/15/2024,App Store,1,"I’m currently facing. I recently received a product of poor quality from Myntra that did not have a tag. Immediately upon receiving it, I raised a return request. The very next day, the delivery agent arrived but refused to complete the return process, stating that the product did not have a tag, which was not my fault as I received it this way. I then contacted customer care, and I was assured that my issue would be resolved within 24 hours. However, after following up, I have now been told that it will take an additional 48 hours. As a long-time customer of Myntra, I find this experience quite frustrating and inconvenient. I have done everything on my part, and I do not understand why my return is being delayed. I kindly request that you understand my situation and prioritize my return request. I would appreciate a swift resolution to this matter."
10/15/2024,App Store,5,"I have been consistently satisfied with my shopping experience on Myntra. The platform offers a wide range of fashionable and quality products, from clothing to accessories, catering to all styles and preferences. The user-friendly interface, detailed product descriptions, and genuine customer reviews make choosing items easy and reliable. Delivery has always been timely, and the packaging is neat and secure. I also appreciate their hassle-free return and exchange policy, which ensures a smooth shopping experience. Overall, Myntra has become my go-to destination for trendy and affordable fashion."
10/14/2024,Play Store,4,product quality is good but delivery agent behavior is not good.
10/13/2024,Play Store,1,"I'm extremely disappointed with Myntra's service. This has been one of the worst shopping experiences I've had. The customer support is unhelpful, issue resolution isvery slow, and there is no proper accountability. As a loyal customer, I expected much better service, but instead I faced inconvenience, frustration, and a complete lack of support.Myntra continues treating its customers this way, it will lose their trust. I would not recommend Myntra based on my experience."
10/13/2024,App Store,1,"I am writing to tell you about my deep dissatisfaction with the service I have received from Myntra and to formally escalate the issues surrounding the sudden deactivation of my account without any explanation. On October 2nd, I raised a complaint regarding a perfume order that arrived with an empty box. I was assured a resolution by October 5th; however, my complaint was marked as resolved despite not receiving any resolution. When I re-raised the issue on October 5th, I was assured again that it would be resolved by October 9th, but unfortunately, no action has been taken. On october 10th, I logged into my account only to find that it has been deactivated without any explanation. As a loyal and Elite customer, I frequently shop on your platform, and I currently have Rs 4000 in Myntra credits (from a gift card) at stake. This sudden deactivation not only jeopardizes my funds but also disrupts my ongoing orders and wishlist items. I’ve reached out to the customer care multiple times through calls and emails (customer grievances, support, communication) but haven’t received response from anywhere. My continued patronage of Myntra is contingent upon a satisfactory resolution of these issues. I won’t recommend this app to people.I believe it is crucial for potential customers to be aware of the service shortcomings I have encountered."
10/11/2024,Play Store,5,Great quality product
10/10/2024,Play Store,5,it shows good quality products and best in budget
10/10/2024,Play Store,5,"High price but good quality product I received it, if Myntra reduce the costume price and give good quality products, they customer will be more happy to afford it."
10/10/2024,Play Store,5,myntra product quality is awesome I love this app
10/9/2024,Play Store,5,simply amazing ...good quality product delivered and also very quick delivered. Nice experience with myntra.
10/9/2024,App Store,1,"I ordered around 5k items , my items were reached nearest hub and about to deliver today, but suddenly I checked myorders and I got to know that "" my orders were cancelled as per my request "" itseems .how shameful to service- problem was there at myntra end and showing that problem as I cancelled itseems . i called customer care and they clearely told it was there Delivery technical issue and product was not deliverd.  They said to reorderd again. How can reorder as I was planned to buy these items for my festival.  Hello myntra - should I order items after my festival ah ? Be responsive for the customers on there booked items until it reaches the customer home. Or else update evrything to customer if it was unable to deliver. Dear Myntra u had good fame in market. Dont loose it with one customer .   As a small hole can make myntra a loopHole to universe bigbang theory effect.
And Iam unsatified with myntra.  I spread negative only to my surrondings bcz they should also never disatisfiy from u in further. I am chaging my shooping service App and make to change to another shopping service App."
10/8/2024,Play Store,5,best for good quality clothes
10/7/2024,Play Store,5,Good Quality Products and Smooth Interface. Great Deals and Offer.
10/7/2024,Play Store,4,honestly I'm totally satisfied with this shopping app. bcz I found my fashion taste on this app. it provides good quality products.🙂
10/7/2024,App Store,5,"Myntra has completely transformed my online shopping experience! The app is incredibly user-friendly, making browsing through a wide range of clothing, footwear, and accessories a breeze. The interface is clean and intuitive, with features like easy search options, personalized recommendations, and detailed filters that help me find exactly what I’m looking for.

One thing I love is the variety of brands and products available. Whether I’m shopping for high-end fashion or budget-friendly deals, Myntra never disappoints. The frequent sales and discounts are a bonus, and I’ve saved so much with their exclusive offers.

Delivery is quick and hassle-free, with real-time tracking that keeps me updated. The return policy is one of the best I’ve encountered — simple and quick, with no questions asked. The customer support is responsive and always ready to help with any issues.

Overall, Myntra is my go-to app for all things fashion. Highly recommended for anyone who loves trendy styles and a seamless shopping experience!"
10/5/2024,Play Store,5,fantastic easy to use use agar pasand na aaye to return and refund turant
10/5/2024,App Store,1,"Being a Myntra Elite Insider customer, am writing down this. So I have placed an order on 1st Oct, 2024 and today is 5th Oct, 2024 and the product is still not shipped yet and it is showing the delivery date as 15 oct, 2024. Surprisingly, this is not expected from Myntra that it will take half a month to get an order delivered. And when we connect with the customer care team, unfortunately they cannot provide with any assistance. I am connecting with the customer care team since past three days with some sort of hope but to my disappointment, they are of no use. Worst customer service team ever. They do not have any coordination with the logistics team. Hopeless service. No pointing of showcasing so much of options for the customer if you cannot deliver the products on time. Rather it creates a headache for the customer.
Humble request and advice - “Team, please work on it.”"
10/3/2024,Play Store,5,classic and highly recommend this app
10/3/2024,App Store,5,"I recently purchased these PUMA shoes from the Myntra app and I’m very happy with the overall experience. The shoes look exactly like the pictures shown online and the design is very stylish. The build quality feels premium and the material is durable yet lightweight.

They are extremely comfortable for daily wear. The cushioning provides good support, making them perfect for long hours of walking. The fit was accurate to size and the grip on the sole is also quite good.

Delivery through Myntra was quick and the packaging was neat. Overall, this is a great purchase and definitely worth the price. I would highly recommend these shoes to anyone looking for a combination of style, comfort, and quality."
10/2/2024,Play Store,5,Good for shopping and the quality of clothes that I received is so good
10/1/2024,App Store,5,Very good quality i love it
10/1/2024,Play Store,5,"One of the best Shopping app i loved the sale and offers, Delivery is so good"
10/1/2024,Play Store,5,top quality clothes
10/1/2024,Play Store,1,"Very disappointed with Myntra’s service. For 15–20 days, every time I contact customer care through the app, an AI voice named “Meera” answers instead of a real representative. Genuine issues deserve human support. Deliveries are also delayed, delivery partners don’t respond, and even today my order shows “Out for Delivery” but hasn’t arrived. Extremely frustrating and pathetic service. I’m seriously reconsidering shopping on Myntra."
9/30/2024,App Store,5,It’s nice fabric and nice print
9/30/2024,Play Store,1,worst app ever. it shows express+ delivery which means next day delivery but nothing happens just the order gets delayed and date is extended up to 3 4 days. 🤢 completely disappointed with this.
9/30/2024,Play Store,2,When the order is paid for myntra team can do an IVR call and say that it is COD and confuse. In the world of internet frauds this is scary If delivery is not done the logistics partner can get away by saying delivery attempted.
9/29/2024,Play Store,5,very nice quality and first of all delevery time is best
9/29/2024,Play Store,5,fast delivery 🚚
9/28/2024,Play Store,5,Always received the premium quality with a very genuine price😭❤️😍😍😍😍😍😍😍😍😍I love myntraaa
9/27/2024,App Store,1,"Dear Myntra Support Team,

I am writing to bring to your attention an issue with my recent order. I have purchased the following product:

Product Name: Maybelline New York Fit Me Matte + Poreless SPF
Seller: Vision Star
Size: 5-6 ML
Quantity: 1
However, although the payment has been successfully deducted from my account (please find attached the screenshot of the payment confirmation and product details), this product is not appearing in my order list on your platform. This has left me concerned about the status of my order.

I request you to kindly investigate the matter and provide me with an update at the earliest. I trust this is not an issue related to your data system or an API problem, but if it is, please address it promptly. Ensuring timely updates and accurate order visibility is critical for maintaining customer trust.

In case I do not receive a resolution soon, I may be compelled to express my concerns through reviews on various platforms, which is my right as a customer. I genuinely hope it does not come to this and that this issue can be resolved amicably.

Looking forward to your prompt response.

Thank you.

More dec : i send you mail where I attached ss."
9/26/2024,Play Store,5,the quality of the products is outstanding
9/26/2024,App Store,1,I have ordered  the Indian garage jeans dated 17  September and was delivered next day but when I opened the package it was not the jeans I order it was different product it was jogger’s jeans after that  same day I ordered same jeans and paid the amount next day delivered but same issue wrong jeans same as it was delivered before jogger’s jeans by the time I raised complained regards the wrong product by the time it was returned by 20september  and refund was also issued but the one first ordered jean’s no response from Myntra customer care saying that it has gone through quality check not accepting that wrong product had delivered that means I have change the jeans wrong fully not accept I had paid the price that app  was showing and  delivered some wrong product and after that I have to keep the wrong product after all paying full money this is not wright
9/26/2024,App Store,1,"Recently I bought a make up product MAC studio powder plus foundation from myntra , unfortunately I ordered the wrong shade. while buying the product I definitely checked that the exchange option is available. when I tried to exchange I only got the size change option but the product comes in one size only that what is the point of giving the exchange option. They should have tagged this product as non exchangeable. I called Myntra customer care but they were not ready to exchange the product ans kept on saying only one size exchange is available . how come you give a size exchange option where there is only one size availble for the product. even after being an elite customer, they didnt even taken my consent. I told them
the package is intact and the seal is not broken but with no luck. the price of this product is 2880
. too much dissapointed with myntra . they really dont care about the customer ans they are just bluffing."
9/25/2024,Play Store,5,good products nice delivery
9/25/2024,Play Store,5,"Myntra is my go-to shopping app! 🛍️ Amazing collection, genuine products, great deals, super-fast delivery, and a smooth shopping experience every time. Totally love it! 💖✨"
9/25/2024,App Store,1,"Worst experience that I could come across this time. Being a loyal customer since so many years. I’m extremely disappointed with the kind of service Myntra is providing towards their existing customer. 

1. My order was delayed for delivery even though the order was in the nearby warehouse at VileParle.
2. Upon complaining about the issue at the first time, the customer executive did not raised the complaint but he kept on saying be rest assured we will raise a complaint.
3. Upon calling to the customer support for the 2nd time the executive mentioned there is no complaint has been registered against the order and I shall raise the complaint now. Who is responsible for the lost time.
4. I think Myntra and their team has stoped valuing the customers emotions, time and their money , reason why I ordered a NIKE shoes which was a Birthday gift for my life partner which costed me more than five thousand rupees and surprisingly the order was delayed the order was placed on 18th September,2024 and the estimate delivery was 22nd September,2024. After connecting to the customer service for the 2nd time the estimate delivery was given as 1st October, 2024.

Wow…. What a resolution over my issue. 
Thank you for ruining my life partner birthday."
9/24/2024,Play Store,1,"There is a issue with return request on Myntra. each time we place some return request, it will get stuck in between return requested or cancel return request. if we refuse customer chat, they will tell there is glitch please cancel current return request and raise other return request. but there is no option to cancel current return request only. Neither it will get cancel nor return return request raised will be cancelled to raise new nor we will get refund neither customer chat supports"
9/24/2024,App Store,1,"Recently I purchased item which was not having seal tag and in App also it shows it does not need seal tag. Delivery guy rejected to take return and when I spoke with customer care they mentioned this product is not suppose to have seal tag we are raising complaint. Next day I see status is changed stating can not be return because door step quality is not passed. After speaking  with customer care & mentioned no body came to my door step again complaint was raised. This time again returned is cancelled & it has been mentioned as per internal checking product is tampered and hence can not be returned. I have been following with Myntra from 4 days today finally customer care person says I can understand but we can’t do anything. I am challenging Myntra to do physical quality check. This E-commerce platform is making money like this. Better not to trust, I am almost 10 years old customer but i am done with Myntra. They started cheating nowadays lot. Better to stay away from this App."
9/24/2024,Reddit,1,"I ordered 2 items of 2 different sizes from MomToBe brand (each set of 3).
I only received 1 size product(set of 3) but not another and myntra app showed delivery status for both the products as deliver at same time on Sunday, 23rd June, 2024. After calling customer service I got to know that both the products were suppose to packed in one packet but I didn’t receive both the products in single package. In fact I received packet which has white transparent cello tape on it and I have that packet with me for proof.
I called myntra’s customer service several times but didn’t get any proper resolution/response from them.
When I called last regarding this issue, myntras employee has cut my call in between and was not able to resolve the issue. Clearly they were ignoring my calls and queries.
I am very upset about this fraud because without any reason I had to suffer.
I am not satisfied with the resolution given to me as I doubt about your investigation about delivery agent of yours. I can ask for CCTV footage of delivery agent carrying tampered package by cello tape on it.
Still you didn’t investigate about it neatly. That is why I wish to go for further investigation from outside help like through FIR on myntra and also for Delivery Man.
I am suffering a lot because of your week investigation and wrong resolution.

Harshini was handling my case and she indirectly tortured me regarding this matter by saying issue was not from her side.."
9/23/2024,Play Store,5,very nice quality of clothes
9/22/2024,App Store,1,"I’ve been a loyal Myntra customer for a while, but my recent experience with the app has been extremely frustrating. I placed an order for two items, but neither of them is showing up in the “Orders” list. This has made it impossible for me to track the items or even confirm if they’ve been processed.

On top of that, despite placing an order, my Myntra Insider points have not been updated. It’s clear that the app’s system has several bugs and is not functioning as it should. The overall software quality seems poor and unreliable.

What’s worse is that when I contacted customer service, they were unable to resolve the issue. I’ve been left without any clear updates or solutions, which has made the whole experience quite stressful. Myntra really needs to fix these issues and improve both their app and customer service if they want to retain users."
9/21/2024,Play Store,5,delivery is quite quick for myntra now
9/21/2024,Play Store,5,beautiful material and good quality
9/20/2024,Play Store,5,best platform Myntra fashion show best brand Myntra provide quality good
9/20/2024,Play Store,4,"for original and best quality product, go to Myntra..."
9/19/2024,Play Store,4,good app but prices are higher of products as compared to flipkart and amazon..
9/19/2024,App Store,5,"I’ve been using this shopping app for a while now, and it has completely transformed the way I shop. The user interface is incredibly intuitive, making it super easy to browse through different categories, search for products, and compare prices.

One of the standout features is how fast the app loads and processes payments. The checkout process is seamless, and the multiple payment options are really convenient. I also appreciate the personalized recommendations, which actually help me discover products I need instead of random suggestions.

Shipping is always timely, and tracking orders right from the app is a breeze. I’ve never had any issues with deliveries, and the customer support is responsive and helpful whenever I have any questions or concerns.

The app also frequently offers great deals and discounts, making it a go-to for all my shopping needs. Overall, it’s a fantastic app that saves me both time and money. Highly recommend it for anyone who loves convenient and hassle-free online shopping!"
9/19/2024,App Store,5,"I recently purchased the Snitch Men Blue Relaxed Mildly Distressed Jeans, and I'm absolutely loving them! The relaxed fit is perfect for a casual, laid-back look, and the mild distressing adds a touch of edge to the overall design. The jeans are incredibly comfortable, with a soft and flexible material that makes them perfect for everyday wear. The blue color is a great shade that pairs well with a variety of tops and shoes. I've received numerous compliments since wearing them, and I've noticed how versatile they are - dress them up or down, and they always look great! Pros: •⁠ ⁠Comfortable relaxed fit •⁠ ⁠Stylish mild distressing •⁠ ⁠Soft and flexible material •⁠ ⁠Versatile and easy to pair with other pieces Cons: None so far! Overall, I'm thoroughly enjoying these jeans, and I'd definitely recommend them to anyone looking for a comfortable and stylish addition to their wardrobe! Feel free to modify or add to this review as you see fit!"
9/17/2024,Play Store,1,worst delivery partner and app also very shame on mantra app totally disappointed with them no proper response very bad response from mantra and flip kart delivery executive no proper response don't trust mantra app very worst bull shift app
9/16/2024,App Store,5,"Myntra has consistently been one of my favourite platforms for fashion shopping. The app is easy to navigate, the collection is impressive, and there are plenty of options across brands, styles and budgets. I especially like the detailed product information, smooth ordering experience and convenient tracking.

The overall shopping experience feels reliable and premium. From discovering new styles to receiving the final product, everything is well organised and user-friendly.

Great variety, great convenience and a genuinely enjoyable shopping experience. Highly recommended! 👌✨"
9/16/2024,Play Store,5,Quality Product and original.
9/16/2024,Play Store,5,"Really happy with my Myntra experience! 🛍️ The app is easy to use, there are lots of options to choose from, and the products are generally good quality. Delivery was smooth and the overall shopping experience was great. Definitely one of my favourite shopping apps! ❤️"
9/16/2024,Play Store,5,Discountable
9/15/2024,Play Store,5,"good user experience, was able to exchange and reorder with ease"
9/15/2024,Play Store,5,"I have had a great experience with this app. This is an app that I can trust and the quality of the product is top-notch, I really appreciate it."
9/14/2024,Play Store,5,"Myntra app use karna bahut easy hai. Collection bahut achha hai, delivery time par milti hai aur return/exchange process bhi smooth hai. Offers aur discounts bhi kaafi achhe mil jate hain. Overall shopping experience bahut accha raha. ❤️"
9/12/2024,Play Store,1,"Worst experience with Myntra. I ordered a product using a Style Exchange coupon but mistakenly ordered the wrong one, so I immediately cancelled it. I never received the product, yet the coupon is now showing as used/expired. When I tried ordering the product I actually wanted, I was asked to pay extra. How can the coupon be considered used when I never received the product? I also spoke with Aadesh from customer support, who disconnected the call without any proper clarification or resolution."
9/12/2024,Play Store,5,good app and good quality
9/11/2024,Play Store,1,product quality is very poor
9/11/2024,Play Store,5,good quality products and dresses
9/10/2024,Play Store,5,My overall connection with Myntra is just owesome and I just love all the product and their quality 💫Thank you myntra 💖
9/9/2024,Play Store,1,Poor Customer Service Poor Delivery Process Delivery Agent is marking order undelivered without reaching at location. Customer Support Agents not having any information about anything. Don't buy products from this platform this is an worst application. This is my first experience from this platform and having lots of problem with my first order. After giving so much complaints they can't able to deliver my order after waiting some days I have to cancel my order due to poor service. Fix everythin
9/8/2024,Play Store,5,Good products with different styles
9/8/2024,Play Store,5,application is to much good and very fast delivery
9/8/2024,App Store,5,"I've had an amazing shopping experience with Myntra! The platform offers an impressive range of products, from trendy clothing to high-quality accessories. The user-friendly interface makes it easy to browse through the collections, and the filtering options help in finding exactly what you're looking for.

What truly sets Myntra apart is their quick delivery and excellent customer service. I’ve made multiple purchases, and my parcels always arrive on time, neatly packed. Returns and exchanges, if needed, are hassle-free, and the refund process is prompt.

The quality of the products has always exceeded my expectations, especially when it comes to fashion brands. From stylish clothes to comfortable footwear, everything I've ordered has been top-notch. Myntra’s sales and discounts also offer great value, making it even more enjoyable to shop here.

Overall, Myntra is my go-to shopping destination for reliable, trendy, and affordable fashion. Highly recommended!"
9/6/2024,Play Store,3,evrything is ok...but ye system glt h platform fee itna jyada lete h ki agr br br return kro koi chiz psnd na aane pr to apka adha paisa to ussi mei nikal jayega
9/6/2024,Play Store,5,very good aap and good quality product
9/6/2024,Play Store,5,cloth quality is amazing and the prices are veri minimal too.
9/6/2024,App Store,4,"#boycottmyntra I am not able to login through my account..it shows account doesn’t exist... I have an order to be exchanged. i have faced the same issue with My previous account also which i have been using from last 7years... so, i made a new account and using it from last 6months to and now again same thing happened ,this is disgusting 😖😖they are looting people .. My myntra account is locked without any reason. I raised a request to exchange my last order .Later on they cancelled my exchange due to account locked and further saying that it is not possible to exchange item but we can raise return of your item but credits will go to your myntra wallet and as you know your account is locked ,you won’t be able to use that money. So in short they are forcing me to keep that over size item. When i called customer care ,they just say your account is locked and we can’t help you regarding this. They don’t even have specific valid point to satisfy customers that why their account is locked. All i can say myntra in loosing their valuable customers."
9/6/2024,App Store,1,"My sister ordered two tops from myntra on 24th august. They took 20 rs in the name of platform fee and extra 20-30 rs in the name of cash of delivery. Out of the two tops one was delivered on 27th august and they took platform fee plus cash on delivery charges on the first top itself. For the second order its been more than 12 days there is no whereabout of my top and when she called customer care they are of no use. Now, when she thought to return the top which was delivered and cancel the top which isn’t delivered they are not returning extra levied charges. I think it is very bad customer service from myntra and they should refund my money. It is a scam, this is not how you earn money by cheating your customers. She ordered two tops together to save extra levied charges not to waste my money. I advise  customers to avoid myntra and use other shopping platforms to save your money from scam! 

Thanks"
9/6/2024,App Store,1,"I ordered two tops from myntra on 24th august. They took 20 rs in the name of platform fee and extra 20-30 rs in the name of cash of delivery. Out of the two tops one was delivered on 27th august and they took platform fee plus cash on delivery charges on the first top itself. For the second order its been more than 12 days there is no whereabout of my top and when I called customer care they are of no use. Now, when I am thinking to return the top which was delivered and cancel the top which isn’t delivered they are not returning extra levied charges. I think it is very bad customer service from myntra and they should refund my money. It is a scam, this is not how you earn money by cheating your customers. I ordered two tops together to save extra levied charges not to waste my money. I request customers to avoid myntra and use other shopping platforms to save your money from scam! Thanks Stuti"
9/5/2024,Play Store,4,not for cod
9/5/2024,Play Store,1,"Extremely disappointing and frustrating experience. I returned the product, but despite the return being completed, I still haven’t received my refund. Myntra keeps asking me to check with my bank, while my bank has clearly confirmed that no refund has been received from Myntra. Instead of taking responsibility and resolving the issue, they keep passing the blame to the bank. This is highly unprofessional and unacceptable. I would not recommend Myntra after such an experience."
9/4/2024,Play Store,5,Good product available in best quality and price
9/4/2024,Play Store,5,dress this best quality
9/1/2024,Play Store,5,amazing application to order the product and hassle free return delivery in many products up to 14 days and your payment also credited in you account in 1 day if you return the parcel and delivery boy has pick-up your return product
8/31/2024,Play Store,4,Very slow procedure for delivery and return pick up
8/31/2024,Play Store,3,"I have given so many reviews but I never got any prize... this is just a scam... if you are not willing to provide any prize then why have you written there that you will get a reward..... stop scamming people...... also whenever I open my wishlist, the app functions slow... I click on the wishlisted product and it takes too much time to open"
8/31/2024,App Store,1,"I have experienced a significant decline in service quality over the past few months. On multiple occasions, my orders have arrived with issues such as incorrect sizes, wrong items, or missing products altogether. This has made shopping on the platform increasingly unreliable.

What is even more frustrating is the lack of proper customer support. In cases where incorrect products were delivered, I tried reaching out for assistance, but the support team was unhelpful and failed to resolve the issue. Instead of addressing the problem, the responsibility was often shifted onto me as the customer, with claims being denied without proper investigation or resolution.

Overall, the combination of frequent order errors and poor customer service has made the experience disappointing. I hope the company takes steps to address these issues and improve customer satisfaction."
8/29/2024,Play Store,5,I m insider customer of my trading just bcz the article they show will send you the same for sure .....it is trustworthy and all the return and replacement policy is also good
8/28/2024,Play Store,5,"great app for online shopping. It has a wide range of fashion products, good discounts, easy navigation, and reliable delivery. Overall, a convenient and user-friendly shopping app."
8/28/2024,Play Store,5,quick and quality products
8/27/2024,App Store,1,"Very Poor service from MYNTRA orders are canceled automatically by the MYNTRA itself , it’s a very disappointing customer Customer service ."
8/27/2024,Play Store,1,After recent update myncash can be used only after you add rupess 199 and above price so i want to ask myntra that you have only those products which price is above 199 aur if anyone wants to purchase less than 199 product you can't give them benefits of myncash.And myncash are only for 7 days after 7 days the price are decreasing everyday so you better provide a flat myncash everyday so In one week there is 199 plus myncash so people can purchase otherwise you may go back to the previous one.
8/27/2024,Play Store,5,"""I have been using Myntra for years. They have a great collection of clothes and trendy brands. Delivery is usually fast, and the return process works smoothly when something doesn't fit. Great app for fashion shopping!"""
8/26/2024,Play Store,1,worst app very bad business practices. cancelled my product when I got that product in sale. worst
8/25/2024,Play Store,5,Quality purchase
8/25/2024,Play Store,2,return policy is very poor and customer service is not good
8/25/2024,Play Store,4,good fabric quality 👍 happy to shop again
8/24/2024,Play Store,5,quality of clothes
8/22/2024,Play Store,5,good quality
8/22/2024,App Store,2,"I like Myntra, products are amazing. Recently I received a completely different product from which I ordered. The return page had thorough checking of the produvt I didn't order but received, I uploaded 4 photos of label, tag, product box etc. Which is very good. Many times I have been warned that return can be rejected for several reasons and if accepted I shall be credited after 7-10 working days. I wish they had 10 percent of these warnings and checkings before dispatching a product that doesn't resemble even remotely to the ordsred one. Return process should be more customer oriented and no questions asked and faster on app. Not happy with dispatch and delivery. App should upload a photo of the product dispatched from Myntra warehouse and an opyion to reject delivery if the product is different."
8/21/2024,App Store,5,"I am honestly very impressed with Wild Stone Edge Eau De Parfum (100ml). The fragrance is fresh, bold and slightly woody, which makes it perfect for daily use as well as special occasions. It gives a very premium feel, much better than what I expected at this price.

The best part is its long-lasting power — it easily stays for 6–8 hours, and even longer on clothes. The fragrance is not overpowering but still strong enough to get noticed. I have received compliments after using it, which is always a plus!

The packaging is also very stylish and sturdy, making it good for gifting. Overall, this perfume offers great quality, amazing fragrance, and excellent value for money. Totally worth buying and I would definitely recommend it."
8/20/2024,Play Store,4,good quality clothes and myntra give what it is shown on their application
8/20/2024,Play Store,5,"Myntra is an excellent shopping app...All products are awesome .I have been using Myntra shopping app since long & I have never been disappointed by the products ,I have ordered & purchased...♥️ I am taking my words back as today I faced the worst experience by shopping from Myntra..I had ordered a White U.S POLO T-shirt which came all crumpled ,dirty in a very bad condition ...They had not bothered to fold it properly even...I am so disappointed & disgusted.I will never recommend to anyone"
8/19/2024,Play Store,5,I've ordered a formal pants and that was soo amazing perfect fit just wow thanku myntra
8/18/2024,Play Store,1,"I ordered some t-shirts from myntra and ekart was supposed to deliver them. But the delivery boy without delivering it marked as delivered. When I contacted this delivery customer support. They did fraud n managed to steal money from acc. Please beware from them. Myntras fault here is that they already were delaying order by 12 days and when ticket raised then they schedule delivery but contacted delivery boy marked delivered without delivering. no proper customer care no also, lost money n bil"
8/18/2024,Play Store,5,the only app which I've been using form 1.5 years for beauty products and skincare to be honest it never disappoints me. The delivery of this app is also fast rather than any other app day by day I fell in love with this app 💕 it also has a good budget for everyone i mostly love glam clam ugc program it has an earning option too which makes me more impressed about this app 💐 so please install this app love yaa 🌸
8/18/2024,App Store,1,"Worst app, recently I ordered a wallet which was not delivered to me after a long waiting period. the date which it was supposed to be delivered it was not delivered and I received a message stating delivery unsuccessful without mentioning any reason then the delivery got postponed to next three days after three days same issue occurred then again delivery got postponed by three days and again same issue was faced by me then they cancelled my order without my consent.
Then I reordered the wallet which was now 200 rupees expensive from which I ordered first time . Now on the delivery date they again sent me a message delivery unsuccessful without mentioning any reason.
Not acceptable Myntra I hope you guys are acknowledging this review as because of you guys I had to wait more,pay more money and still my problem is not resolved."
8/16/2024,Play Store,1,customer care is just name sake and return policy and the return system is rubbbish
8/16/2024,Play Store,5,loved the quality and it's prizes just too amazing for shopping .Best shopping app with so many coupouns and prizes on every purchase.
8/15/2024,Play Store,5,Original product from Myntra.I purchased Rayban Sunglass Round and rectangular shape.Both is original from Rayban.Quality is excellent.Delivery fast.Price is low as compared to others .So I always recommend to buy from Myntra.
8/15/2024,Play Store,1,"I’m disappointed with Myntra’s return order policy. I was charged ₹23 as a platform fee, and I don’t think this fee should be deducted when I’m returning an order. I would like Myntra to refund the ₹23 platform fee as well. Please review this policy and provide a fair resolution to customers."
8/14/2024,Play Store,1,whole platform is designed to fraud with small innocent perons. sellers intentionally not giving brand tags & thereafter myntra keeps rejecting return request because brand tags is missing. so basically whole system is fraud. commitment of 14 days return & exchange is totally fake and baseless. I am struggling to return one product since 1 week. fed up with customer team.
8/14/2024,Play Store,4,4 star because of late delivery
8/12/2024,Play Store,5,most quality product this app
8/12/2024,Play Store,1,"Horrible experience with the delivery, always getting delivered delayed then order gets cancelled on its own, same order, same address if placed from a different account works. there's nothing wrong with my account but I often get this issue, I don't even have any returns or anything and I'm one of the so-called ""Insider"" who has spent a lot on the app. And don't even get me started on the Support, the Al chatbot is useless, can't get in touch with a human at all. Extremely unprofessional."
8/11/2024,Play Store,1,"worst app, delivery agent doesn't call and marked as delivered. i didnt receive any call and no customer help just raised incident asked me to wait for 3 days"
8/11/2024,App Store,1,"Online shopping should be convenient, but my worst experiences have made it feel like a gamble rather than a service. The biggest issue has been product quality—items often look great in photos but arrive completely different, cheaply made, damaged, or nothing like the description. Returning these products is another nightmare, with complicated procedures, hidden conditions, and delayed or denied refunds.

Delivery and customer service make things worse. Orders arrive late or not at all, tracking information is inaccurate, and customer support is usually unhelpful or unreachable, replying with automated messages instead of real solutions. Add to that fake reviews, sudden price changes, and poor packaging, and the whole experience becomes frustrating and time-wasting. These repeated problems have seriously reduced my trust in online shopping platforms, turning what should be an easy experience into a disappointing one. 
Even the problem is on their side they blame the consumer"
8/11/2024,Reddit,1,"Using Myntra for shopping is like inviting mental torture in your life. As long as you’ve not had any issues with any of your orders you might be okay. The day you have an issue is the day when your mental torture begins. 
I had ordered this T-shirt from them; they delivered me a completely different and used t-shirt (used for atleast 4-5 years).
It took me 2 weeks of everyday follow up with them to convince them that I had received a wrong product and that I was not lying. After 2 weeks they approved my return.
The delivery guys came to pick up the return, and he simply denied the pickup saying it’s a different product. I spoke to the customer support again for the following 4-5 days; everyday they’d reschedule the pickup everyday the pickup guy wouldn’t show up and I’d receive a msg that the pickup had failed. Next day I called the delivery guy asking why is not coming for pickup and I realised he intentionally didn’t come for the pickup since he knew that it was a different product. When I told him that the wrong item was delivered to me and return is already approved by Myntra he told me that he doesn’t care about Myntra’s approval and then he started abusing me. Later he came to my apartment with 3 other guys threatening me. I called Myntra support and they told me that they don’t have any control on the delivery guys, since they work for a third party company and Myntra only uses their service. 
Another week of following up with Myntra support, they finally refunded my money without the return pickup.
I learned my lesson to never shop from these Indian brands like Myntra, Flipkart."
8/9/2024,Play Store,5,"Few website, which I trust for clothing 👗👚👖actual customer review / rating"
8/8/2024,Play Store,1,froud myntra maine power Bank 2400 ka liya usme fast charging nahi or return accepted nahi hota aur ek tishirt liya vo bhi dameg nikla or return accepted nahi hota aap bhi order karke dekh lo
8/8/2024,Play Store,5,"""Myntra is my favorite app for shopping! The collection of the latest fashion and top brands is absolutely amazing. Delivery is always on time, and their return/exchange policy is the smoothest. Highly recommended!"
8/8/2024,Play Store,5,"Myntra Great app for branded fashion at discounted prices⭐⭐⭐⭐⭐ The variety is unmatched, and the app interface is smooth and easy to navigate. Shipping is generally fast.🥰🥰🥰🥰 Easy To Use Aap💎 Easy To Product Exchange And Return 💎 I've been using the Myntra app for five years💎💎 Customer support is excellent, and delivery is always on time. Great App For Branded Shopping Product ⭐⭐⭐⭐⭐"
8/7/2024,App Store,5,"The Myntra shopping app has revolutionised my online shopping experience! The interface is sleek and intuitive, making it super easy to navigate. The wide array of clothing and accessories available is impressive. The app's search and filter capabilities are top-notch, allowing me to find exactly what I'm looking for within seconds. The high-quality product images, along with detailed descriptions and customer reviews, help me make informed purchases. And the delivery? Prompt and reliable every single time! I must also commend their customer service, which has been quick to respond and very helpful. Thanks to Myntra, shopping from the comfort of my home has never been easier or more enjoyable. I highly recommend the Myntra app to anyone who values convenience, quality, and a wide selection in their shopping experience. Five stars from me!"
8/6/2024,Play Store,5,awesome quality products everrr
8/4/2024,Play Store,5,wow i really impressed with delivery how polite and smooth handling and care the product of i order
8/1/2024,Play Store,2,Terrible experience with Myntra. Delay in delivery and when the product is return on the app it show refund initiated but in actual they are not refunding your amount. When we try connecting to customer service they don't respond correctly.
7/31/2024,Play Store,5,"Bahut hi pyaari shirt hai! Iska green rang bilkul waisa hi hai jaisa photo mein dikh raha tha. Fabric kaafi soft aur comfortable hai. Fitting bhi perfect aayi. Highly recommended!"""
7/31/2024,App Store,5,"""I've been using the Myntra app for a while now, and I must say, it's been a seamless and enjoyable shopping experience! The app is user-friendly, with a clean interface and easy navigation. The product selection is vast, with a wide range of brands and styles to choose from. I've always found great deals and discounts, and the checkout process is quick and hassle-free. The delivery is also prompt, with regular updates on the status of my orders. The customer service team is responsive and helpful too. Overall, I'm thoroughly impressed with the Myntra app and would highly recommend it to anyone looking for a convenient and reliable online shopping experience. 5 stars!"""
7/30/2024,Play Store,1,"please don't order in this platform they send used items and when you try to return the app will shutdown automatically,I had a worst experience with this app"
7/29/2024,Play Store,5,good quality
7/28/2024,Play Store,1,Myntra is now turning into a very pathetic e-commerce platform. Had ordered footwear and was supposed to be delivered by Aug 12th. Then again it got rescheduled to Aug 15th. Both times it showed as out for delivery but the product was not delivered. Tried calling the agent but no response from the other end. Still have not received my order and it is showing out for delivery again. But the agent is not answering. Tried raising the issue twice but no help. Myntra customer care number is not wrkn
7/27/2024,Play Store,1,The delivery process is extremely slow . There are no proper options to contact or escalate your grievances. The delivery partners are irresponsible and taking their own time to deliver items and do false claims on delivery attempts made. Such an unprofessional approach from a famous platform where customer concern is highly pathetic.
7/27/2024,Play Store,5,amazing app with good delivery service.
7/26/2024,App Store,1,"I recently ordered a kurti from Myntra and my experience has been far from satisfactory. I initially ordered a white kurti but received a black one instead. As soon as the kurti arrived, I opened the package and immediately applied for a return within two minutes.

It’s been almost six days now, and the return process has not been initiated. Despite receiving constant SMS notifications, no one has come to pick up the kurti. Every day, the status updates with “we were not able to pick up today,” which is incredibly frustrating.

In the past, Myntra’s return and exchange process was efficient and hassle-free. Unfortunately, it seems that things have changed, and the process has become complicated and time-consuming. I’m disappointed with the lack of prompt service and the overall experience. I hope Myntra improves their return policy soon."
7/25/2024,Play Store,1,Recently myntra's carelessness leads to violation and Abuse. ''The delivery boy beat the customer for his carelessness''. Is this the way myntra behave to the customer? I want to give 0 but not any possibility. I want myntra to assure SAFETY for customers and this incident will not happen again.
7/22/2024,Play Store,1,"pathetic service I'm getting. Their vendors are sending wrong products all the time and they are charging return fees from the users end. if a user is getting wrong size product, will the user will keep the product or return it? simple common sense Now that's their strategy to earn money by troubling the user"
7/21/2024,Play Store,5,Good products and offers .Faster delivery service.
7/21/2024,Play Store,1,Worst app ever.. Have been shopping here for more than 4 years and first time have faced such a terrible experience... Ordered 2 shirts for ₹1300 and received None of the 2 shirts and a totally wrong product (ponds cream ₹150).. Been following up for my refund for more than 15 days now but still not received the amount..customer care is also useless everytime they give a new timeline...Worst experience ever.... Will never recommend to anyone.
7/21/2024,Play Store,5,nice app rate my experience this app 5* and very useful i purches product and reviews giving earning ke liye bhi best h me khud iska use kar rhi hu mere hisab se bohot jyada best h product bhi achi quality ke hote h ☺️
7/21/2024,Play Store,5,product is original and delivery service is fast other then online platform
7/19/2024,Play Store,1,"Extremely poor customer service. My order was delayed, the delivery executive refused doorstep delivery due to “no riders” and asked us to collect it from the warehouse. After sending someone there repeatedly for 4–5 days, the package was finally found wet, spilled and damaged. I’ve been trying to resolve this since 6 Aug. Today I spent 2 hours trying to reach a manager, only to be connected to a new person who made me explain everything AGAIN. Layers of AI, standard replies, zero accountability"
7/18/2024,Play Store,1,"sabse ghatiya app hai ye ,recently meine kuch order Kiya order delivery date ke paas aake khud ba khud cancel ho jaata hai,jab ki order prepaid ho toh bhi aur ye 2 se 3 baar ho chuka hai mere saath"
7/18/2024,Play Store,5,good products great discount
7/17/2024,Play Store,1,myntra team is not responsible...... delivery agent ne order deliver dikha diya bina otp ke bina contact kiye and inki team s baat krke koi help nhi mili fraud h sb mere 1000 rupees kha gye bakbas
7/16/2024,Play Store,1,worst experience I have order is delayed by 3 days and there is no such options to reach customer care and no such timeline shared by myntra ( exact day of delivery) reaching delivery partner no calls from received order for my sister birthday 8th aug but no yet delivered mental harrasment
7/15/2024,Play Store,1,"worst app. don't buy anything from myntra. there is no return, no refund, nothing. fraud company of scammers. please don't download..... boycott myntra"
7/15/2024,App Store,5,Worst app ever i have ordered a wallet they sent me another one I complained about this and have been waiting for the resolution they people approved the return request but their delivery executive doesn’t want to pick it up or i dont know rest he makes fake attempts daily and one day he picked up the product but after 4 days he came to my house and I wasn’t home at that time he didn’t contacted me neither called me then he returned the package to my mother the product I returned after 4 days he came and gave it to my mother without even contacting me so unprofessional behaviour myntra when i told thee customer service they did nothing about this after 1 month they said your request is declined because we have checked the product was dispatched properly and ended the call this is the customer service this is the reality of myntra dont shop from them!!!!!!!!DISGUSTINGG
7/15/2024,App Store,5,"I had a fantastic shopping experience with Myntra! The variety of products available is impressive, catering to all fashion needs. I ordered several items, and each arrived on time, perfectly packaged. The quality of the clothes exceeded my expectations, with accurate sizes and vibrant colors just as shown on the website. The user-friendly interface made browsing and purchasing a breeze. Additionally, their customer service was responsive and helpful when I had a query about my order. Myntra has definitely become my go-to for online fashion shopping!"
7/13/2024,Play Store,5,"This app is very good, it has good quality clothes, shirts, sarees, everything, you must buy it from here."
7/12/2024,Reddit,5,"I've been using Myntra for my fashion needs for the past few years, and I must say, it has consistently exceeded my expectations. Here are a few reasons why I love shopping on Myntra:

**1. Wide Range of Products:**
Myntra offers an extensive collection of clothing, accessories, and footwear for men, women, and children. Whether I'm looking for casual wear, office attire, or something for a special occasion, I always find what I need.

**2. User-Friendly Interface:**
The website and app are very easy to navigate. The search functionality is robust, and I appreciate the detailed filters that help narrow down my choices based on size, color, brand, and price range.

**3. Quality and Authenticity:**
I have never been disappointed with the quality of products from Myntra. They offer genuine products from reputable brands, ensuring that I get value for my money.

**4. Competitive Pricing and Discounts:**
Myntra often has great deals and discounts, making high-quality fashion affordable. The end-of-season sales and other promotions are especially good times to grab bargains.

**5. Reliable Delivery and Return Policy:**
The delivery service is prompt, and the packaging is secure. On the rare occasion that I need to return an item, the process is hassle-free, and refunds are processed quickly.

**6. Excellent Customer Service:**
Whenever I've had questions or issues, the customer service team has been responsive and helpful, resolving my concerns efficiently.

Overall, Myntra has become my go-to platform for all things fashion. I highly recommend it to anyone looking for a reliable and enjoyable online."
7/10/2024,Play Store,1,"Worst scammer in the whole world. I bought Nike Air Jordan's worth 17K and they deactivated my account. NO Delivery NO Refund. THEY DON'T EVEN HAVE A CUSTOMER CARE NUMBER. If you call on it you'll hear a recorded message asking you to write an email. And when you write an email, they keep fooling you by saying 2-3 business days. AND THEN NOTHING! I have raised 3 incidents for the same issue and these people say they can't access my account or order in their own Database?! Worst security ever!"
7/9/2024,Play Store,5,really happy ro order becoz exchange refund everything is fine even quality the items is very good
7/9/2024,Reddit,1,"I am extremely disappointed with my recent experience with Myntra’s delivery service. My order had already reached my city, which clearly shows that the delivery process was almost complete. Despite this, the order was suddenly cancelled without any proper communication or attempt to reschedule the delivery.

I understand that our state is currently facing some conflict and there have been curfew restrictions for a few days. Delays in such situations are completely understandable. However, cancelling an order that had already arrived in the destination city is not acceptable. Myntra could have held the package for a few days and resumed delivery once the situation improved instead of cancelling it entirely.

What makes this even more frustrating is that I had purchased the product during a special offer period. Because of this cancellation, I have now lost the benefit of that offer/discount, and if I want to reorder, I would have to pay a higher price. This feels very unfair to customers.

There was also a lack of clear communication regarding the cancellation. Customers deserve proper updates and better handling during temporary situations like curfews or disruptions.

Overall, this experience has been very disappointing. I expect Myntra to improve its service by prioritizing delayed deliveries over cancellations and ensuring customers do not lose out on offers due to such issues."
7/8/2024,Play Store,1,ultra late delivery
7/8/2024,Play Store,1,"where is my first purchase offer discount coupon gone please explain, I will change my review after satisfaction"
7/8/2024,Play Store,5,product quality is too good
7/7/2024,Play Store,4,my delivery is very fast and this app is very good
7/7/2024,Play Store,5,"I Whenever I shop or place an order on Myntra, I feel completely assured because I know I’m getting authentic, original products with reliable quality. The product quality has always been impressive, which is why Myntra has become one of the platforms I trust the most for shopping"
7/6/2024,Play Store,2,Worst app and terrible delivery service. 😑 The delivery person’s attitude is like they own the whole company behaving as if they’re Ambani or Adani! Sometimes they don’t even return my money after an issue with the order. Very disappointing experience. Definitely not recommended.
7/5/2024,Play Store,5,good quality products
7/3/2024,Play Store,5,nice products and good quality
7/1/2024,Play Store,1,when the product has some issues and places return requests and it keeps on failing for pickup. and it's too late. very bad and verst experience.
6/29/2024,Play Store,5,this app is very good we can believe on it without any doubt. I recommend this app.
6/28/2024,Play Store,5,"**“Really happy with the purchase! The quality is good, fitting is perfect, and the product looks exactly like the pictures. Definitely worth the price. Loved it! ❤️”**"
6/28/2024,Play Store,4,quality is very good 😊
6/28/2024,Play Store,5,Really good shopping app with lots of options and good discounts. The app is easy to use and delivery is also fast. I’ve had a good experience shopping on Myntra. ❤️
6/28/2024,Play Store,5,"Very good service by myntra easy exchange,return,refund each and everything Fantastic also Quality of product 👌."
6/26/2024,Play Store,5,good quality 👍👍👍
6/25/2024,Play Store,1,it is the froud app and it's delivery as not well
6/25/2024,Play Store,3,"guys be careful, I've ordered Titan wrist watch for my wife. after delivery, after 2 days it went defective, tried to replace/return it, but now ""my orders"" page is empty. not showing any history. tried to resolve it through "" help "" from corner icon, but it's trying to link to recent orders ( which shows empty). I trusted myntra.... but after this review, myntra had responded to my issue and resolved it through replacement of defective product. thanks myntra"
6/24/2024,Play Store,5,superb quality
6/23/2024,Play Store,4,great price and fast delivery
6/22/2024,Play Store,1,"very bed service , product quality very bed, mene apne order acoding 4 bar complan ki or vah bhi senior officer ae fir bhi resolution nahi mila or. mene 2 order Kiya dono upne aap cancel kar diya"
6/22/2024,App Store,2,It's been years on Myntra and keeping my insider icon tag as well because I shop a lot but they’ve been harassing me for my refund from last one month. Mantra Services has been degraded for the past few months. They sent me a bad-quality product I waited for about 20 days to get the return approved. Once the return was approved the Delivery agent picked up the product and after a few minutes updated the status to return pickup failed I faced the same issue with the same DA 3-4 times. Now it's been 32 days and I still haven't received a refund. I need to connect with customer care daily and every day I get connected to a different agent and they ask me to wait for 48 hours for 24 hours but it's been 32 days. Myntra Seriously needs to look into their customer support. I have around Rs 6000+ refund pending with them.
6/21/2024,Play Store,5,Thank you for the delivery Good quality ☺️
6/21/2024,Play Store,5,one of the best shopping app for me. i bought at least 3 three times and the clothes were so good and their quality 🤩. you must install this app and try one time.
6/19/2024,Play Store,5,wow unpredictable on my first order discount 🤩🥳🎉😊
6/18/2024,Play Store,5,"This app is really good, where we find everything at reasonable price with best quality."
6/18/2024,Play Store,5,mnow instant delivery is awesome 👍😎
6/18/2024,App Store,1,"I have order makeup product and one of them received damaged though there was exchange option but it didn’t show on app then o have called and complaint the same and they said you will receive call tomorrow morning but I didn’t receive.. that product I needed urgent basis for function.. I again called and they said they are investigated. I didn’t get what they investigated without pick up product. After few days I checked in app status was updated ‘issue resolved’ . How come and when ? They checked with seller and seller said he send good product.. that is it .. that means customer is lying ? Is this customer service ? Is this exchange policy? 

I will think thrice now  onwards if I will order from Myntra . Though I have many best option in market like Meesho… I would give Meesho 5 star in customer service.."
6/18/2024,App Store,1,"There was a product i ordered on 1st June the delivery attempt was made on 14th of June. However, the delivery person did not leave the product to my flat which was only on first floor and mark the delivery as Failed for this concern, I reached a request to Myntra help Centre and these people since 15th of June. They are just trying to resolve my issue that is just to deliver the product to the place it, should be delivered. I am constantly in touch with the team and delivery team as well to just deliver the product as it is special delivery yet today is 18th of June and no delivery updates are provided. But I have got an update from the Myntra Help Desk that I need to wait for more 48 hours that is about like 2 1/2 days so that the issue of mine will be resolved. Very poor service which I have encountered for the first time on Myntra and this is very upsetting."
6/17/2024,Play Store,2,The delivery gets delayed due to unknowing reasons. Had to cancel the order since it was not delivered more than a week from the actual delivery date.
6/16/2024,Play Store,5,"Great shopping experience with Myntra! The products are genuine, good quality, and exactly as described. The delivery was quick, packaging was neat, and the overall experience was smooth. Highly recommended for a reliable and convenient online shopping experience! ⭐⭐⭐⭐⭐"
6/16/2024,Play Store,5,nice online platform for buying clothes and following the latest trends very authentic brands and quality of clothes with reasonable price 😁
6/16/2024,Play Store,5,good quality products and good interface
6/15/2024,Play Store,5,Amazing styles as always 👌
6/15/2024,Play Store,5,mujhe 300 rs ka discount mila
6/14/2024,Play Store,4,"very good for shoping and offer, quality"
6/14/2024,Play Store,5,besttttt app for purchase any products.. quality of the products is quite good.. please guys go for it
6/14/2024,Play Store,5,super fabric
6/14/2024,App Store,1,"I have been using myntra to buy clothes and other accessories but through all my orders with them, I have come to realise that they have the worst delivery service in India. My order was supposed to be shipped by 14th June and until the night of 14th June, it wasn’t shipped. Then the next day I get an email that it has been cancelled and they gift me a coupon of ₹100 off. My previous order was around ₹480 and now when I try to reorder the same thing, using the coupon, it is around ₹800. So they are charging me almost 2x the initial amount just because their useless delivery service was not able to pick up the order. Another time I had ordered a few trousers from them and they also got delayed by 4 days for God knows what reason. Same happened when I ordered my watch, I called them time and again and all they said was “our team is on it, we will track it until it reaches you”. Literally the worst delivery service. I just deleted the application right now."
6/12/2024,Play Store,1,providing wrong products after that they are not preparing any return...even though they have return policy
6/11/2024,Play Store,5,easy to explore brands and return if necessary
6/11/2024,Reddit,1,"I ordered a product with Myntra, it was a prepaid order. The product was supposed to be delivered on 11th June 2024. The delivery address was my office address. On the evening of 10th June, 2024, I received an email saying that the order has been delivered. I didn’t get any call from the delivery agent which I usually get. Anyway, I called the guard at my office to cross check, however, he informed me that nobody came to deliver any product. I left the office that day at 6:45 pm. I checked the CCTV footage from 6:45 pm till 9:00 pm but it was clear that nobody came to deliver any parcel. I registered a complaint in the ‘Help Centre’ section of the app, the case said that I will get the resolution by 14th June. Suddenly, out of nowhere the case automatically got closed on 12th June without any notification aur intimation given to me. Currently, I don’t get any support, I have lost my money, and I still don’t have the product with me. The customer care agents keep repeating the scripted lines “Sir, we have checked with the logistics team, they have said that they have delivered the product”. Either you can trust a customer who has been associated with you for over a decade who also has a proof that the order was not delivered (CCTV footage), or you can trust the incompetent logistics team. One thing for sure, I will never recommend shopping from Myntra after such an unexpectedly horrible experience. If you still want to shop with them, make sure you always opt for COD option. There are better shopping platforms such as NYKAA, Ajio, etc. I have never faced any such issue with them."
6/11/2024,App Store,4,"I am beyond furious with Myntra’s abysmal service. Their advertisements boasting “hassle-free returns and exchanges” are nothing but blatant lies. I made a purchase in April and received the wrong item. Since then, I have been stuck in a nightmare, trying to return or exchange the product. It has been over two months, and despite numerous attempts to contact customer service, I am still stuck with the incorrect item. Their customer service is not just unhelpful; it’s nonexistent. They have consistently ignored my requests and provided no support whatsoever. Myntra’s false advertising is infuriating. If you believe their promises of easy returns, you are in for a rude awakening. This has been the worst shopping experience of my life. Do yourself a favor and stay far away from Myntra if you don’t want to waste your time, money, and sanity."
6/10/2024,Play Store,5,This is very best App and ginger the item at affordable price and quality is much better for my expectation So I recommend this app 💞💞
6/10/2024,App Store,1,I recently ordered few products and applied coupon. I cannot see any option clearly stating that return is not available if we use that particular coupon. So even though the product is worst I couldn’t return it. I ordered few products along with the received one. The one which is delivered showing option to collect super coins and I thought as there is no return I collected the super coins. But when I checked the other products the super coins for those are also claimed and I lost the option to exchange as well and this is not mentioned anywhere that when we claim super coins for one product it effects the other products ordered at the same time. A complete waste of money and tricking users to buy products that are cheap quality and no use. Also few products comes with no tag and when we trust o return or exchange they will not accept it as it doesn’t have any tag. I’m going to uninstall this app and also suggest my friends to do the same.
6/9/2024,Play Store,1,worst customer service ever you cancelled my product without my consent and remove the discounts too
6/9/2024,App Store,5,"I’ve been shopping with Myntra for almost 15years, and I can confidently say it has been one of the best online shopping experiences I’ve ever had. The quality of the products, wide variety of brands, attractive offers, fast delivery, and hassle-free returns have always impressed me.

Every purchase has been smooth, and their customer service has been reliable whenever I needed assistance. Myntra has become my go-to destination for fashion and lifestyle shopping.

Thank you for consistently providing such a great shopping experience. I’m truly a happy and satisfied customer, and I highly recommend Myntra to anyone looking for a trusted online shopping platform."
6/9/2024,App Store,1,So i have to tell something about the app as i used this app for years now i don't experience any problem but few days ago i ordered a prestige cooker which is clip on mini svach stainlesss steel cooker with 2 litre capacity so i received a handsome discount on that which is 70% so i ordered that but it got cancelled and in reason it is showing that it got cancelled due to unforeseen reason when i called them for the reason they didn't even give me proper reason for that then by requesting customer care executive they placed new order with same old price it got cancelled again same process i repeated so thrice of time it got cancelled now they are saying when i called customer care executive so they are saying it can't be delievered due to seller reason and close my complaint ticket without any solution so here i am reviewing this after my drastic experience with it from 1 month they are making fool they are not trustable my suggestion for all of you to just don't order anything from myntra #myntra
6/9/2024,App Store,1,"I have been using Myntra since a decade now and I have amazing experience until now. Lately they’re sending parcel with missing products, damaged products and the parcel that has to be delivered doesn’t get delivered on time ,says delivery failed without even contacting me for the same. 

Help centre just keeps telling you to have some patience and wait for 48 hrs then another 72 hrs . Now it’s been 5 days my missing products haven’t reached me nor did I get the refund nor are they telling me what’s actually happening. Everytime I call them They just say please wait. 

What kind of service is this Myntra? Didn’t expect this from you! If I don’t get my products tomorrow I’m deleting this app and I’ll just everyone I know to not use this app cause their service quality have gone down to a level unacceptable!"
6/7/2024,Play Store,1,worst company my order was delivering and suddenly the order was cancelled because they couldn't deliver it and they made it look like I didn't pick any calls and all I needed those items very much it was emergency I was going on a trip and at the last moment they showed me that my order is cancelled and the payment will be credited tomorrow it was all good and it was showing out for delivery in app worst experience ever
6/6/2024,Play Store,4,exprees delivery in 2 day but too costly
6/6/2024,Play Store,5,best quality products.
6/6/2024,App Store,1,"The service is so poor and they send wrong products , products with missing tag , worn or used out products multiple time and then they refuse to accept their mistake and hence refuse for refund, Been using this app since 8-9 years now and the services get poor with each passing year , I ordered a blue top of size L and I received a yellow top size xs and of completely different patten when I reached out their customer service at first they gave false claimed of resolving my issue in 24hrs, then I had to call multiple times for multiple days with each time they saying will solve in next 24 hrs , like if u order from Myntra and receive a wrong product be ready for the mental torcher everyday u will have to call then and remind them of their work ,okay moreover this much of negligence wasn’t enough  they refused to accept their mistake later and hence refuse to refund. They make all this fake programmes in their app “ Myntra insider” , “ Myntra select member” “ Myntra elite” but do not care a bit about their loyal customers I will suggest to not use this app unless u don’t mind wasting your money 🙂"
6/5/2024,Play Store,5,"Balanced I’ve had a pretty good experience with Myntra overall. The app is easy to use, there are lots of products and brands to choose from, and the delivery tracking is helpful. Prices and discounts are also usually good. There are occasional delivery issues, but overall it’s a convenient shopping app."
6/3/2024,Play Store,1,"Delivery timelines are too long, and orders are often not delivered on the promised date. Even when I cancel due to delays, a platform fee is still charged, which feels unfair. Although Myntra and Flipkart belong to the same group, Flipkart provides much faster and more reliable delivery. Please improve delivery accuracy and stop charging platform fees for delayed orders."
6/2/2024,Play Store,5,I got a very gud customer service so thankful to Myntra and also thanks to Sreejith delivery partner
5/31/2024,Play Store,5,good fabric
5/31/2024,Play Store,5,this is a very easy platform to shopping ...and return process also the refund process is very quick i love that ❤️
5/31/2024,App Store,1,"Hey, I wanted to raise awareness of how Myntra is trying to cheat customers. I had placed an order on 1st of May and it was expected to be delivered by 3rd May. There were fake delivery attempts and since then till now I have been calling up Customer Support and they have been giving me fake promises and hopes saying it will be resolved within 24 hours or my cancellation request will be approved within 48 hours or my amount will be refunded within 3 working days.. but it has been 30 days and still I haven’t received any resolution. I am really disappointed and I feel harassed. I have mailed an official complaint too but still no revert on it. I am convinced that a legal action is needed to be taken to solve my issue. Have been calling everyday to the customer support and have spoken to nearly 30 executives and their seniors and then their seniors too, but yet no solution has been provided. You have lost a loyal customer, Myntra! Shame on you!"
5/30/2024,Play Store,5,good service and best quality products are available here go and shop your wear 🩷
5/29/2024,Play Store,5,"very pretty, quality is also good 👍🏻 recommended"
5/29/2024,Play Store,5,awesome discounts
5/29/2024,App Store,1,"I have been a regular customer of myntra for so many years. Recently they have started to send wrong and fake products In the name of branded products they sell fake products.  I ordered a Tommy hilfiger T-shirt and what I received was without brands logo and in its place a p embroidered over chest area. Upon raising the return request since the item received didn’t match the item showcased on the app, they just refused to refund/ return even though all the pictures of wrong products were shared by me. All they could say for this was they have checked the video and although they understand but they cannot do anything. When asked about the video which they were telling as proof they refused to share on basis of which they were claiming to have investigated. No details of any investigation was shared and they just say sorry and we as customers have to bare all the costs of their wrongly delivered stuff. All this despite several emails and calls and still nothing. This was the second incident in just 3 months. I am never buying anything again from myntra."
5/28/2024,Play Store,1,"Fake Promises & Gamified Traps I submitted an honest review with clear photos, but it was rejected for being ""Non Aspirational."" They advertise earning ""up to 5000 Myncash,"" but it's just a gimmick. They don't want genuine feedback; they just want free, highly-produced ads. Earning the max reward is practically impossible. Save your energy and don't waste time writing real reviews here"
5/28/2024,Play Store,3,Every product costly compared other online app
5/27/2024,Play Store,1,I had such a worst experience I ordered face wash and lip balm from myntra on the day of delivery I was waiting whole day but it didn't came and suddenly delivery failed and now it's been a week still no reattempt no answer to calls worst app ever
5/26/2024,Play Store,5,too good and good discount
5/26/2024,Play Store,1,"deleted my account because of 2-3 damaged product delivery recently, issuing refund for damaged item is another challenge. I was a Customer on myntra for last 15 years, but something seriously wrong going on with their logistics i think."
5/25/2024,Play Store,5,this is very good and delivery is very fast and the delivery man is also good this is very good buy products from this
5/25/2024,App Store,5,"I recently purchased a pair of Van Heusen formal brown leather shoes for professional daily wear, and overall, I am very satisfied with them.
Design & Appearance:
The rich brown color and finish look very premium right out of the box. They have a sleek, sharp silhouette that pairs perfectly with formal trousers and suits. I’ve already received a few compliments on how sharp they look at work.
Comfort & Fit:
The sizing was [perfect / a bit tight at first but broke in well]. The cushioned footbed provides decent support for walking around the office and standing during presentations. They didn’t cause any major blisters, which is always a relief with new formal footwear."
5/25/2024,App Store,1,"One of the pathetic service support. Once you place the order they will cancel the order by themselves and they mention it as order was cancelled by customer. And once you reach out to the customer support they simply mislead you mentioning the order is placed for the same price and you don’t need to pay anything. But in order status it will be showing pay on delivery. If you ask about payment terms they mention it will get adjusted within 24 hours. And if you call customer support after 24 hours. They will inform that we’re misguided by support person. He will mention you you will not be able to get the product at same price. And moreover don’t believe in Myntra insider and all. It’s all fake. They will mention once the supercoins are used you won’t get them back even Myntra cancels your order. Even if you try to contact support team for that, it’s just waste simply of your time. Don’t trust on Myntra support team.."
5/24/2024,Play Store,5,"MYNTRA is my favourite app. because it has many good things and a very good return policy, branded products which leads to customer satisfaction. so, I'm happy with my myntra.💕💕💕"
5/22/2024,App Store,2,"Wrong product was delivered which did not match the image. Would it be better if Myntra verified the product before dispatching. Also it’s okay to let the customer know that the requested item is out of stock instead of keeping us waiting with a hope and finally disappointing us with the wrong product. Then comes the after delivery experience i.e., Myntra rejects the return pickup, saying the product doesn’t match the image. This quality check could have been carried out before delivering the item right? Why cause trouble to customers and forcefully ask them to keep the wrong product? 

Another style product was delivered without price tag and again the return was rejected. 

Myntra rejects the product review too. I dint like this scam from Myntra!"
5/19/2024,Play Store,5,It is a good app and the delivery is also fast. One of the best app for shopping
5/19/2024,Play Store,5,"Myntra is one of the best shopping apps for fashion and clothing. The app is easy to use, there are plenty of options from different brands, and the product quality is generally very good. Delivery is also fast and the return/exchange process is quite convenient. Overall, I’ve had a great shopping experience with Myntra and would definitely recommend it to others."
5/18/2024,Play Store,1,"very bad experience about refund. Abnormal delay in pickup and using customer's money illigally. Please look into it. ordered for Brownish colour shirt , delivered black shirt. Its truly unprofessional."
5/18/2024,Play Store,5,Myntra always delivery the same best product and soon
5/17/2024,Play Store,4,this app is nice delivery speeds also nice and I love this apps product quality and delivery experience
5/17/2024,Play Store,5,I love myntra good quality
5/16/2024,Play Store,5,awesome quality
5/16/2024,Play Store,5,it's a very fun review product are genuine I'm happy to get shopping here
5/14/2024,Play Store,1,dont buy product this app not quality and proper deliver received broken product and used fabric
5/14/2024,Play Store,5,nice good quality love it
5/14/2024,App Store,5,"Still not return my product 

Sir, I had ordered 3 jeans on 10th May out of which I received only one jeans whose quality is good but I received the other 2 jeans which were wrong. What I expected did not come and neither did it come from the company which I had ordered. I had also raised a request for return but the delivery boy did not come and took my product and said that this is not the same product. I also told him that if it was the same then why would I return it. He said that you should talk to the company and I did not get any specific information from the customer service also. Please help me in resolving my query."
5/13/2024,Play Store,5,good fabric and fit
5/13/2024,Play Store,5,Myntra is just amazing platform for. shopping lover prices and quality of products are A1. good
5/12/2024,Play Store,5,fast delivery and value for money products
5/12/2024,App Store,1,"I am giving 1 star only because Google Play doesn’t allow 0 stars.

This has been one of the worst online shopping experiences I have had. I ordered an AARAAS co-ord set but received a completely different product—a kurta that even appeared to be used. This was not a minor variation; it was the wrong item altogether.

I immediately raised a return request with all the necessary details. Instead of resolving the issue, Myntra rejected my claim, stating that their investigation confirmed the correct product had been delivered in sealed packaging. That conclusion is completely inconsistent with what I actually received.

As a genuine customer, it is extremely frustrating to pay for one product, receive something entirely different, and then be told that nothing is wrong. It feels as though the customer’s evidence and experience are ignored in favor of an internal process.

I expected accountability and fair customer service from a well-known shopping platform. Instead, I was left with a product I never ordered and no meaningful resolution. This experience has completely eroded my trust in Myntra. I hope they improve their quality checks, investigate complaints fairly, and treat genuine customers with the respect they deserve."
5/11/2024,Play Store,5,good quality order
5/10/2024,Play Store,1,scam hai sale kuch bhi product bhejte hai or return accepted bhi nahi karte
5/10/2024,Play Store,5,good app delivery fast on time and has all items you need
5/8/2024,Play Store,1,third class app don't have proper delivery
5/6/2024,Reddit,1,"I recently had two very disappointing experiences with Myntra.

The first order was a necklace from the Rubans brand. The expected shipping date was 14th–15th, but even by the 16th, the order had not been shipped. Since it was still unshipped, I tried to cancel it. The app showed that the cancellation would be processed within 20 minutes, but even after several hours, the order was not cancelled and no refund was initiated. This has unnecessarily blocked my money and prevented me from placing another order.

The second and more serious issue was with a bridal chooda ordered for my sister’s wedding. We received a completely wrong product of very poor quality instead of what we had ordered. We immediately requested an exchange, but the delivery kept getting delayed for several days. Each time we contacted customer support, we were simply asked to “wait for another day” with no clear resolution. Eventually, the exchange order got automatically cancelled without being delivered, even though it showed the product was in Delhi. We then had to contact customer care again to initiate a return.

This entire experience has been extremely frustrating:
- Wrong products being delivered  
- Unreliable exchange process  
- Continuous delivery delays  
- Ineffective customer support with no real solutions  

If a product is not available, it should be marked out of stock instead of putting customers through such inconvenience.

This kind of service, especially for important occasions like a wedding, is completely unacceptable. I hope Myntra takes this seriously and improves its service quality and seller verification process."
5/5/2024,Play Store,5,best app to buy clothes with Best price and good quality. go for it
5/4/2024,Play Store,5,really good products.. myntra always amaze me with quality..
5/4/2024,Play Store,5,very good service and on time delivery
5/4/2024,Play Store,5,new formla shoes by louis phillip i have bought they are very good looking comfortable and design and shape is excellent very good quality as always and price was very genuine
5/4/2024,Play Store,5,"Recently faced lots of issues like delivering defective product, product missing, false information from delivery partner side. Need to fix this"
5/3/2024,Play Store,1,"app is extremely slow , it takes forever to search something and then lands on ""oops something went wrong"" (It is not my network issue). once clicked on any item, it opens as a 3/4th page pop up(shows double click to wishlist) - why do I need to put in wishlist, if I couldnt even see the photos properly."
5/1/2024,Play Store,5,👌app best and original quality and pure product
4/30/2024,Play Store,5,fitting is too good
4/29/2024,Play Store,5,"I used after an year, well awa6a out the variety and stock offering, but the interface and filters have improved a lot even the descriptions and size guide is very user friendly"
4/27/2024,Play Store,1,"I want to express my deep dissatisfaction with my purchases on myntra recently. I had to return my first order and you guys failed to pick it for almost 20 days then I ordered two trousers and one of them was cancelled for absolutely no reason after waiting for 7 days for the product to ship. That isn't the end, I placed a third order for a pair of t-shirts hoping they would reach me soon, I contacted myntra several times and they assured that my problem would be resolve but no cancelled again."
4/24/2024,Play Store,5,"amazing app, with great brand's and amazing quality 😍😍😍 love this, this is my go to platform"
4/23/2024,Play Store,5,"quality products fashion at amazing prices i buy almost everything from myntra clothes,bags,shoes n jewellery best in quality and amazing custimer service superfast delivery easy exchange n refunds go for it"
4/23/2024,Play Store,5,nice quality and nice brand
4/22/2024,Play Store,2,good app but sometimes delivery let and delivery person behavior is not good
4/22/2024,Play Store,5,Mybtra use to deliver bestets fabric
4/20/2024,Play Store,5,fast service and good quality products available.
4/19/2024,Play Store,1,"This is the third time I've faced an issue with them. I have been refused an exchange delivery because the delivery partner said that the dress does not have a brand tag intact with it. The brand is only mentioned on the MRP tag. Also I'm getting a dm from an unknown customer service account on Instagram that claims to be a part of their team and is asking to fill out a compensation form. The customer service is simply hopeless! i tried calling, but my call isn't being transferred."
4/18/2024,Play Store,1,"Very disappointed with my order. I received a completely different product, and the product was old/used and had no tag attached. I have already uploaded the photos as proof. Please look into this issue and resolve my return request as soon as possible."
4/18/2024,Play Store,4,The quality of the product is good. I always rely on myntra for clothes
4/17/2024,Play Store,5,good app but the delivery period is to late
4/17/2024,App Store,5,"The customer service is so bad, they have a default call recording for when you call them . And if your issue isn’t in their confined range of issue options, you can’t do anything about it . I feel very helpless and unheard whenever there is any issue with my order and that too from the side of the app, they always send the wrong parcel to me and then it’s such a hassle to complain about the issue . Other than that where the credit is due, the delivery is fast and the range of options are amazing . I request you to please fix this issue"
4/16/2024,Play Store,5,"good quality products at affordable prices, thankyou myntra for faster deliveries."
4/15/2024,Play Store,5,"It has good-quality products and a colorful, attractive app. The prices are fair, and there are plenty of offers and discounts. The app is easy to use, and overall, I’m happy with the shopping experience. 👍✨"
4/15/2024,Play Store,1,"Myntra’s service is becoming absolutely pathetic. I have now received the wrong product TWICE, and every time I raise a return, the response is the same robotic excuse: “Our seller/logistics team confirms that the correct product was packed.” What is the point of providing photos, videos, packaging details and every possible proof if Myntra has already decided to reject the customer’s complaint without even investigating it properly? This is not customer service—it’s customer harassment."
4/14/2024,Play Store,5,excellent quality
4/14/2024,Play Store,5,best experience very good quality
4/14/2024,Play Store,5,amazing app pure brand products with return and replacement
4/13/2024,Play Store,1,not on time deliver product and when you cancel order after committed delivery time and they are failed to deliver product they deduct your amount and not return full amount
4/13/2024,Play Store,1,Myntra wale bahut froad karte Hain order delivery mein bahut samay lagate Hain aur uske bad bhi bahut ghatiya service the delivery date 9 August ko Thi Jo parcel abhi tak mere Ko Mila nahin Hai uski date Na to aage badha rahe or usko udhar hi rok Diya
4/13/2024,Play Store,5,Amazing Quality for clothes with reasonable prices
4/13/2024,Play Store,5,awesome saree colour and fabric
4/12/2024,App Store,2,One of my recent order has been cancelled without informing me. At the time of delivery I was not available and same has been updated to the delivery agent & he has rescheduled the delivery on next day as I got the text from myntra but next day when I did not received any update than I called up the customer care & same has been discussed with her & she has assured me to deliver the product (suit) within 24 hours as per the rescheduled time. But the next day I checked the status through the app it’s showing the product has been cancelled because of bulk order restricted. I don’t understand if you are not deliver the product in 2nd attempt than why you guys given the rescheduled option and also your delivery agent has the option to reschedule the delivery.  You guys playing with customer emotions. I usually doing shoping online and I don’t have any other outfit to wear on same day Thts why I eagerly waiting for my order but you guys cancel the same. And now again I order the same product on higher price but still not confirm its deliver or not. If we paid you whatever the price than you should provide the best service to the the customer.
4/11/2024,Play Store,5,Nice quality
4/11/2024,Play Store,5,"Best shopping app with easy returns and exchange policy, just loved it!!"
4/7/2024,Play Store,5,good quality clothes and other product also nice experience with Myntra 🤍
4/7/2024,Reddit,5,"Myntra is one of India's leading online fashion retailers, offering a wide range of clothing, footwear, and accessories for men, women, and kids. The company is known for its trendy and up-to-date selection of products, as well as its competitive prices and excellent customer service.

One of the main advantages of shopping on Myntra is the sheer variety of products available. The company offers a vast selection of clothing items from both Indian and international brands, so you're sure to find something to suit your style and needs. Myntra also has a dedicated section for ethnic wear, which is perfect for those looking for traditional Indian clothing for special occasions.

Another advantage of shopping on Myntra is the company's commitment to quality. The products sold on Myntra are all sourced from reputable brands and manufacturers, so you can be sure that you're getting good value for your money. Myntra also has a strict quality control process in place to ensure that all products meet the company's high standards.

Myntra offers regular sales and discounts, which can help you save even more money on your purchases. The company also offers a loyalty program, which rewards customers for their repeat business.

One of the things that sets Myntra apart from other online fashion retailers is its excellent customer service. The company's customer service team is available 24/7 to help you with any questions or problems you may have. Myntra also has a hassle-free return and exchange policy, so you can shop with confidence knowing that you can return or exchange any item that doesn't meet your expectations.

Overall, Myntra is a great option for online fashion shopping in India. The company offers a wide range of high-quality products at competitive prices, and its excellent customer service makes shopping on Myntra a breeze."
4/6/2024,Play Store,1,"Now days myntra is selling fake products or low quality products. Stop buying things from this application. now this is the high time for offline shopping. these applications are not convenient or provide any services instead they are just selling fake products. Recently I ordered a black comfy shirt from this app brand here&now and I received a fake cheap quality shirt brand name is ""urban buccachi"" and this is not the single case there are multiple incidents in a row."
4/5/2024,Play Store,5,my favourite shopping app.trust for quality.
4/4/2024,App Store,1,I am a Myntra shopper since 10 years. But had one of the most worst experience recently. I had placed a style exchange order for the  initial order placed. But my order was getting cancelled automatically due to Myntra’s system error. I repeatedly tried placing style exchange but the result was same. I contacted customer support team and they assured will do the best in resolving the issue. I also spoke to CS team Supervisor but was of no use. I raised almost 6 to 8 complaints but the ticket was getting closed without any action. The return/exchange period got over by the time I wanted to exchange. The customer support team assured me will do the needful before the return period. But I could either return nor exchange. Will never shop from Myntra. I uninstalled the app forever. Good bye.
4/2/2024,Play Store,2,Delivery and costumer support is very baddd worst app I have ever seen for the same I really disappoint 😞 this app Next time I will order from other platform because of this.
4/1/2024,Play Store,1,pehle order liya.....fir 4 aug 2026 lo delivery dikha rha tha par deliver hua nahi na koi update diya uske baad customer care par baat ki to bola 10 tarik tk deliver ho jayga track krne pr near by store pr show kar raha tha jab 9 August ko mera order khud he cancel kr diya Myntra se ye farzi cheez krne ki umid nahi thi bad experience
4/1/2024,App Store,1,"Myntra’s delivery service is extremely disappointing.

I placed an order yesterday because it clearly showed Next Day Delivery, and it was supposed to be delivered today. However, it’s already 11 PM, and I still haven’t received my package.

I contacted your chat support, but it’s just a bot that keeps closing the chat without resolving my issue. I also tried the call support, but it’s a computerized system that keeps repeating the same response: “I understand you haven’t received your product. Please keep tracking your order. Once it shows ‘Out for Delivery,’ you’ll receive it.”

I already know how order tracking works. My question is why wasn’t my order delivered today when you promised Next Day Delivery?

I specifically ordered this dress because I need to wear it tomorrow. Now it’s 11 PM—where am I supposed to buy another dress at this hour?

If you couldn’t deliver the product today, why advertise it as Next Day Delivery?

I even requested delivery by 12 PM tomorrow, but your support only said they cannot guarantee it and would just mark it as urgent. That’s not a solution. I need to know when exactly I will receive my order, not be told to keep tracking it."
3/31/2024,Play Store,5,good quality products available with affordable cost
3/30/2024,Play Store,1,very bad experience. my first order is very delayed. they're delivery team is very poor
3/30/2024,Play Store,2,"I ordered 2 items and initiated returns,but mistakenly one product was replaced with the other.I don’t understand how the QC was done and they refunded me for one item. Yesterday,the other item was picked up,but now it’s showing that the quality check failed and a re-pickup has been initiated.I don’t have any product with me.Customer care is not responding since 2 days and there is no real human intervention.Also mailed the customergrievance team plz slove ASAP."
3/27/2024,Play Store,5,overall good quality products
3/27/2024,Play Store,5,I loved this app product quality is awesome whatever I bought till date....
3/27/2024,Play Store,1,"not reliable,, delivery time is to high"
3/25/2024,Play Store,4,"I had placed an order for three items worth approximately ₹3,450, which I had specifically purchased as a birthday gift for my brother. However, Myntra cancelled my order late in the evening, just one day before the scheduled delivery date, without providing any satisfactory explanation. Moreover, an amount of approximately ₹300–₹400 was deducted from the order, thanks team myntra I got my amount but one item Missed it happens I am satisfied"
3/25/2024,Play Store,1,show itam is Branded but after delivery itam like duplicate and 1st copy 😥
3/25/2024,Play Store,5,"The product quality is good and the fabric feels comfortable. The fitting and overall look are nice. The delivery was also on time. Overall, I had a good experience with Myntra and I am satisfied with the product."
3/23/2024,Play Store,5,it's t shirt quality is mind blowing. I loved all the products 😇
3/22/2024,Play Store,1,"Worst platform to order product, Not delivery product on time. Tehy take more than 20 days to deliver product even they promised 2-3 days delivery. If I have option, I will give minus rating for delivery."
3/22/2024,Play Store,5,"Myntra app का shopping experience काफी अच्छा है। ऐप का interface simple और user-friendly है, products की variety भी बहुत अच्छी है। Search, filters और order tracking आसानी से काम करते हैं। Offers और discounts भी काफी useful रहते हैं। Overall, Myntra पर shopping करना convenient और reliable लगता है। 👍"
3/22/2024,App Store,1,"I am really disappointed with the Myntra now. Being an Icon Member of Myntra since from past 2 years, i have spent lot of money in shopping with Myntra. Till now, i was never disappointed by the quality they sell or they allow seller’s to sell on their platform. But recently I ordered MARKQUES Men’s wallet and as per the description, it was showing it is made up of leather. So i ordered it and within couple of weeks wallet got torn and the material was not even Leather which was used to make that wallet. I tried to submit my review on same product along with the pictures and Myntra has approved my review partially and they have removed the pictures of the torn product. I have also raised a concern through the chat to Myntra Customer care. But they are hardly bothered of their premium customer. 

NOW THEY ARE SELLING ONLY CHEAP QUALITY PRODUCTS AT A VERY HIGHER PRICE…"
3/22/2024,App Store,1,"As a regular shopper on Myntra, I've always appreciated the variety of products and the convenience of online shopping. However, my recent experiences with their delivery service have been nothing short of disappointing. On two separate occasions, I ordered dresses from Myntra, expecting timely delivery as promised. Unfortunately, both times, my orders were significantly delayed and also cancelled by Myntra team without any proper communication from the company. Despite raising complaints, the response from customer support has been lackluster, with generic replies and promises of resolution within five days, which never materialized. As a paying customer, it's incredibly frustrating to encounter such poor service. Not only did I have to wait longer than expected for my orders, but the lack of transparency and effective communication only added to the frustration."
3/21/2024,App Store,1,"Dear Myntra Team,

I am calling you out here in this platform so that someone responsible will get to the bottom of the issue. During the Myntra Sale I had ordered more than 30 items. While the supplies started it never really occurred to me to cross check whether all items ordered are delivered coz that’s what we call “TRUST”. Unfortunately I was able to catch that House of Pataudi Kurta set was not delivered and reported the same. I was told that the window for reporting this issue is 72 hours and that I have crossed it. Then I immediately checked all deliveries and found that one more sandals was shown delivered but missing and reported it. I received a refund for that. 2 days later another delivery showed delivered but was not - Berrylush pink set. I have reported that too and now the customer support says that the logistics had delivered. End of story dot. So essentially I have lost my money on two items. Practically paid for it only to be told that it’s been delivered like Magic. No OTP system like Flipkart. I will NEVER EVER ORDER AGAIN IN BULK. Coz apparently it becomes Caveat Emptor. I will not let it go. I will take it up in consumer court."
3/20/2024,Play Store,5,amazing app and the discount are so good on product
3/20/2024,Play Store,5,its good ap for shopping and my experience there is extremely nic thanks myntra the quality is good five star for u 🎊 thanku myntra
3/20/2024,Reddit,1,"I am very disappointed with Myntra. This is not the first time I am facing issues, but this time it has been extremely frustrating.

I ordered a few items, and while most of them were delivered, one plazo pant has still not been delivered even after one month. There is no proper update, no clarity, and no accountability from Myntra’s side.

The biggest issue is customer support. When I try to call, either the call is not answered or the representative talks about completely different products and avoids addressing my actual issue. When I try to chat through the app, it is always an automated response, and I never get connected to a real person. Every time I follow up, I get the same message: “Our customer care is busy, we cannot reach you.” This has been going on for the past one month.

I also tried to cancel the order multiple times, but the app keeps showing “cannot cancel now.” If I cannot cancel and you are not delivering the product, then what exactly is happening with my order?

This is not acceptable. Previously also I faced issues where my payment was done but the order did not even reflect properly. Now again, I am stuck with no product, no response, and no refund.

If Myntra cannot deliver the product, at least provide a proper update or process the refund. Ignoring customers like this is highly unprofessional.

Very poor service and a frustrating experience overall. I would not recommend Myntra if this is how customer issues are handled."
3/19/2024,Play Store,5,"Whatever I purchase from Myntra is always of very good quality, and I’ve consistently had a great experience with their products. The materials feel premium, the stitching is neat, and everything looks exactly as shown in the pictures."
3/19/2024,App Store,5,"I have had a generally good experience using the Myntra app. The interface is user-friendly and makes it easy to browse different fashion categories and brands. I like the wide range of products and the frequent discounts offered on the platform. The delivery process is usually quick and convenient. However, there is still room for improvement in customer support and return handling, as responses can sometimes take longer than expected. Overall, Myntra is a reliable app for online fashion shopping, but improving service efficiency would make the experience even better. 👗📦⭐"
3/18/2024,Play Store,5,best app for quality fashion
3/17/2024,Play Store,5,"I had a wonderful experience shopping with Myntra! The delivery was quick, and the discounts and offers were amazing. They have a huge collection with plenty of options to choose from. Overall, a great shopping experience! ⭐⭐⭐⭐⭐"
3/17/2024,Play Store,5,"I’ve been using Myntra for almost 7 years, and I genuinely love the app! ❤️ The variety of clothes, footwear, beauty products, and brands is amazing, and I’ve always had a great shopping experience. The app is easy to use, products are usually good quality, delivery is convenient, and the offers and discounts are a big plus. 🛍️✨ Myntra has been one of my favourite shopping apps for years, and I’ll definitely continue shopping here! ❤️"
3/15/2024,Play Store,5,best quality clothes
3/14/2024,Play Store,5,good Quality product
3/14/2024,Play Store,5,Frequent sales and great coupon discounts make it highly affordable.
3/13/2024,Play Store,5,"this app is Good although I have ordered one product, the experience was too good I recommend you all to try it once !!"
3/13/2024,Play Store,1,myntra has so many issues. i not get my instant 10% discount due to today's myntra glitch or tactics
3/12/2024,App Store,1,"I recently ordered two Jack and Jones and one HRX track suits from Myntra, and unfortunately, my experience turned out to be extremely disappointing. While the delivery was prompt, within one week, the contents of the packages were far from satisfactory. Instead of receiving complete track suits, I found only the track pants in each package; the jackets were missing from all three.

Understandably frustrated, I promptly raised multiple complaints with Myntra's customer service team. However, despite communicating with them tirelessly for over a week, the response remained dishearteningly consistent. According to Myntra, the products had allegedly passed all quality checks, and they insisted that the delivered items were not tampered with.

This lack of accountability and failure to acknowledge the issue left me with three track pants but no jackets, rendering the entire purchase useless for my intended purpose. As a consumer, this experience has left me deeply dissatisfied with Myntra's service. Despite their claims of quality assurance, their inability to address a clear problem within their supply chain reflects poorly on their commitment to customer satisfaction.

Regrettably, I cannot recommend Myntra based on my recent experience, and I have no intention of using their services again in the future."
3/11/2024,Play Store,5,mast quality
3/11/2024,Play Store,5,Meri fashion Bull money saver recommended online products best app in the market
3/10/2024,Play Store,5,Experience was very good 👍🏻 amazing quality received
3/8/2024,Play Store,1,"just BAD, worst delivery service, always late and misplaced the package."
3/8/2024,Play Store,3,"The app works well overall, but the delivery dates for my orders keep getting delayed, which is quite inconvenient."
3/7/2024,App Store,5,"Its to good cloth quality is soft 
😍😍"
3/5/2024,Play Store,5,nice quality
3/4/2024,Play Store,5,I just purchased shoes that are awesome The best quality and perfect size this app actually has a genuine product and is trustworthy with customer
3/2/2024,Play Store,1,"Pathetic delivery service! My exchange orders have been stuck for 15 days, and every single day the tracking status updates to ""Delivery Failed"" without anyone actually making an attempt or calling me. Your delivery agents are falsely updating the status to clear their quotas while the customer is left stranded.Customer support is completely useless, giving the same automated template responses over and over. If you cannot deliver orders, stop taking our money."
3/1/2024,Play Store,5,"⭐⭐⭐⭐⭐ Myntra app ka experience kaafi achha hai. App use karna easy hai aur products ki variety bhi bahut achhi hai. Search aur order karna simple hai, aur product details bhi clearly mil jaati hain. Offers aur discounts bhi kaafi useful hote hain. Overall shopping experience smooth aur convenient hai. 😊🛍️"
3/1/2024,Play Store,1,mnow Delivery is not trust worthy
3/1/2024,Play Store,1,"very bad experience with myntra . I ordered a pair of jeans from myntra but I got a oversized product so I returned. once I asked for refunded to customer care they are constantly liying to me. I would strongly recommended to everyone, please do not buy anything from myntra. their customer support is too bad. I need my refund or I will complain high authority."
3/1/2024,Play Store,5,good service and fastest delivery 🚚
2/29/2024,Play Store,4,provide fast services and good for fast delivery of products
2/28/2024,Play Store,5,The experience was awsum and the quality of goods is good
2/28/2024,App Store,5,"Thousands of rupees I must have spent on getting stuff from Myntra, but on a few returns the cash back which I chose to keep in the Myntra account never could be redeemed. It keeps asking for an OTP which they never send. They can’t sync the phone and email in some special area that they only know of. When you contact the customer care, they tell u of a long process of sending an email and follow thru. I followed up and send them my Adhaar card as if proof they demanded. Later only to know they have collected my data and then say we need pan not Adhaar. I sent that as well. Yet my cash back can still not be redeemed and all they can do it stall it till it’s expired. What way to do such fraudulent activities. Very Bad Experience. My Advice, if u return an item don’t trust Myntra with ur money, you may never get to redeem it."
2/27/2024,Play Store,1,"very bad app they delayed my order and I want to go urgently and customer care is also very bad delivery date was 17 aug today is 18aug and they are telling me that we can't deliver it today we will deliver it tomorrow , worst app I won't use it again that was my last order😭 I have sended u the order no."
2/24/2024,Play Store,5,best quality product
2/23/2024,Play Store,5,easy to Shop and express delivery
2/23/2024,Play Store,1,bhot hi bekaar app he... isme products bhot juada costly he and cost k according quality v nhi dete... isse to meesho acha he
2/23/2024,Play Store,5,very good👍 clothes quality is very good
2/21/2024,Play Store,5,quality on top
2/21/2024,Play Store,1,"I ordered this dress with an expected delivery date of August 9, but it still hasn’t arrived. I have also not received any update or information regarding the delay or the new delivery date. Very disappointing experience. Please provide an update on when my order will be delivered."
2/20/2024,Play Store,5,100% geniune quality products. User friendly interface & faster delivery of products.
2/20/2024,Play Store,1,Very poor service I had return my order but I didn't got any refund... it's too embarassing...
2/19/2024,Play Store,5,best app for quality clothes
2/19/2024,Play Store,1,they are not refunded my whole money they are charged with me a 293 and after a product was damaged that's why I am return a product but myntra are refund me a 260 they are not refunded my whole money very bad 😔😭
2/18/2024,Play Store,5,myntra is the name for trend and style. one place to go for shopping for all needs
2/18/2024,Play Store,5,if you want quality then Myntra is your Mitra
2/17/2024,Play Store,5,super quality dresses available here
2/17/2024,Play Store,5,"Discovering a wide array of stylish clothing has been a delightful experience. The selection available offers something for every preference and occasion. Finding exactly what you were looking for proved to be quite straightforward. The quality of the items surpasses expectations, ensuring satisfaction with each purchase. It's a truly wonderful platform for enhancing your wardrobe."
2/16/2024,Play Store,5,best experience and fast delivery 🚚
2/15/2024,Play Store,5,best quality
2/12/2024,Play Store,1,sun lo sab log myntrase kabhi shopping mat karna wo log chiting karte hai mene ek black shirt mangvya tha to muje wo cloth Acha nahi laga to mene return Kiya 5 bar request dali fir bhi kuch nahi huaa mere paisa Gaye.. ab wo log call nahi utha raye🤬🤬🤬😡😡😡 mere to paise gaye aapse sath bhi Asa ho sakhta hai...
2/11/2024,Play Store,5,"Ultimate fashion holy grail and a mind-blowing, one-stop style universe.Every single browse feels like a VIP shopping spree with an endless selection of gorgeous styles and unbelievable deals. The flawless experience and lightning-fast delivery make it pure shopping bliss."
2/11/2024,Play Store,4,Good Quality Items
2/10/2024,Play Store,5,"Myntra offers a wide variety of branded fashion products, an easy-to-use app, good deals, and convenient returns/exchanges."
2/8/2024,Play Store,1,mynta ne wrong product send kiya h .. scam kiya h problem resolved v nhi kiya h .. return request send krne pr v koi response nhi kiya or customer care se bat krne pr bola ki camera check kiya gya h apka product sahi package h but totally wrong h ... I'm very disappointed this app..refund v nhi kiya h.
2/8/2024,Play Store,1,Myntra is froud app mene jeans order kr rhi fit nhi aayi return Kiya Aaj Tak refund nhi aaya mere account me 3 mahine hogye socha bta du taki ap log strk hojao
2/8/2024,Play Store,5,"nice cotton suit, fabric is good👍"
2/8/2024,Reddit,1,"This has been one of the worst shopping experiences I have ever had with Myntra.

They lost my product in the warehouse during the first delivery attempt and still asked me to wait an additional 72 hours. After that, they requested me to place a new order. Despite all this delay and mismanagement, I ended up waiting almost 20 days — only to finally receive a product with a completely different colour than what I had ordered.

This clearly shows how careless, irresponsible, and poorly managed their service is.

What is even more shocking is that when I contacted customer care, they asked me to initiate an exchange. After waiting another 6 to 8 days, I again received the same wrong product. It literally feels like “giving with the left hand what was already taken with the right” — completely meaningless and extremely frustrating.

The customer care agents are absolutely useless. They provide no real resolution, take no accountability, and only waste time with scripted and repetitive responses.

My time, patience, and trust have been completely wasted. This reflects extremely poor quality control, zero commitment, and highly unprofessional service standards.

To make things worse, in the end, they simply asked me to return the product — how ridiculous and unacceptable is that after all this inconvenience?

Even after registering a complaint, they closed it without my consent, which is highly unprofessional and unacceptable.

Strong advice to everyone: Do not go with Myntra. It is far better to use other apps that are reliable and actually care about quality and customer satisfaction."
2/7/2024,Play Store,1,poor delivery time 14 arrived my good but don't know what already paid
2/7/2024,Play Store,5,nice e commerce app perfect time to delivery
2/7/2024,Play Store,5,best delivery nd fast 😄
2/5/2024,Play Store,1,"My order’s delivery date is today, 10 August 2026, but I have still not received my order. I have already raised a complaint with customer support and also spoke with the supervisor, Ankita. However, my issue has still not been resolved. I am only receiving assurances, but no clear information about the delivery is being provided. Please escalate my complaint to the concerned higher team and provide me with the exact delivery status and expected delivery time. I request you to resolve this iss"
2/4/2024,Play Store,5,Good Product & Quality. Value for Money. Offers are too good.
2/4/2024,Play Store,1,"Very disappointing experience with Myntra. This has happened to me twice now. I returned the products, and the app showed that the refund had been processed, but I still haven’t received the money in my account. Even after waiting, the refund amount has not been credited. Facing the same issue twice is extremely frustrating. Myntra really needs to improve its refund process and resolve such issues properly."
2/3/2024,Play Store,4,very helpful app..all product quality is very good 👍
2/2/2024,App Store,1,"I recently had a regrettable encounter with Myntra when I purchased a pair of shoes. The entire process from delivery to return left me thoroughly dissatisfied.

Upon receiving the package, I was dismayed to find it in a deplorable state; the box was already open, and the shoes were casually placed outside the Myntra packaging. This lack of care reflected poorly on the company’s commitment to quality.

The troubles escalated when I discovered the shoes didn’t fit well. Hoping for a smooth return process, I initiated a return. To my dismay, Myntra denied my return request, citing issues with scanning the barcode. Despite the barcode being intact and the seal remaining unbroken, they unfairly attributed the problem to a scratched barcode supposedly caused during delivery.

I meticulously inspected the shoes, and there were no alterations on the shoe tongue or any other part. Myntra’s refusal to acknowledge this and their subsequent cancellation of the return, all while blaming me for the barcode issue, left me feeling cheated.

This experience raises serious concerns about Myntra’s commitment to customer satisfaction and their questionable handling of genuine concerns. I hope this review serves as a cautionary tale for others considering transactions with Myntra."
1/31/2024,Play Store,5,super app...supper collection...super discount
1/31/2024,Play Store,5,what a app bro it's much better than Flipkart aur amezon for shopping clothes.. good delivery and also available exchange or return when your clothes is not proper fiting without any extra charge
1/31/2024,App Store,1,"Extremely disappointing experience with Myntra.
I placed an order for a top where the shipping date was clearly mentioned as 17th, but till now the product has not even been shipped. As a customer, I naturally expected that if the item shipped on the 17th, it would reach me before the expected delivery date of 20th. Unfortunately, I was completely wrong to trust Myntra.
There have been no proper updates regarding the shipment, and even after raising a support ticket today, I have not received any response or assistance. As a customer who has already paid for the product, I have the right to know the exact status of my order.
I ordered this product because I needed it by the evening of 19th for an important occasion, and Myntra has ruined my plans and my trust. The service quality of Myntra has been declining significantly in recent times.
I am highly dissatisfied with this experience and will not be ordering from Myntra again. Customers deserve better communication, transparency, and accountability."
1/31/2024,App Store,1,"I have purchased products worth from Myntra one month back worth 6k. In the app it was shown as products already delivered, I contacted customer care them regarding the same as I didn’t receive any. They said to wait for 48hs to fix it, I waited patiently but there was no update from Myntra side. Since that day I contacted them each day to know the update as they was no updates from Myntra, each day they asked me wait to another 24hours as there is enquiry happening and some kind of excuses. I waited for 25 days to get an answer from Myntra side.  They never gave me a appropriate answer. At the end, they just updated saying problem being resolved and products was delivered. I felt so bad regarding it where I lost my 6k and myntra didn’t even take a step for same. It’s the first time I had such bad experience from Myntra , but got to know your customer care is just 👎🏻👎🏻👎🏻 👎🏻and never took a step to solve a customer issue. So bad experience ever. Never ever am going to purchase from this app. I strongly reccomend customer to keep cash on delivery so that you won’t loose money."
1/29/2024,Play Store,1,"Their customer service is bad, I ordered an expensive item of around 3k and wanted to exchange it. it's been a month since that request and it has not been fulfilled yet. Terrible experience."
1/29/2024,App Store,5,"Myntra is one of the best online platforms for fashion and lifestyle shopping in India. It offers a wide range of brands, from affordable options to premium labels, making it suitable for different budgets and styles. The app and website are user-friendly, with helpful filters that make browsing easy.

One of Myntra’s biggest strengths is its frequent sales and discounts, especially during events like End of Reason Sale, where you can grab great deals. The delivery is generally fast and reliable, and the packaging is neat.

The return and exchange policy is also quite convenient, which adds to the overall shopping experience. However, sometimes product quality may vary depending on the brand, and certain items can feel overpriced without discounts. There can also be occasional delays during peak sale seasons.

Overall, Myntra is a trustworthy and convenient platform for fashion shopping, especially if you take advantage of its sales and check reviews before purchasing.

Rating: ⭐⭐⭐⭐☆ (4/5)"
1/28/2024,Play Store,5,"​Amazing experience! Great collection of genuine brands, fast delivery, and very smooth return process. Highly recommended"
1/28/2024,Play Store,2,delivery time is too long
1/28/2024,Play Store,1,i brought some items which I got wrong when I wanted to return them they are ready to pick up that item this is not only incident ut happens with me couple of times 😭😭
1/28/2024,Play Store,5,best quality and best coupon offers
1/26/2024,Play Store,5,superb quality!
1/25/2024,Play Store,5,best quality ever
1/25/2024,Play Store,5,Amazing discount
1/25/2024,App Store,1,"This is the 4th time this has happened with me at Myntra, i made 2 orders to be delivered before 14th for my husband. Myntra purposely delayed them so that i cancel the order n pay platform fee for no reason and then i buy the same thing at a  higher price. They are compensating for the celebrity ad fees this way. Awful way to loot the customers and spoil their special day. I have ordered a 2piece suit at Myntra and it was supposed to be delivered on 12th feb but they delayed the delivery on purpose coz they are greedy and want higher price for their product. They expected me to cancel and replied back by saying that they’ll deliver the product by 17th Feb but again today they messaged adding they’ll resolve the issue by 19th Feb. Myntra team doesn’t communicate the issue correctly and now they wouldn’t even cancel or solve the issue so that i cancel and pay the platform fee for no reason and as an apology for not solving my issue they’ll give me a stupid and useless coupon which does not work for any shopping. This is ridiculous and now I want my refund and also a same amount of Myntra credit else m filling a complaint against Myntra in consumer court. I have tried reaching out through chat but it says all representatives are busy and is ignoring my complaints."
1/21/2024,Play Store,4,"very good platform to buy a quality product, but now a days myntra has also started selling cheap quality products"
1/21/2024,Play Store,1,"worst ever customer experience, delivery agents scams says attempted but won't even attempt and myntra does not even check if the attempt was true or not l, best to do is avoid myntra"
1/20/2024,Play Store,5,"low price, better quality."
1/20/2024,Play Store,5,"I've had a great shopping experience with Myntra! The app is easy to use, delivery is fast, and the products are genuine and of good quality. First-time users can get amazing discounts, and even after the first order, there are regular offers and discounts on many products. I also love that Myntra gives Myntra Cash through various offers and rewards, which helps save more on future purchases. Overall, it's one of the best shopping apps for fashion and lifestyle. Highly recommended!"
1/18/2024,Play Store,5,nice for best quality
1/16/2024,App Store,5,"I recently had the pleasure of exploring the Myntra shopping app, and I must say it has left me thoroughly impressed. Myntra has established itself as the go-to destination for fashion enthusiasts in India, and my experience with the app only reaffirms its reputation as the ultimate fashion hub.

The user interface is not only visually appealing but also incredibly user-friendly. Navigating through the extensive range of products is a breeze, thanks to the intuitive design. The app's well-organized categories and filters make it convenient to find exactly what you're looking for, whether it's the latest trends, top brands, or specific styles."
1/15/2024,Play Store,5,good quality product
1/13/2024,Play Store,5,Wonderful product and fit good.
1/12/2024,Play Store,5,I'm ordering frequently....every item was good quality
1/11/2024,Play Store,5,"fast delivery, easy returns, nice quality."
1/11/2024,Play Store,5,quality 10/10
1/11/2024,App Store,1,"Hi Friends

I ordered product from Myntra but it is not delivered by the agent and marked as delivered in app. After that I raised the complaint with customer support team and the agent went to my home he given me the product used condition and without product above cover. I asked him why there is no cover on it. He conveyed me like upper brown colour package cover is broken so I removed total cover like that. He requested me to accept it and he begged in front of me. So I said ok no problem & don’t repeat it again and asked him to return it. After that I got message from Myntra like product is used condition and serial number also missed on it, So we don’t accept they said. Here I didn’t opened and returned when I received condition trough same delivery boy. I conveyed what happened to Myntra customer support again but they didn’t taking action against the delivery agent and not received my product or refund also but they mentioned again delivered to me like that. This stupid experience I faced with Myntra. This people are looting our money. So I decide to not to purchase any products from Myntra. Now I lost 2k only but how many orders this guys are doing same thing. Please remember guys don’t buy the products from this app."
1/9/2024,Play Store,1,WORST. Do not buy from Myntra. My husband ordered product from Myntra. Received wrong Product. Despite submitting the product unboxing video. Myntra refused the return request.
1/9/2024,Play Store,5,very very very good app literally i don't find these huge discount in any app. thankyou myntra
1/8/2024,Play Store,5,good quality for cloth
1/8/2024,App Store,1,"“I am writing this as an Elite Member of Myntra after a highly stressful and disappointing experience. If something like this can happen to me, I would strongly advise others to think carefully before making a purchase.

This is not the first time I have faced such an issue. A similar incident happened to me two or three weeks ago, but I chose not to pursue it further at that time. However, this time I intend to take appropriate action.

I ordered an H&M denim shirt, but instead I received a completely different green-colored shirt. I immediately raised a complaint, contacted customer support multiple times, and followed up repeatedly. Despite all of this, my product has still not been picked up. It has now been around 20–25 days since I first reported the issue.

Every time I call customer support, I am given another five-day timeline, but nothing actually happens during that period. I have become extremely frustrated with the way this matter has been handled. As a result, I am now considering legal action. I have preserved all the relevant evidence and records related to this issue.

I would also request others to exercise caution and carefully evaluate their options before purchasing products from this platform."
1/8/2024,App Store,1,"This app is the worst app ever , I ordered a top cash on delivery , the delivery agent refused to come to my door step instead he insisted to give the parcel 15 mins away and asked me to walk down to the location when I refused to do so he cancelled my order , and when I tried to get in contact with customer care it was such a pain because they don’t have the facility to speak to customer care executive, instead I had to chat with them and all they kept saying was we understand for there delivery partners rudeness , apart from that when I reattemppted the delivery the same guy calls me again and says if you won’t come 15 mins away from house I will cancel your order he was rude and was acting like a criminal ,this app is not safe , I will never order any stuff from here if I could I would rate them -0 , also I ordered a size Xxs and I received an xs , but I don’t have the courage to exchange it because I’m scared of there delivery partner who acts like a criminal worst app"
1/6/2024,Play Store,1,"shipping is very late and recorded customer care calls for help, never seen any shipping delay in other apps.also got two dameged product with in 10 order's and deleted my review for saying truth with photos worst app for online shopping"
1/5/2024,Play Store,5,fast delivery
1/4/2024,Play Store,1,"very bad service was given from Myntra, i placed a order and my EDD was given to me on 12th of Aug but delivery partner wasn't delivered my order,so I raised a complaint and my ticket resolution date was given to me till 17th of Aug everyday i received a message that my order was out for delivery but i didn't receive my order on 18th today I received a message that order was out for delivery i wait for the delivery partner till 7.30 he told me that he will not deliver the order very bad service"
1/4/2024,Play Store,5,quality products
1/3/2024,Play Store,1,bhut hi ghatiya D gred e commerce platform iski delivery kbhi nhi hoti hai maine khud kayi bar try kiya hai iska costumer support bhi nhi hai I will never use this again in my hole life ................
1/2/2024,Play Store,5,excellent quality and best
1/1/2024,Play Store,1,"Very poor service. Ordered Levi’s thermal innerwear but received a completely different product. Exchange was cancelled twice, and even after return approval, the pickup was not done. The pickup partner refused doorstep pickup and asked me to travel 3 km to return the product. Multiple complaints to customer care, but still no proper resolution. Extremely disappointing experience with Myntra."
1/1/2024,Play Store,5,The quality and colour of the product is very nice....
12/31/2023,Play Store,1,"never order with myntra they never take returns or exchange, they always have some reason to reject your claim, so that they make money and loot from you by sharing some dubious products to you."
12/30/2023,Play Store,5,best quality of shirts
12/30/2023,Play Store,5,i love Myntra fast delivery and east to return and easy to exchange
12/29/2023,Play Store,1,"Etna Faltu app hai k, Online dikhta kuch hai or aata kuch alag hai, n Return kia toh tk pick nhi hua hai order 11 aug 2026, expected date di thi...... very bad"
12/29/2023,Play Store,5,multiple options and design for all occasions.
12/28/2023,Play Store,1,"The app shows Express Delivery, but the item is still getting delivered very late. I’ve had the same experience with multiple products, which is extremely disappointing. The express delivery promise doesn’t seem reliable at all. If you need an item urgently, I would not recommend trusting the express delivery option. Very bad experience."
12/28/2023,Play Store,5,discounted rate and very good service with the delivery partner and also easy to use app...
12/28/2023,Play Store,5,nice fast delivery daily play to spin redeem some amount. and we used to spent money for orders it's v very useful thanks myntra app
12/26/2023,Play Store,1,Myntra sales mostly near expiry personal care products if you want fresh products Myntra is not the right platform
12/25/2023,Play Store,5,"myntra is my Go-to app for almost everything since 9-10 years now...the quality , quantity and even the fit n the design is top notch! prices r always reasonable.. never had I ever faced any trouble or issues in returning or exchanging anything if there was a need. myntra is the best!"
12/25/2023,App Store,5,Great collection. Great & true tone pictures almost 95-96 true colours in pictures. Easy return policy. One problem- while exchange Only 1 item can purchased with 1 item returned with exchange type. If price of exchanged product is greated than the product i wish to buy then i'll have to pay which is fine but on contrary if exchanged item is of less price than the returned product Myntra keeps excess money Instead Myntra can let users use all the money when returned with exchange Myntra can keep that money in Myntra wallet & let customer use all money. Hope Myntra will improve this
12/21/2023,Play Store,1,"Such a pathetic service from Myntra. My order has not been delivered even after 14 days. No proper update, no accountability. If you can’t deliver on time, don’t take the order in the first place. I will never recommend Myntra to anyone. Waste of time and money."
12/18/2023,Play Store,5,"Myntra is one of the best shopping apps! The interface is clean, smooth, and easy to use. They have a great collection of clothes, shoes, and fashion products with plenty of options to choose from. Overall, a very good shopping experience. Highly recommended! ⭐⭐⭐⭐⭐"
12/17/2023,Play Store,5,"""I've been using Myntra for the last 9 years, and honestly, it's my go-to shopping app for almost everything. Whether I'm shopping for fashion, home essentials, makeup, or even something for my daughter, Myntra always has so many amazing options. What I love the most is how easy the app is to use. It's super simple to explore, find exactly what you're looking for, and discover new products. Plus, the deals and discounts are always amazing, so you can shop without spending a fortune."""
12/17/2023,Play Store,5,quality product and fast service
12/17/2023,Play Store,5,Most fashionable and fastest delivery app
12/16/2023,Play Store,5,"myntra means quality,quality means mytra"
12/16/2023,Play Store,5,good materials. timely delivery. all time favorite
12/15/2023,Play Store,5,"very good app,supportive customer care . first delivery"
12/14/2023,Play Store,5,trustable app delivery on time no worries
12/13/2023,Play Store,5,"fast delivery,no delivery charges and amazing product... I loved it and thankyou..."
12/11/2023,App Store,1,"I am recently facing lot of issues with Myntra. 
One was I had ordered Trolley bag and it was supposed to be delivered in 2 weeks, I patiently waited for the delivery but they pushed it by a week saying the shipment has reached but there is no delivery agent to deliver. I waited another week and there was no update on the app as well. I contacted support and I have spoken to at least 8 executives on 8 instances with every one giving a standard answer of trust me I will resolve this within 24 hours yet none of them resolved. Even the senior executive/manager told he will take care of it and no response whatsoever. This went on for a month and due to my travel plan I had to cancel my order.

The recent issue is I am facing lot of quality issues or product size miss match in the delivery. The experience with Myntra I was getting a year back is completely changed now. The delivery agent himself told I am getting 7 out of 10 orders as return and not sure if vendors are selling meesho products in Myntra as every customer he talks to complains on the same. 

If Myntra wants to sustain in this Industry, they must resolve these internal issues which might pull them down in the long run."
12/10/2023,Play Store,5,better app to compare any fashion apps
12/10/2023,Play Store,5,worth the price and top notch quality and its hub of different brands
12/9/2023,Play Store,4,good quality
12/8/2023,Play Store,1,very bad .. many times date extended..to deliver your order... your order received in after week... delivery policy and customer care service 0 out of 10 .... plz not download Myntra use other Apps ...
12/7/2023,App Store,5,"I’ve been using Myntra for quite some time now, and it has been a really convenient and enjoyable experience. The app has a clean and user-friendly interface, making it easy to browse through a wide range of fashion products.

The variety of brands and styles available is impressive, and the frequent discounts and deals make shopping even better. Delivery is usually on time, and the packaging is neat. Returns and refunds are also hassle-free, which builds a lot of trust.

Overall, Myntra is a reliable app for fashion shopping with great offers and a smooth user experience. Highly recommended!"
12/7/2023,App Store,1,"My order was marked as delivered. I don’t know delivered to whom. I contacted support, they raised a complaint. And that was that. Every time when I follow up on the status of my complaint resolution, they tell me that my complaint is being investigated “on priority”. “We apologise”, “we request you to wait for 24-48 hrs”, etc. Their scripted responses are now in my memory. Those 24-48 hrs never end. They don’t give concrete timelines. Neither do they give concrete answers as to what will be the resolution. I never witnessed such pathetic service from any other online retailers in India. There is no escalation matrix. Everyone from bottom to top pastes or reads aloud from a script. Shamelessness at its peak. If I had a lot of time and money, I’d have sued them. They have wasted so much of my time and the money which now I am forced to forget for an undelivered product. Now I swear to give Myntra my reviews on every platform. 24-48 hrs will never end for Myntra."
12/6/2023,Play Store,1,worst app of the world because they are deactivated my account of myntra from 13 Aug without giving any kind of reason I write my review previously but they don't give any customer support personally
12/6/2023,Play Store,2,it's return and exchange problem is too irritating
12/6/2023,Play Store,5,this was my first experience with myntra and it is really very good myntra delivery the product on the same time they show . it's really brilliant experience with myntra 😍🤌🏼
12/5/2023,App Store,1,These people are duping customers under the name of delivery fee which is 79 Rs. and platform fee of 20 Rs. and the reason they mention is that it is being levied as the returns are more than usual or average order value is less. I have placed 2 orders till date and not returned any product and both the order value is more than 1000 Rs. Still they have levied these fraudulent charges without any reason. I contacted customer care and a person named Shivangi blatantly told that the charges would be levied as per policy and that she cant help. I placed order through my cousin's account who hardly uses it and there no delivery charges were applicable despite low order value and returns as well. What a pathetic user policy and big time fraudsters. I would suggest everyone to stop buying from these cheats and save your hard earned money which they loot from you under the pretext of different charges. Really pathetic app and its fraudulent policies
12/3/2023,Play Store,5,I generally buy dresses and footwears from this app.Each time I have got the best quality.
12/2/2023,Play Store,5,wow variety and quality
12/2/2023,App Store,5,"I had placed an order through Myntra Minutes for two items, but only one was delivered. I was told another delivery partner was assigned, but no one ever showed up. I called customer support multiple times, but they kept saying they need 30 minutes to raise a complaint, which wasted nearly two hours until the store closed. I even explained that I have a flight tomorrow and needed the order urgently, but no proper action was taken. No one reached back to me, and the app still shows the order will be delivered within the promised time, which is clearly not true. Extremely disappointing experience and poor customer support."
12/1/2023,Play Store,1,It's been more than 20 days for an order...first it was the wrong size delivered then the wrong article delivered & now when I have raised the return & refund request...it's pending in processing ? Called up multiple times the customer care via app but no use.
12/1/2023,Play Store,1,"Very disappointing service. I placed an order on 1 August with M-Express delivery promised by 3 August, but it still hasn’t arrived. The Help Center keeps changing the resolution date—from 6 August to another 48 hours. I already paid for the order, and this delay with no proper update is extremely frustrating. Don’t promise express delivery if you can’t deliver on time."
12/1/2023,App Store,5,"Absolutely loved this laptop bag! 😊 From the moment I opened the package, I was impressed by the quality and stylish design. It feels sturdy and well-made, giving me confidence that my laptop is well protected. The padding is excellent, and the compartments are thoughtfully designed—plenty of space for my charger, notebook, and other essentials.

What I appreciate most is how comfortable it is to carry, even when it’s fully packed. The straps are soft yet supportive, making it perfect for daily use. Overall, this bag is a perfect blend of functionality and style. I’m extremely happy with my purchase and would definitely recommend it to anyone looking for a reliable and classy laptop bag! 🌟"
11/30/2023,Play Store,5,good quality product and also good coustomer service
11/30/2023,App Store,1,"If I were to provide a review for the app interface, product, and pricing, I would give it a 5/5 rating. However, I believe it's not solely about the products offered; it also involves the customer support provided. This rating specifically pertains to the customer service aspect.

I rarely find myself reaching out to them because I hesitate to contact them, knowing from past experience that they are not helpful. Unfortunately, today's experience confirmed this perception. Both the customer service agent and the supervisor were equally incapable, sending repetitive robotic messages. They initially messed up my return, and when I contacted customer care, they made it whole lot of another mess. After wasting 40 mins, they informed me to get back to them at a later point in time. At the end it was waste of my time."
11/29/2023,Play Store,5,if u want exceptional quality mantry is the first choice
11/28/2023,Play Store,5,this app is trustable my shopping is very easy with this app easy return fast delivery
11/27/2023,Play Store,5,gives good discount
11/25/2023,Play Store,5,"Awesome expereince, I like it's COD system, it's available for every product better than amazone"
11/24/2023,Play Store,1,"Very disappointing experience with Myntra Express Delivery. The product showed delivery by today, and I ordered and paid specifically because of that promise. I waited all day and tried repeatedly to contact the delivery partner. Instead, I received a false message claiming that I had requested to change the delivery time, which I never did. Delays can happen, but falsely blaming the customer is unacceptable. This has seriously damaged my trust in Myntra. mail sent with order details."
11/24/2023,Play Store,1,"worst app, customer order one style but they send different styles , if customer raise request they are not accepting. cheating the customers. very worst internal iteam and also customer support"
11/23/2023,Play Store,4,the customer care service of this app simply doesn't exist. if any issues appear regarding return or delivery there's no help provided. you are on your own.
11/23/2023,Play Store,5,"very nice app for ordering clothes, quality is also very nice"
11/23/2023,App Store,1,Have been using Myntra since long but now have to say will have stop using it because the service quality has become poor. Firstly they deliver wrong product then when we request return it’s gets failed again and again. Since 2 weeks have been raising the complaint Each time new ticket is issued but no resolution yet. It’s a waste of money and most importantly time . We cannot daily open app and time in that help centre option. No option to call executive. They have lowered their standard of service and customer satisfaction. They delivery chain is also poor. Even the information mentioned in ticket raised by me on my app is of some other customer. The app quality is also poor. And no one is there to help even on bringing to their notice as always a new ticket is raised. Still I have got no resolution on my issue.
11/22/2023,Play Store,5,feel free fabric 👍 fitting is good
11/22/2023,Play Store,5,Beautiful colour and aesthetic embroidery the kurta looks beautiful in Bell sleeves. I love the product I have ordered many more. G reat experience with lime road and Myntra
11/21/2023,Play Store,1,costomer service is very bad Koi reply he nhi krte na he kuch help krte hai meri video kitne mahine se under review hai na he usko remove kar rhe hai na hi delete jo pos approve hai uski peyment nhi aa rhi very bad or us ki team ko complain kra to koi response nhi deti 😤😡 very bad
11/19/2023,Play Store,5,Best quality products sold on Myntra.
11/18/2023,Play Store,1,myntra is a scam app. You guys are fruad.. You didn't provide me the refund I am complaining on consumer forum after this. I had an order by 9 th august. I have return the product with in 20 min of delivery today is 17 th august not got the refund And over all your customer support are useless they does not response over call or sms Or gmail anywhere. 2 times I got connected they're just asking wait and then they got disappear . this is about scam u guys are scammer
11/18/2023,Play Store,5,fast delivery ever...
11/17/2023,Play Store,5,good quality product .
11/17/2023,Play Store,5,Quality Clothes
11/16/2023,Play Store,1,"poor delivery service, infact Minus rating"
11/15/2023,Play Store,1,I ordered blue color n get red
11/15/2023,App Store,5,"I had purchased a Maserati watch from Myntra. When the watch was delivered, the leather box was worn out from inside and outside and the watch had also lost its sheen. On checking the date of import on the box, it was June 2017 ie 3 years back. I complained to Myntra but they have refused to replace or refund the watch. They have stopped acknowledging my calls and are not responding to the mails. On phone I can hear them clearly but the executive keeps on saying “can you hear me”. Please don’t buy non-returnable stuff from Myntra as they send defective stuff and then you have no option but to keep it. Micky"
11/14/2023,Play Store,1,totally fraud application please dont trust them ever if u did not like the product and going to return they are cutting money
11/14/2023,Play Store,5,quality products and good pricing not too high not much good and quality products
11/14/2023,App Store,5,"Myntra is one of the best online shopping platforms for fashion and lifestyle products. The app offers a huge variety of trendy clothes, footwear, accessories, and beauty products from top brands at affordable prices. The quality of products is excellent, and the delivery service is usually fast and reliable.

What I like most about Myntra is its user-friendly interface, easy return policy, and exciting discounts during sales. The product descriptions and size guides are very helpful, making shopping simple and convenient. Customer support is also responsive and professional.

Overall, Myntra provides a smooth and enjoyable shopping experience. I highly recommend it to anyone looking for stylish and budget-friendly fashion online."
11/12/2023,Play Store,1,"The worst application; the delivery process is very bad, with delays of weeks. 15 days for delivery of a shirt completely disappointed"
11/11/2023,Play Store,5,good quality
11/11/2023,Play Store,4,good quality product
11/11/2023,Play Store,5,best app for branded clothes and we get clothes in a reasonable price and also in very fast delivery 🫶😄
11/10/2023,Play Store,1,"When it comes to returns, they can bring the client to their knees. There is absolutely no adherence to timelines. The helpdesk is insensitive, unresponsive, and completely fails to understand the client's concerns. The people handling the helpdesk seem more interested in paying lip service than actually resolving issues."
11/9/2023,Play Store,1,worst delivery experience everytime they delay and then cancel the order
11/9/2023,Play Store,5,"I love it. The application navigation experience is smooth, and quite often, there are discounts live on the platform."
11/8/2023,App Store,1,"I have been been shopping from Myntra from past few years and it seemed great but last time I shopped so many products and all were prepaid but somehow one of the items weren’t delivered to me but marked as delivered by the delivery guy. I reached out to the Myntra customer support but all they do with s keep asking for more and more time. I even spoke to the senior manager but she was didn’t help. Also the seller keeps sending me the incorrect size so many times. When I wrote the honest reviews on the app, they never approved it. So yeah I had to finally write an email to the Myntra support to deactivate my account as apparently you can’t deactivate my on your own. In reply they also asked that they gonna look into the matter in 12-48 hrs but it’s been more than a week now. It’s like talking to a wall. Never shopping on Myntra for sure. Just deactivate my account."
11/7/2023,Play Store,5,good quality clothes y'all should go for it
11/7/2023,App Store,1,"I have been a very regular customer of Myntra more the 10yrs but I now I don’t trust them they are cheating customers by sending defective, missing and used products and when you try to put the complaint or request it goes to their deaf ears they will not listen and will not provide any solution Infact they will repeat that again and again same that they cannot help you!
I purchased one set of kurta pyjama for my son it was delivered to me on 4th Oct 2023 which came missing part unfortunately I opened the parcel after 3 days and since there is no provision to return for missing item I had to escalate the matter to the customer service Mr Mohin the manager as he said he is but I doubt has no solution to it neither he was finding any way to help. Anyways I asked them to share the camera footage when the product was getting packed which he denied and denied any help.
So what should I do! Such a bad experience I think I will delete this app"
11/6/2023,App Store,2,"I recently purchased a pair of shoes and i am deeply disappointed with the entire experience the shoes I received turned out to be extremely poor quality and they broken within a very short period of use 
I immediately contacted customer service to report the issue and request a refund unfortunately my frustration only grew from that point onwards despite multiple complaints the customer service team consistently assured me that they would resolve the issue within 24 to 48 hours however not only did my problem remain unresolved but there was a several lack of communication and updates from their and this left me state of frustration and disappointment as i had expected a more efficient and customer oriented response 
I hope myntra will take this review seriously and work on improving it’s customer service and quality control"
11/5/2023,Play Store,5,myntra app is very good app great discount and Myntra balance this app is very nice
11/4/2023,Play Store,5,"Great experience with myntra till now. No quality compromise,"
11/4/2023,App Store,1,"Myntra has pathetic customer care service these days, for 3 days I am waiting for my product to get exchanged, first they sent big size then saying some server issue and because of which I am not able to exchange with small size. Now after 3 days there team is saying product is out of stock and I can’t exchange but we can return it. So for returning first thing they will deducting money whatever they charged me as convenience fees, and now return complaint is raised by their team and after 3 days they will let me know. And this is too inform that the product is under 14 days exchange and return and since very first hour of product delivery I am trying to raise exchange request. And it’s more than 3 days and still I have to wait for 3 more days then they will let me know the return request status… I don’t remember from when Myntra makes return and exchange product too complicated for user."
11/3/2023,Play Store,5,it's good as compared to amazon and flipkart
11/3/2023,Play Store,4,clothes quality 👌 good but bottom length short
11/3/2023,Play Store,5,very good and give nice quality of cloths
11/2/2023,Play Store,5,good quality clothes
11/1/2023,Play Store,5,shoping kore valo laglo but product na asle bolte parchi na product quality kemon hobe na dekhe bola jabe na
11/1/2023,App Store,2,In initial days I really had good experience so I’m giving 2 stars but now Myntra is not a good app for shopping. In the name of convenience fee they make money. I had ordered my product with 30 size but the product was little bigger when I wanted to change the size was not available and there was chance of changing style but when I went to exchange it started showing error and when I called customer care they told me to return and reorder. Here I lost 20rupees.  I reordered the product and they gave me wrong product for the next time. I had uploaded my review based on my experience regarding the product with evidence of photo but they rejected negative review on the product and my experience. Now not as good as before. I lost almost 100 + rs in 2orders.
10/30/2023,Play Store,1,"The worst experience I have ever had. i ordered a trackpants on 26-july ,mistakenly i ordered wrong size so i cancelled immediately like within 2 minutes and they said refund amount is credited with 24 hours like 27th july, and today 15-Aug still my amount didn't received, i didn't get valid customer support.i don't know what to say did i scammed or what? don't order this app"
10/29/2023,Play Store,1,Delivery is post poned without prior intimation
10/29/2023,Play Store,5,"product quality is good, I like Fabric and Design. Thanks"
10/27/2023,Play Store,5,Amazing product from Myntra. High quality products and genuine reviews
10/27/2023,App Store,5,"This application is very bad, they withdraw money from the account in the name of the order. They said that the product was out of stock but after the transaction, no delivery boy came and no one handed over the Buying Product and the Order was Automatically deleted itself we Called Customer care But no one received a call for the complaint the customer, and After the failed the they called the customers for the One activation OTP but that OTP is not for the product delivery, it was OTP which is link with the Bank account and They will withdraw money illegally as a fraud from customer's accounts So becareful and Aware...This is the scam 🙏"
10/26/2023,App Store,1,"I have order red tape white shoes on 8th October which got delivered to mi on 15th October. Delivered product was black color shoes which wasn’t in the category I have ordered so I requested for return but not got any response on return so, I requested for exchange but since the product price has been increased so now they said we can’t accept exchange. After calling so many times they have registered complaint for logistics when I connected with their supervisor. So, now everyone has to connect with their supervisor for complaint??? And even they aren’t asking for your suggestions so next customer shouldn’t face this issue. Ridiculous and third class customer service they do not have inter communication between them as well. Delivery and pickup service takes so much time that you can come back from world tour and still you have to wait for your order."
10/24/2023,Play Store,5,"Bestttt in Service, Quality, Shopping"
10/24/2023,Play Store,1,don't buy from the myntra i have been using myntra for the last 5 years this time I placed a prepaid order& instead of a 2 kurta set I received a used jogger when I'm trying to exchange it i couldn't either I'm getting refunded it really sucks
10/24/2023,Play Store,5,to get good quality and original products
10/24/2023,Play Store,5,Nice and great delivery
10/22/2023,Play Store,5,authentic product and easy return and exchange policy
10/20/2023,Play Store,5,"Myntra is one of the best apps for online clothes shopping. It has a huge collection of clothes, shoes, accessories, and fashion brands for men, women, and kids. The app is easy to use, prices and offers are attractive, and delivery is generally convenient. Overall, Myntra is a great choice for anyone looking for stylish and affordable fashion online."
10/20/2023,Play Store,1,"I always wondered why they offer such low prices compared to other platforms. I suspect Myntra doesn't sell original products, and they also sell used products as new ones. one more you people think you got a product of 500rs at 400rs but while the end of the purchase they going to charge exact amount 509rs or more. After purchasing the product if you want to replace it do to any circumstances you do a war for it myntra don't have proper customer care services.worst delivery services"
10/20/2023,Play Store,5,"Here is a detailed 500-word review you can post on the Play Store: Myntra App Review: The Ultimate Destination for Fashion & Lifestyle! ⭐⭐⭐⭐⭐ If you love staying updated with the latest fashion trends and high-quality apparel, Myntra is a must-have app on your smartphone. I have been using it for a while now, and my overall shopping experience has been exceptional. Here is why I think this app stands out: 1. Seamless User Interface & Smart Search The app is extremely smooth, clean, and intuitive"
10/20/2023,App Store,1,"Myntra has started a different strategy to reduce their returns and their cheap strategy is to falsely tell customers that the product is used. I ordered a Tommy watch worth 5k when it arrived I didn’t like it and it looked fake, hence I immediately made a return. The same day pick up guy arrives and when he opens up the box he says the watch looks used nd said it also has scratch on dial wherein there was no scratch at all. I was shocked by his comments nd lost my temper. I asked that guy plz tell me how can the watch look used within the 4 hrs of delivery that too on the same day when I made the return. Also, he got the different type of eyes that I can’t see any scratch but he can see. It was his trick to reject the return. When he realised I will not buy his non sense he accepted the return nd left. It was my last purchase from Myntra n I will never buy again."
10/18/2023,App Store,4,"I guess you should do quality check with the seller rather than at customer’s end. Most of the time they sell wrong product with more than 2-3 issues and you dont have all of the options to mention while returning process.  It has become so hectic to return and such a irritating process . Every time I need to call customer care to return the item. Many times the quality, colour, design and fabric does not match and we are unable to list all the issue in app. This leads to failure of quality chech and the returning keeps getting delayed. Why are there fraud sellers associated with you,???? Its not like they are handling by themselves, they must have few number of employees while packing, do they not see what the customer has order ??? Do they not check what are they packing??"
10/17/2023,Play Store,5,India's Quality E Commerce app
10/17/2023,Play Store,1,Myntra used to offer high quality products but now it just feels cheap. I ordered a dress but I had an issue with size so I asked for exchange and they gave a completely different product in exchange. And after that they closed their return as well as exchange window for the product. And they don't even have a customer support option whenever I try to connect with them they just offer an automated call and end the query.
10/17/2023,Play Store,1,"This application is a complete scam; nothing but fraud happens here. Their delivery partners and customer care department are all completely fraudulent; they are colluding to scam customers. I ordered a pair of jeans worth ₹3,000; the delivery partner never delivered them but marked the order as 'delivered.' When I raised a complaint, the customer care department closed it automatically without even checking if I had actually received the product. Afterward, they kept calling me, asking if I had"
10/16/2023,App Store,1,"I kindly request others not to order from here. I had been using this platform for the past 8 years without any issues. However, one day I accidentally entered an incorrect digit in my phone number for delivery. I immediately contacted customer care and asked them to correct it, but I was advised to cancel the order instead.
Although I cancelled the order as instructed, the delivery partner, who personally knew me, still handed over the package to me. Despite following their guidance, my account was later deactivated. I made several attempts to contact the support team, but I only received automated email responses. Calling customer care was equally frustrating, as the IVR system repeatedly directed me to request a callback through the app, with no option to speak directly to a representative.
It has now been many days since my last order on the 12th, and I have received no proper resolution or assistance. I am extremely disappointed with the service and overall experience."
10/15/2023,Play Store,5,very nice and colour also expected the same as shawn in the picture
10/15/2023,App Store,1,"I ordered a product for my husband who is in different state and want to give him suprise so I have prepaid the amount for the product but unfortuanately my husband was not able to recieve the call while delivery boy called him as he was busy in meeting . When i checked at evening it showed delivered but the he didnt picked up the call nor he shared the OTP I registered the complain and from 8 oct every time i am getting the same and stupid answer that delivery boy has delivered the product 
. My talked many times with customer care team and even the senior named as Mr
Shoiab escalting supervisor but I have not recieved the refund nor the product 
My money is vained dont prepaid the product . Company is fooling innocent people like us genienly dont what to do , I am just regreting why I ordered the product my all suprise and emotions his hurted 🥲"
10/12/2023,Play Store,5,"''Nice fit and great material! The color is exactly like the picture on the app. True to size. Highly recommend!"""
10/12/2023,App Store,5,"I’ve been using this app for a while and the experience has been really smooth. The interface is very user-friendly and it’s easy to find products from different brands. I especially like the wide variety of styles, quick delivery, and easy return/exchange process. The product images and size guides are accurate, which makes online shopping much more reliable.

Customer service has also been helpful whenever I had questions about orders. Overall, it’s one of the most convenient fashion shopping apps I’ve used and I would definitely recommend it to anyone who enjoys hassle-free online shopping. Great work by the team! ⭐⭐⭐⭐⭐"
10/11/2023,Play Store,1,i order shoes i want size exchange but the delivery boy told me that tagging number was changed you should report in app but app not listening and i several time he canceled my order for the late reason please ensure this problem
10/11/2023,Play Store,1,I had a blind belief that Myntra only sells Genuine products after being cheated from your sister Flipkart and Brother Amazon. All they are selling Branded 1st copy clothes in the name of sale.
10/11/2023,Play Store,5,best quality and super fabric
10/11/2023,Play Store,1,"Do not buy anything from this app. If a product has a low rating and you still purchase it, be very careful. I ordered an Alexa worth ₹6,000, but it arrived damaged/broken. I immediately raised a complaint and submitted a return request, but neither did they pick up the product nor did I receive a refund. It has been extremely frustrating. Literally, my ₹6,000 has gone to waste. I would strongly suggest avoiding purchases from this app."
10/10/2023,Play Store,5,"Myntra is a very convenient and user-friendly shopping app. The collection is great, the app is easy to use, and the overall shopping experience is smooth. I’m happy with the service and would definitely recommend Myntra to others. 😊"
10/10/2023,Play Store,5,"MYNTRA is always my favourite shopping app.I am shopping since 5-6 years from myntra !!! I purchased many things from myntra clothes , jwellery, bedsheets, and other products and my all products which I received till today are amazing, beautiful and pretty with high quality material. Except shopping,myntra also give opportunities to gain myntra credit by posting videos and images only the app myntra gives such a big opportunity to gain myntra credit!!Thanku myntra for giving products!! THANKU!!!"
10/9/2023,App Store,1,"2 of my orders had to be delivered with COD, I paid the amount to the delivery agent, but received only 1 of the ordered items. 
I highlighted the same with customer care, stating the entire issue and that 1 order is missing but is marked delivered. They raised a complain and made me wait for 4 days just to say they need 48 hours more to investigate. Then after 3 more days, they closed my complaint without any resolution or update. When I called the customer care again, questioning about my order, they falsely claimed that I confirmed my order got delivered. Its already been a week, and now they say they’ll re-raise the complaint and have asked me to wait for another 4 days. 
I mean eventually I’ll give up trying to get refund and these people would just go about without any accountability of the issue.
Never ordering from here again, and will ensure none of my acquaintances do so either."
10/9/2023,Reddit,1,"I had ordered a top that did not fit me well so I opt for exchange it with another top in larger size but it never got exchanged neither I received any call from logistics end, and when I raised my concern to myntra’s customer support team they irritated me by saying as per the logistics it is delivered. I sent them live pictures of the old top with mrp, mentioned size, bill, even outer coverage of the parcel as a proof that it is never been exchanged yet and marked as delivered, I still have my old top that I want to exchange but they give me useless resolution and told me to wait till promise date and again they sent a message that as per logistics the product is delivered and ignored all the proof and closed the ticket my acknowledgement. They are clearly telling that their customers are liars and logistics do not have any proof of what they are claiming but still they are correct. I mean I did not asked for money, I just wanted to exchange smaller size top with larger one as it did not fit me correctly but I got worst answers from the team and they completely ignored my query. I called several times and they irritated me every time by saying repeated sentences as they are not in mood of providing any resolution, they kept saying again we will re investigate wait till promise date and still I have not got any reply from their end. They treated like if I was asking to pay them money, bro I just wanted to exchange this old top that I have with me with mrp, tags, bills and everything, completely unused with another size but they behaved like they are doing favour by listening to my query. Even the executive who calls them as supervisor was saying repeated things like robot, even an AI robot is capable of giving genuine answers not repeated ones like recorder is playing multiple times. Pathetic service and did not expect this from myntra.👎"
10/9/2023,App Store,5,"I’ve been using myntra since my school time and being a elite member it’s been a journey of ups and downs. Recently I purchased a product of 2699 and their Field executive has marked that shipment as delivered without actually delivering it, this incident happened on 3 oct since then a query has been raised from my end and every time call them they always give me 48 hours. It’s been 7 day no update no refund. The quality has degraded very badly. I really was not expecting this from myntra. If someone is seeing these reviews please have some guts to provide proper resolution. Well I’ll raise this concern to every possible social media platform."
10/8/2023,Play Store,1,"The delivery took far too long, and when I finally received the package, I was extremely disappointed. The product I received was different from what I ordered and the quality was very poor. This was a completely unsatisfactory experience. Very disappointed with Myntra’s service"
10/8/2023,Play Store,1,"There is a lack of clear information regarding the delivery. ""The customer service representative(lady) responded rudely and unprofessionally without verifying the delivery status"". We are concerned about the decline in Myntra's service quality and the performance of its employees. This forced me to cancel the product."
10/8/2023,App Store,1,I’ve been a loyal customer to Myntra since ages I’ve had good experiences so far but coming to my recent purchase and its experience was extremely disappointing and frustrating. I’ve ordered sandals and due to sizing issue I returned it back but they said quality check has failed and product will be reshipped to u. But I’ve never used that sandals and tags were also intact. Myntra the mindless people didn’t understand that. Even re shipping also didn’t happen but they’re claiming that it’s done. God and that delivery guy knows who has taken it. I’ve raised multiple complaints and customer service also didn’t give me proper response at all. This is how they treat a customer. Too bad. I’ll never recommend Myntra to anyone from now and I’m gonna uninstall it. I lost my money and peace of mind coz of these management. Other e-commerce apps are so far better than this.
10/6/2023,Play Store,1,"The reason is that the delivery guy refused to speak in Hindi during the first call. On the second call, he gave me the nonsense excuse that Ekart does not deliver to my area, even though every other delivery service is allowed here. He even told me, “If Rapido comes here, then order it from Rapido.” Because of this response, I am cancelling my next order as well. Thanks to Myntra for providing such an “excellent” delivery service. also thanks ekart."
10/4/2023,Play Store,3,"products are good, but Myntracash is a type of fraud if you order anything whose more than half payments is done by Myntracash, then they don't deliver the product and cancel it by their side on late night of date of delivery, for exchange and return they take much more time. flipkart and amzon are better than this. most of the review of product are fake as myntra gives cash for review most of the people's write fake exaggerated review."
10/3/2023,Play Store,2,delivery is always getting delayed
10/3/2023,Play Store,4,product quality of myntra is always superb...
10/1/2023,Play Store,5,"Absolutely loving my Myntra experience! ❤️ I recently downloaded the app and I'm really impressed with the variety, easy shopping experience, and especially the fast and smooth delivery. The products arrived in great condition and the overall service has been amazing. Definitely enjoying shopping on Myntra! ✨"
10/1/2023,App Store,1,"How low you people have gone and no doubt why Myntra is loosing their customers too, you guys lost one more customer. I guess since 7-8 years or may be more I hv been ordering from Myntra. Seen it all but today when I returned a product you guys have charged me convenience fee and COD charges and as I don’t return generally so I hv no idea when was this policy implemented on Myntra. Like for a product which I am not keeping I have to pay it’s miscellaneous charges. Such a fraud you guys have become. Lost all trust and the day finally I have uninstalled Myntra. Please don’t fool customers just for the sake of making money. There is a high competition in the market and Myntra is diverting their customers to other platform’s by smashing their own feet. Well good luck to your business. Never going shop from chhor Myntra. Return karne ke bhi inko paise do .. how shameful and disgusting"
9/30/2023,Play Store,5,I have ordered a trouser whose qualityis very good
9/29/2023,Play Store,5,the best quality cloth really found here only
9/28/2023,App Store,1,"So I had ordered couple of products from Myntra and in which I received 2 of the products. The delivery partner before delivering the product he makes sure he call the person to inform that the product is arrived and that one products was showing delivery date as 3rd of October and after couple of days the product shows as delivered. So I called up customer support to raise an issue but they abruptly ended my call without giving a proper solution. I tried calling for the third time and the customer support raised the complaint and now finally the raised complaint is marked as resolved without addressing to my issue. So it’s been 10 days and I’ve not yet received my product nor a proper response to my issues. 
Moral of the story : myntra doesn’t take responsibility of the product that they have lost. Can’t track their own orders and can’t address to the issue with the solution. 

I WOULD PERSONALLY NEVER RECOMMEND THIS APP OUT OF MY EXPERIENCE. Don’t get into this trap either use any other better shopping partner than myntra."
9/27/2023,Play Store,1,"I wish there was an option for zero review, would have given that only. I was delivered a wrong product and when i tried returning, myntra refused to process the same. I even wrote an email to them attaching the video of me opening the product that was delivered to me, still nothing from their end, their customer support is useless. Such a waste of time and money this was."
9/27/2023,Play Store,1,"Very Disappointing Experience with Myntra Myntra has seriously degraded in terms of customer service and return policies. Every time I try to return certain products, I am asked to provide the brand tag, even when the product was delivered WITHOUT any brand tag in the first place. This has happened to me more than once."
9/26/2023,Play Store,2,I can't use myntra cash and received very poor quality of kurtas.
9/25/2023,Play Store,1,"Myntra’s delivery service is extremely poor. My order was not delivered on time, and the overall experience was very disappointing. The delivery process needs serious improvement. I expected much better service from Myntra."
9/24/2023,Play Store,4,good quality of products and i enjoy every product which are purchased in this app so i loved a lot
9/24/2023,Play Store,1,"I have completely stopped ordering from Mantra because of my repeated bad experiences with their delivery service. This has happened to me 5–6 times. I pay for my orders online, but the delivery partner takes the order, marks it as delivered or keeps it somewhere, and I never actually receive my package. In some cases, it feels like my prepaid money and order are simply taken without the product ever reaching me. What is even more disappointing is that despite reporting these issues multiple ti"
9/24/2023,App Store,1,I have been trying for so many days to return my order which i have received on 17sept And on same day I requested return bcoz of sixe and quantity issue . Tried to reach customer care for return its showing that my issues regarding return pickup will be aolved by 23sept nd now its 24sept what will do they have 14days return policy they are not responding to chat or customers care or emails what will i do with this issue when will you take the action after expiring the return policy days. Nd the big deal is I haven't receive any call regarding pickup and i the app. Its showing that i was unable or I refused to return which is a lie. That how you harass customer regarding therr issue by not responding or not taking any action . I want my refund please take the return. Or reschedule it before 26sept. This is too long time for any return.
9/23/2023,Play Store,5,Good price Good quality
9/23/2023,Play Store,5,nice quality 💯
9/21/2023,Play Store,1,"Very Disappointing Experience with Myntra! My Red Tape shoes were expected on 9th August. Yesterday, the delivery was rescheduled 3 times, yet it was not delivered. Today, without even contacting me, the delivery was simply marked as “Delivery Failed.” No call, no proper explanation, and no genuine delivery attempt. This is extremely unprofessional and unacceptable. Myntra seriously needs to improve its delivery service and accountability. Very disappointed!"
9/20/2023,Play Store,1,"Very disappointing experience with Myntra. My shoe was supposed to be delivered on 9th August, but it was not delivered even by 11th August. When I contacted customer support, I was told that the issue would be resolved and the order would be delivered by 13th August. But even now, there is no proper update and I still haven’t received my order. If you cannot deliver within the promised date, please don’t give customers false delivery commitments. Very poor delivery service and a frustrating"
9/20/2023,Play Store,5,very good quality
9/20/2023,App Store,2,I m an Insider member from last year … have been buying from Myntra from long time now but never faced any problem but nowadays have always facing delayed deliveries.. almost every order … there’s delay of 1-2 days and no support from the customer care … finding it not helpful to call the Myntra customer support as they don’t have any solution ..if you call to tell them that it’s Fake delivery attempt then you will get an apology and one standard line “ I am sorry we have noted your issue and will get back to you in 3-4 days “ and if you tell them why can’t they check with delivery partner so there answer is “we are not authorised to directly call the delivery partner” … I had faced continuous delayed delivery issue in my last 4-5 orders in last 10 days and every time I called the customer support but nothing changes …
9/19/2023,Play Store,5,excellent....very user friendly....simple and informative....great delivery and return experience...app is the best....thanks
9/19/2023,Play Store,5,"fast delivery, very good quality"
9/19/2023,Play Store,5,highly Recommended
9/19/2023,Play Store,1,"The worst app ever anyone could use.They jst have been delivering different products then they are not accepting return. I have been loyal customer to myntra since 5 years, I am writing this because I am so devastated by their service, I have shopped many products but always they have been disappointing me, I lost money still got worst products. So I kindly request everyone to find alternative of myntra. I think myntra deserve - 10 stars -----⭐⭐⭐⭐⭐ Thankyou."
9/18/2023,Play Store,1,Very poor delivery service. My order has been delayed for one month and is still not delivered. No proper update or resolution from customer support. Very disappointing experience!
9/18/2023,Play Store,1,worst app I have ordered t-shirt from Myntra I have received order and the size of t-shirt was small then I requested to exchange size and they didn't delivered any exchange but in app they showing that your ordered was delivered and now when I contract customer support their is no response from them regarding these now my money got wasted bacause the size is to small to wear and their is no exchange
9/18/2023,App Store,1,I am a very old customer of Myntra….. I think since beginning but I have never faced such issues which I am facing from last one and half year. Like…. - Poor product quality - Torn and used products - Missing items - Duplicate products with high Brand tags - Empty parcels I am chasing Myntra since 3 weeks for taking action on the recent deliveries where I got a empty parcel with some white color pills I/o sweat shirt which I ordered but there is no action from there side. Besides this I put another product for exchange which neither they delivered on time nor they r agree ro return. They are not supportive towards customer and not even willing to maintain their previous standard. I would not recommend to anyone to waste their hard earned money on this cheap website.
9/17/2023,Play Store,1,was using myntra since 2020 but they have very poor customer care support and exchange policy even after delivering wrong product. very bad service
9/17/2023,App Store,1,"I ordered a sandal but it was big size for me then i place exchange for the same. On the 14th September ekart executive came and oucked the product in evening near around 7:15 pm but didnt hand over a exchanged piece to me when i asked him about where os exchanged product he said it will deliver soon by another delivery executive and he left with the product. It was bit weird for me because i got a message just after he left that exchange product delivered but no product recieved and when i called the Myntra customer care they just asked me to wait again and again first they asked me to wait till 18 September 2023, and assured me that it will resolved by 18 September maximum but when i call again after wait 4 days they just asked me to wait till 20 September again. No solution received yet from mantra side they are just mentally harassing their customers. I willnot recommend   anyone to this app . You are just doing fraud and torture. Very bad experience this time. I will not use this app again for shopping. I will also complaint them on cyber crime unit and consumer court."
9/16/2023,Play Store,1,returning item is hell no customer service 😡
9/16/2023,Reddit,1,"I’ve been using Myntra for almost a decade now. I was so obsessed with them that I never bought anything from offline stores or even other shopping apps. Myntra was my one-stop solution for shopping until recently, when I had a really bad experience that destroyed my years of trust for them. I’m an ‘Elite Insider’ and they claim to give all those perks and privileges to Insiders, but turns out they are nothing more than ’just claims’. 
I bought a two-piece set and blazer but the cloth quality turned out to be so pathetic I had to return it. The delivery associate took my product but bought it back a day later saying that the seal tag was missing. I had no idea what this seal tag was, because I returned the product in the same condition that I received it- unused, with all the brand tags. There was no seal tag whatsoever. When I lodged a compaint the customer support executive was giving me so much assurance that my issue would be resolved, but guess what? It has been almost 15 days, I’ve lodged complaints with them more than 5-6 times, sometimes on call, sometimes on chat, but it always ends up with “your return request has been rejected because there was no seal tag”. Like seriously, I never expected Myntra to collab with such pathetic brands who use these unethical practices to increase their sales. First sending a cheap quality product and then not letting the customer return it by blaming them for removing a seal tag which was never there in the first place.
Yes Myntra, you better cooperate with these pathetic brands and not your loyal customer of 10 years. I don’t understand what they will achieve by deceiving me of 4000 rs. I never knew they could steep so low. Utterly disappointed!!!"
9/15/2023,Play Store,1,"mynta is also a frauded shopping app. It's give you trauma regarding their delivery, exchange and pickup service. you will definitely cry at the time of exchange aur return any product. it has very pathetic service."
9/14/2023,App Store,5,Awesome products
9/14/2023,Play Store,5,nice product quality
9/14/2023,Play Store,5,The product quality is too good .I always advise my friends and family.
9/13/2023,Play Store,5,good experience to buy and product quality was so good
9/11/2023,Play Store,1,kharb hai mera product me aaya tha usko exchange nahin kiya Gaya Hai Aaina complaint Walon Ko Le ek hisab se meesho sahi hai vah to bhi jaldi exchange Karke apni problem ko samajh Leta but yah ekadam Worstttt
9/11/2023,Play Store,5,superb quality and everything
9/10/2023,Play Store,1,"this app was good before now if the exchange item has not been given to the delivery boy it marked as quantity failed , no support system only predefined bots are there , if we try to call the delivery agent it asks for the pin provided in app and when we enter it , it says pin is wrong, I don't know what is wrong with this app"
9/10/2023,Play Store,5,"The item arrived earlier than expected. High-quality materials and works perfectly."""
9/10/2023,Reddit,1,This is my order tracking Id I ordered from myntra and I am taking follow up from 19th August they taken my product for which I have received tracking number also and they have putted my product on hold for no reason this product was in exact situation as it was delivered with all tag and everything. This is my order tracking Id I ordered from myntra and I am taking follow up from 19th August they taken my product for which I have received tracking number also and they have putted my product on hold for no reason this product was in exact situation as it was delivered with all tag and everything. Story starts from here I gifted three tshirt to someone and he only liked two and he did not liked colour of this polo tshirt and also size issue was there so raised Return o first day when agent came I did not had this product with me so I informed delivery Executive bhaiya please come tomorrow he said nothing and I got message that product has been putted on hold so logically he did not picked up the product but he putted on hold for no reason I spoke to customer Executive he said I am raising return again so that you can raise return for product again and I did as he told me after doing that next day one aunty came she picked up the order I got a message for pickup tracking details and again just because that male delivery agent putted on hold she also did same after checking all the things she putted on hold. And on myntra app the updated that product has been delivered but fact is nor I have received refund and also not have received my tshirt and they said your tshirt did not pass quality check this injustice to all the customers. Who might have got stuck in this same situation and now if the dont refund also I am going to take this issue on higher authority to get the solution they can get more and more money by just doing this scam. At the end they are into business and what matters to them is money so I am going to take stand and viral this issue as much as I can and also I took follow up from 19th aug and today is 11 sep
9/9/2023,Play Store,5,"Among all fashion platforms, Myntra is the easiest to shop from online. The exchange process is also very simple, and you can easily manage everything through the app without having to contact customer care. I’m really happy to have this app!"
9/8/2023,Play Store,5,"good product, discount every time"
9/7/2023,Play Store,1,"worst experience, literally stupid app,they show discount on product but whenever you try to order something,the order always gets delayed and after waiting for 10 to 15 days they cancel the order. worst customer care service, no one to listen, they just keep making excuses on stupid chat service, these are the kind of reasons, myntra is not growing that much. really really disappointed.would rate it one star. I would have gone for 0 if there had been any option."
9/7/2023,Play Store,1,This is such a fraud app. They just take the money and don't deliver the product. This has happened twice with me. They don't even return the money for their fault and you get to bear the loss. This was not expected from Myntra.
9/3/2023,Play Store,5,best quality
8/31/2023,Play Store,5,The quality of clothes Myntra provides is unbeatable...
8/31/2023,Play Store,4,batter product quality ❣️
8/31/2023,Play Store,1,very poor service.i have requested return since Many days.every day it was sawing that it will be picked up today..still it is not picked up.
8/30/2023,Play Store,5,"best for fashion , beauty and many more like they gives really great discounts and price is also lower than others of same product"
8/29/2023,Play Store,4,Great Discount
8/29/2023,Play Store,4,"Trusted app, always get genuine brand , good material n exchange n return easily 👌"
8/29/2023,Play Store,5,fast delivery and good variety of products
8/29/2023,App Store,1,"Myntra is just valued by clothing not by customer service. I am a Myntra insider customer and I experienced such appalling and disappointing customer experience where I feel pity on a normal customer of how they would be treated. I ordered a black shirt for a special occasion and it never arrived though it was prepaid. After 5 days when it didn’t arrive it was automatically marked as delivered only to know that it wasn’t. Had been contacting for more then 2 weeks and still the issue is mot resolved. Even at the managerial level they couldn’t resolve my issue and they asked me to do a favour for waiting 24-48 hours as if I had not favoured them of waiting more then 2 weeks. WhenI asked them to cancel the order and refund they said they need to check with logistics and they have been for more then 2 weeks. 3 managers calls and no resolution in 2 weeks still. How can a customer be valued ???
Appalled and Disheartened. Go for other applications. 🙄🙄"
8/27/2023,Play Store,1,didn't get a refund 1722/- to my account delay I am calling customer care means saying like initiated but I seeing my account no credit to bank account I called my bank and he said that still not received Nowadays myntra is going the worst Sometimes there is a delivery agent cancelling order
8/27/2023,Play Store,5,Incredible! fastest delivery with full proof safety .
8/27/2023,Play Store,5,Good experience in product quality and package.
8/26/2023,Play Store,4,"good variety of dresses, affordable price, assured delivery timings."
8/26/2023,App Store,1,"This online store has gone bad. I ordered on their website for almost 4 years, and everything was always fine. This month I ordered jeans, when the courier brought the parcel, I paid for it, but there was another product inside the parcel. They never returned the money for these jeans to me, and they didn't send the jeans either. Then I ordered a bathrobe, and this product was sent from a different manufacturer, a different quality and even a different size. To my complaints, Mintra replies that she can't help in any way. I called the call center many times, but they answer that I need to wait a few days to solve the problem, and then they send me a message again that they can't help me in any way. But, most often, call center operators just hang up. I told my friends about what happened, and they confirmed that Mintra stopped caring about its customers and they just don't care about us. Many of my friends have already stopped ordering anything on this site. Mintra has become a very bad site for online shopping. I highly do not recommend this store. If you don't want to lose your money, time and nerves, it's better to use other online shopping apps. Thank God there are more than enough such applications now, and they care about their reputation and their customers."
8/25/2023,Play Store,1,Myntra has been so irresponsible in delivering the product. Calling up multiple times but the customer support is of no help. They do fake delivery attempts and blame us.
8/24/2023,Play Store,5,yah app bahut acchi hai is per bahut discount milta Hai aur cashback bhi
8/24/2023,App Store,1,"I've been a loyal user of Myntra for over 7 years, but my recent experience has left me extremely disappointed and frustrated. I ordered a product that not only arrived significantly delayed but was also defective upon arrival. This would have been manageable if the customer service had been remotely helpful. I made numerous calls to both the customer care and the delivery agent in hopes of resolving the issue. However, instead of assistance, I was met with unhelpful responses and a rude attitude from the delivery agent. It's disheartening to see the quality of service deteriorate so drastically after years of being a dedicated user. The whole experience left me feeling undervalued as a customer. The lack of accountability and the dismissive behavior I encountered during this ordeal is truly disappointing. As a result, I've been pushed to my limits and reluctantly decided to delete the app. I sincerely hope that Myntra takes this feedback seriously and works on improving their customer service, delivery process, and overall user experience. It's sad to see a once-great app fall so far from its former glory."
8/22/2023,Play Store,2,About the quality of products it's amazing but if you have to return or replace the product it's a nuisance. I had to replace the product due to it being small in size but it failed the quality check because there were the tags but the logo was not given there which is totally their fault but who suffers? it's me. I never expected this from myntra and I'm really disappointed coz till now it is the worst returning experience I've received from literally any app!
8/21/2023,Play Store,5,"You are very good, your product which we buy from you is also very good and the coins etc. which we get in it are also good and we get a good discount also."
8/19/2023,Play Store,1,"terrible experience with myntra as it's getting worse day by day shopping with it ,they are delivering used products and when you ask for return they deduct the amount in the name of convenience fee in most inconvenience relationship. disgusting customer care services."
8/19/2023,Play Store,5,more than expected... product quality is genuine.
8/18/2023,Play Store,1,worst delivery service
8/18/2023,Play Store,5,good products and safe delivery
8/17/2023,Play Store,5,"Absolutely loved the product! Great quality and perfect fit.Super stylish and comfortable. Exactly as shown in the picture. ""Great value for money! High-quality fabric and fast deliveryThe quality is good, but the size runs a bit small."
8/16/2023,Play Store,5,clothes are good quality with cheap and best price
8/15/2023,Play Store,4,exact size and comfortable love it
8/14/2023,Play Store,1,Unreliable delivery dates & lack of proper updates Extremely frustrated with the recent experience. My package was delayed by 2 days from the guaranteed delivery date. Late deliveries ruin the experience when ordering items needed for specific dates or events. Fixing delivery partner efficiency should be a top priority.
8/14/2023,Play Store,4,very good quality very good dilivery but sometimes too much of price
8/14/2023,Play Store,5,nice app 👍 provide many discount.
8/14/2023,App Store,1,Bought a watch worth 14k. Didn’t like it so returned with in an hour as the quality was looking off. I returned it the exactly the same way how it came to me. After receiving the product they said now it has failed quality check so they won’t be able to accept it so I’m forced to keep the watch. I wrote review for that watch they removed my review. They have 2 good review for that watch however it’s fake as the picture posted by both reviews are exactly the same. All in all they allow or write fake reviews and are fooling others. After I’ve already filed a complaint against them in consumer court however I’ve researched so as many like me. Let’s see if things work out for me. I’ve always used Myntra however not once this has happened to me but with high value products now I know how they function.
8/13/2023,Play Store,3,"Worst experience ever. I have been a regular customer of Myntra, but a very big scam happened to me. I ordered a Levi's long pant and shirt on prepaid. The delivery agent did not call me, and I did not receive any email. But it is showing “delivered” in my account. I called customer care many times, but they only keep giving me new time and dates. Until today, I have not received my items. At least they should tell me which delivery office the parcel went to. This is a very big scam with me.."
8/13/2023,App Store,1,"For the first time I have ordered 2-3 products from Myntra, including a vitamin C serum which im currently using and when it got delivered, to my surprise it was fake because i use the product i know its texture, consistency and effects. It was totally fake i raised a complaint and asked for exchange. First they said they will initiate a exchange in 24hrs status will be update. i waited until given time but nothing happened then i called customer care again and he told me that  the product can’t be exchanged. i explained to him how his colleague said a day ago it will be exchanged and i will know status  in 24hrs. The customer care & his senior both disagreed with me and didn’t listen to me at all. 
Another product I received after (these products I ordered together) this was a luggage set i order in light pink colour and Myntra have send me bright purple colour! 
I raised again a complaint and issued return for this nobody came to pick the parcel up. I called customer care they said to me you have to “self ship” because my pincode is not serviceable! 
I live in south Delhi btw. I explained him it is not my fault i have raised a complaint he said if complaint gets approved then we ll set a pick up but again nothing happened. 
They keep telling to “self ship” a 15kg parcel yourself and they have send wrong colour. 
Totally disgusting customer service."
8/12/2023,App Store,4,I have recently purchased a clothing item and ordered as per size chart however when I received the parcel i have tried and the size was smaller so placed a request for exchange with one bigger size and here problem starts . First they said they will arrive on specific day however they arrived a day prior and expect me to be there to exchange which wasn’t possible . I have planned it that way if they are arriving on a specific day some one or i will be there for change however it didn't went that way . Second i know there is a policy for exchange that you need to keep tag or bag or both however first by when parcel was delivered of course i have tried and realised that its small size so i have placed a request for exchange which took almost 5 to 6 days and you expect to keep that tag or bag which isn’t possible and lastly they said i need to talk to customer service for approval which is pathetic and worst service so i am not using this app any more and people please think twice because its your money you are wasting
8/11/2023,Play Store,5,I love late delivery service 😍😍😍🥰🥰🥰 😂😂😂💩💩💩💩💩💩💩💩💩
8/11/2023,App Store,1,"I ordered recently from Myntra received a defective product it was a used product and when I applied for an exchange they declined it and I spent 1 hr talking to their customer care their senior assistant to their manager everybody was persistent that we can’t help u regarding this u have to keep the defective product as we cannot refund, exchange or return the product and was so disrespectful and unhelpful and they were convincing me to keep it as they won’t be doing anything regarding this issue. I even shared my experience that when I received it it was defective and I hand-to-hand applied for exchange n that it is not my fault but they were so persistent and indirectly saying that it is your fault not from our side so so so worst experience will not trust them and buy from them at all even will tell friends and family about them so they can be careful and not buy anything from them and I will as much as I will review them everywhere on surveys anywhere to prove how untrustworthy they are."
8/10/2023,Play Store,5,"myntra never disappoints me, fabric quality always osm👍😃 best shopping app highly recommend for clothes jewellery 👍👍👍"
8/8/2023,Play Store,1,worst app ever I ordered a product twice but didn't receive and the delivery failed
8/7/2023,Play Store,5,Best app ever seen with fastest delivery and safest package with No quality issue and return hesitation. I loved it . I will shop from this app ......
8/6/2023,Play Store,1,waiting to return the product from one month and they are just telling the same story and asking us to wait for 48hrs or 3days. once you take the product it's done and they will not pick up the product at all. all this e commerce companies are becoming frauds like anything
8/6/2023,Play Store,1,Good app in terms of discounts but very very*100 bad in terms of exchange policy. Try to use other e-commerce platform like flipkart. There customer care frustrated me Worst app. Flipkart and Amazon are far better.
8/5/2023,App Store,1,One of the terrible experience I would like to share with all of you who uses myntra…i ordered a trolley bag on 20th july and the size which i got was bigger than I needed so I requested for return…but the delivery person didn’t contact me once andeveryday i used to recive a msg regarding delivery will be pickup today from 20th july to 3rd august…i kept complaining regarding this issue to the customer care…they were not able to solve it…than i had a interaction with their senior staff still they didn’t help me out and always said sir this is last time you are calling we will definitely solve your issue…but they didn’t…I kept on complaining for 12 days…but they didn’t took the return and the product is still with me…now i will never use this third class myntra app after this…just sharing a experience…order the products thinking twice…
8/4/2023,Play Store,4,the quality of the clothes is exquisite
8/3/2023,App Store,1,"Myntra evolved to be the go-to site for most of the people, however it has totally lost it’s image with the recent bluffs happening. They roll out sales, once we place the orders they cancel the items and generate a refund with an excuse that package was lost in transit, the same thing with the same reason repeatedly happened with me and then they expect us to reorder the items at the Non Sale price so that we end up paying more.

They have also delivered an incorrect product that I complained about to which I heard about how well the packaging and quality checks were done hence they could not exchange the wrong product. Ridiculous and Vague reason and an utter waste of money.

Their Customer Support just keeps on copy pasting answers from the past chats or tickets not at all interested in helping us."
8/1/2023,Play Store,1,worst delivery
8/1/2023,Play Store,5,product range is so vast and return or exchange process also seems very fast and clear.
8/1/2023,Play Store,1,"We are facing an issue where, when a user is logged in and scrolls on the shop page with infinity scroll activated, if they choose to open a product and then return to the shop, they are not returned to the same scroll position they were at when they opened the product page. Instead, they are scrolled back to the top of the page."
8/1/2023,Play Store,1,my Mnow order is stuck since 1hr and there is no assistance provided to me...if I chat online there customer executives are occupied and there is no calling options also please close this Mnow option if you guys can't help in fast delivery ....... worst is I can't connect with anyone regarding my problems.
7/31/2023,Play Store,1,They are fraud. I'm chasing them for my return but they didn't bother to listen. They have been harassing me for 3 days. Don't buy anything from Myntra. Try amazon rather than Myntra They don't even listen to you.
7/30/2023,Play Store,5,it sales best quality products in the word
7/30/2023,Play Store,1,guys i request u all to not pay before delivery of a specific order they are such a scammers. My orders are getting canceled for no rsn it happened with me 4 5 times in a row and the worst customer service ever terrible expirence. Myntra was such a great app to order literally anything bt it's getting frustrating to use this app.
7/29/2023,Play Store,5,I am getting always good quality
7/27/2023,Play Store,5,"easy buying, and return/ exchange if necessary."
7/26/2023,Reddit,3,"Earlier, chat and call support used to connect us with real people, where we could clearly explain our problems. Recently, I faced an issue with an order and the support experience was very disappointing.

I ordered a blanket, but it was delivered in a completely different color than shown in the photos. The color looked bad, so I decided to return it. I placed a return request, but when the delivery partner came for pickup, I was in the office. He did not call me, and I did not have his contact number. As a result, the return was cancelled and marked as an attempt failed.

I placed another return request, but the same issue happened again. The delivery partner reached my home when I was not there. There was no prior confirmation of the pickup date—on the Myntra app it only shows an end date, not the exact pickup day. We received a WhatsApp message only a few hours before the pickup attempt, which is not sufficient.

Now I want to return the order, but for that, I need the delivery partner to call me when he reaches so I can ask him to collect the return from my neighbours.

After facing these issues, I tried reaching out through the Myntra Help section, but this is where the real problem lies. The chat support is fully automated, and my issue is not listed among the available options, so I received no help. I also tried the “Call me back” option, but that did not work either.

Since delivery attempts can fail due to genuine reasons, Myntra should either share the delivery partner’s contact number in the app or make it mandatory for them to call if the customer is not at home. Additionally, the Help & Support section should not be fully automated—there should be an option to talk to a real person for such issues."
7/26/2023,App Store,3,"I have been looking into products from myntra and initially they used to be quite clear with the fact if a product can be returned or not, and the specific timeline within which the return/exchange request can be placed. However, since the past few days, they have added the return/exchange policy to certain products stating “7, 15 or 30 days return or exchange may be available”. What if I buy a product and it is not available and I need to return or exchange? What kind of a scam is this to trick people into buying products that don’t have a return policy? I myself have bought from a label and they don’t allow their products to be returned. However, in myntra they are saying that return or exchange may be available. So why mislead people into buying from brand and labels that don’t have a return policy? Myntra, I need answers."
7/25/2023,Play Store,1,"Worst Service, They Don't Return or exchange items, I face this issue no support team help me."
7/24/2023,Play Store,5,nice product and fastest delivery
7/24/2023,Play Store,3,late delivery.........
7/24/2023,Play Store,1,very poor delivery service
7/24/2023,Play Store,1,"⭐☆☆☆☆ Very disappointed with the new MynCash policy. Earlier, I could use MynCash on small purchases, which made shopping affordable. Now, forcing customers to have a minimum cart value of ₹200 just to use MynCash defeats its purpose. This change only encourages unnecessary spending and makes the reward system much less useful. I hope Myntra brings back the old policy."
7/23/2023,Play Store,1,"Myntra has become such a terrible shopping app. I ordered a pair of jeans, but the size didn’t fit me, so I placed a return request. However, the delivery person failed the product during the quality check, and now my return is on hold. What is my fault in this? I returned the exact same product that I received. I don’t understand how or why the quality check was failed. Myntra seems to be becoming fraudulent these days. We shop from Myntra trusting the platform please look into this issue."
7/23/2023,Play Store,5,"Great shopping experience! The product quality is really good, delivery was on time, and the overall experience was smooth. The app is easy to use and the service is reliable. Highly recommended!"
7/23/2023,Play Store,5,material & colour good
7/23/2023,Play Store,5,nice collection and fast delivery 🚚
7/22/2023,Play Store,5,very good app but cloth quality not so good
7/22/2023,Play Store,5,best shopping app because branded shirt and sneakers for special gen z clothes to good deal with lowest price and discount and use coupon products price low for seen price
7/21/2023,Play Store,4,very good app for purchasing items but the worst part is myntra after sales support Not able to contact customer care support and talk to them even chatting with customer care is also not available The only thing available after delivery othe item is chatting with bot worst aftersale support
7/21/2023,Play Store,5,good quality good return policy
7/21/2023,Play Store,5,"fast delivery ,they give best quality"
7/20/2023,Play Store,1,"very third class app ,delivery boy didn't exchange a product and show delivered, regarding that we complain,they investigate and then they dont do exchange , product returned ,same delivery boy picked up return , although they didn't created amount ,everytime again and again they ask every details , when you inform they say aapki aawaj sahi se nahi aa rahi, they don't have proper sytem which show costomer complain for and they accept return was happed on 10 august,so why not creadited"
7/17/2023,Play Store,1,"worst app , return experience was worst than any other app . not going to buy any product ever.. I repeat EVER"
7/16/2023,Play Store,5,I am very happy being a myntra customer there's no any problem in return or replace issue and also refund is credited in 1 to 2 hours after pick-up.
7/15/2023,Play Store,5,all the product are of good quality
7/14/2023,App Store,1,"This is to all the customers shopping on this app. Watch out for exchange returns. I had requested for exchange for this product as the size was small. The app said updated for request. No agent came to pick the product. I requested multiple times to customer care in this regard, the would update saying exchange has been initiated. However, they didn’t do anything. Now the customer care is stating that I never reached out to them earlier and now I’ve have exceeded my exchange time.  Please take screenshots of the conversations you have with customer care, cause they erase it soon after. They will deny even your complaint ever being made.  Now I have a product which I have no use for. Thanks to their unethical practices. I’m reaching out here to express my grievance but the customer care just washed their hands from this saying policy says so. It takes two people to follow the policy, there customer and even the service provider. Even swiggy does a better job than this."
7/13/2023,Play Store,1,myntra has no customer grievance policy. I have ordered a product and it has been sent by vendor without brand tag. And now delivery man has refused to take the return parcel coz of missing brand tag..i tried to contact customer care but it's call is going on waiting only and no return call recieved...what should I do now. how do I return my parcel.
7/13/2023,Play Store,1,"horrible experience, Everytime order gets delayed without any delivery attempt and after that they cancelled the order without any notification.try another platform"
7/13/2023,Play Store,5,best app gives refund exchange good customer support
7/13/2023,Play Store,1,First of all this app charges ₹23 as a platform fee and then when I use My Cash as a discount then the app says that this applies on ₹199 above orders . This is disgusting because I used My Cash in a previous order there is no this type of rule . So uninstall this app and use another app instead of this app.
7/12/2023,Play Store,5,good quality
7/12/2023,Play Store,5,Best app to buy trendy dresses. I absolutely love myntra for it's genuine products and delivery. Thank u myntra
7/11/2023,Play Store,1,"The services are really terrible. I have ordered a shirt and I didn't like it's quality, I requested the return, and the pick up was supposed to be done after 2 days and it has been so many days passed the dilevery agent is not coming to pick it up. If I try to initiate a chat the bot do not connect me with the agent , it's really frustrating and disappointing. Shame on you guys. My experience is ridiculous."
7/10/2023,Play Store,5,very good look and fabric too
7/10/2023,Play Store,5,vest quality
7/10/2023,App Store,1,I have been loyal customer to myntra since 7-8 years. But now it’s pathetic services they provide. First they don’t deliver it on time nor pick up. 2nd thing I have recently purchased a item from this site and I paid it in advance but I haven’t received the parcel and it shows me delivered on aap. When I complained about it so first they didn’t care and just said u have received the parcel from our end. I told them to check your call recording with delivery boy. They didn’t have any recording. They didn’t investigate it why I haven’t received my parcel. I have complained it 3-4 times but the results are same. I guess other shopping apps are much better and corporate with the customers. Here you can order something on your own risk otherwise your money will drown. I’m very disappointed with this app and their services. Zero customer services. Pathetic!
7/9/2023,Play Store,1,I had the worst customer experience. I have been contacting customer care for the past 1week and they canceled my return without my concern. No new request raised and gave me the wrong product and brand. Disappointed.
7/9/2023,App Store,1,"Myntra & thier sellers (Jugmug Shoes) are doing fraud with buyers. I have recently ordered HRX shoes from Myntra but instead of HRX they have sent some Crew Street shoes of same design without any invoice just with the slip of my name & address on packaging box. I called the delivery guy on the same day & showed him the same who suggested me to return the same by calling customer care. I did the same but Myntra closed the issue with comments by saying they did investigation & it was not delivered incorrectly from them. Post that I raised the complaint again but they again closed it by copy & paste same comments. Since then I'm following up with then but no result yet, today, their Phase Manager supposed to call me but no call yet.

Hence, I will never ever order shoes or valuable stuff from Myntra, they are doing fraud along with sellers."
7/8/2023,Play Store,5,"""Excellent shopping experience! The app has a massive collection of top brands and the user interface is very smooth. Filtering products is super easy, and I always get genuine items. Delivery is fast, and the return/exchange process is completely hassle-free. Highly recommended for fashion lovers!""❤️❤️❤️❤️"
7/7/2023,Play Store,1,"FRAUD APP!! I ordered 6-7 products from Myntra last week and returned 2 products for which I've not received refund yet. Whenever I ask for refund status the customer support team says refund has been processed, contact your bank. But banker says there is no refund received in the a/c from Myntra. I did receive refund from Meesho but not Myntra. FRAUD APP!! WORST APP!! WASTE OF MONEY! DO NOT TRUST AND ORDER FROM MYNTRA"
7/6/2023,Play Store,5,good quality product and also valuable.
7/5/2023,App Store,5,Amazing quality soft satin fabric.... Totally approved
7/5/2023,Play Store,4,Good quality products
7/5/2023,Play Store,5,good quality
7/5/2023,App Store,5,While ordering the product will be shown as it will be delivered with 2 days and after ordering it takes more than a week. I had plan to travel so I needed something to wear and ordered because it was showing that it would be delivered in 2 days and after ordering it was showing the order would be delivered on the day which I had a early morning flight. Why to lie first and then deliver it late. Bad experience. Tried to call the customer service and explain them the situation they told they will try within the estimated day but that didn’t happen.
7/3/2023,App Store,1,"I’ve been ordering from myntra for more than 8 years. The service was good in the beginning. Recently I had to exchange a product and return another because the size was not correct. I had opted for the same the next day of delivery itself. Even after one month no one came to collect the products and I kept calling their customer service. They always say they’ll raise a complaint but nothing happens. Yesterday, after one month I got a message saying now they can’t accept the exchange/return since it’s been more than a month! But it’s literally their fault! They didn’t come to collect the package! Another one happens for my mom. Her return was picked up but they didn’t refund the money! That was the biggest scam. ₹1634 simply gone. Their customer service simply gives false promises that they’ll resolve the issue but they’ll do nothing. Now it’s time to uninstall and move to other apps."
7/2/2023,Play Store,5,one of the best app. quality is also looking like a wow 🥰
7/1/2023,Play Store,5,this is the best app for shopping btw good quality items only
7/1/2023,Play Store,5,excellent quality products 😀👍🏻
6/30/2023,Play Store,5,"⭐⭐⭐⭐⭐ Waahh, Myntra! 🛍️🔥 Super discounts and amazing offers! 😍 Really happy with the deals on Myntra. Keep bringing more exciting discounts and offers—we’d love to shop even more! ❤️🛒"
6/30/2023,Play Store,5,the delivery time for some products is long but the packaging is good and I think the beauty products should be delivered together 🫠
6/30/2023,App Store,1,"I ordered from Myntra twice, and had absolutely ridiculous experiences both times. The first time, I ordered a pant. On the day it was supposed to be delivered, I was out at a restaurant and didn’t have good service when the delivery guy called. I stepped out immediately and dialed again, and the guy didn’t pick up. And an hour later, I saw that the status showed “delivery delayed”. A week after that, I ordered the same pant on Ajio. They delivered it in 3 days and I cancelled the order on myntra (luckily it was pay on deliver, or else 1400 would’ve gone down the drain). And now, I ordered some pajamas. As soon as I got them, I tried them on, they didn’t fit, so I applied for a return and refund less than 10 minutes after it was delivered. Now they put my refund on hold because they’re saying the tags were missing even though the tags were intact when I returned it. Completely abysmal service. Never gonna use myntra again."
6/29/2023,Play Store,5,"“Myntra par shopping experience bahut achha raha. Products ki variety achhi hai, quality bhi good hai aur delivery fast milti hai. App use karna bhi easy hai. Overall great experience! ❤️⭐⭐⭐⭐⭐”"
6/29/2023,Play Store,5,very good jeans best quality bast colour
6/29/2023,Play Store,5,Delayed delivery every time why?
6/28/2023,Play Store,5,my favourite colour and my favourite t-shirt very good and brand
6/28/2023,Reddit,1,"I recently placed an order for six items on this app, each with a scheduled delivery date. Unfortunately, my experience has been far from satisfactory. Out of the six items, one was automatically canceled without any explanation.

Furthermore, the four items that were delivered did so on different dates, causing unnecessary inconvenience and confusion. However, the most disappointing part of my experience was when one of the products was marked as delivered, despite never reaching me. I immediately reached out to the customer support team to address the issue, but regrettably, I received no response.

This lack of communication and resolution from the customer support team has left me extremely frustrated. As a loyal customer I expected better service and support. It is incredibly disheartening to be left in the dark, without any explanation or assistance when an issue arises.

I urge the app’s developers to improve their delivery process, ensuring timely and accurate deliveries for all customers. Additionally, addressing customer complaints promptly and providing effective support is essential for maintaining a positive user experience.

Overall, my experience with this app has been marred by canceled orders, inconsistent delivery dates, and a complete lack of response from the customer support team. I sincerely hope that my Feedback serves as an opportunity for improvement, and that future customers receive better service than I have encountered."
6/27/2023,Play Store,5,excellent quality. Reasonable price. I m fully satisfied
6/27/2023,Play Store,4,Delivery system is poor
6/26/2023,Play Store,5,last 4 year i have been using this app. all the products on this site are amazing.with genuine quality and reliable price you can go for anything which is available on this platform.if anything happened all the customers executive team help you in a better way. all those who go for shopping can choose this app upon another app. return and exchange option are very reliable for anyone.... i have a great experience with this app... i genuinely appreciate all the things about this .. yogesh verma
6/25/2023,Play Store,4,my personal opinion is the products which I ordered are top notch there is no issue about quality and with delivery 🚚.
6/25/2023,App Store,1,"I had a terrible experience with Myntra and honestly the service is getting worse day by day. The quality of products being sent by many sellers is extremely disappointing. Clothes arrive looking cheap, poorly made, and sometimes even dirty. In my recent order, the item came without proper tags and looked like it had already been used or handled many times. This is completely unacceptable for an online platform that claims to sell branded and quality products.

What makes the situation even more frustrating is the return process. When you raise a complaint and request a return, the delivery partner simply does not show up to pick up the product. Days pass, and nothing happens. Customers are left stuck with low-quality items and no proper support.

If Myntra continues allowing sellers to ship such poor-quality products then it will be closed like snap deal which I am pretty sure going to happen with myntra."
6/23/2023,Play Store,5,Myntra offers a wide variety of choices.... and provides best quality of the clothes in comparison to all other app
6/23/2023,Play Store,5,"Myntra is my go-to app for all clothing and fashion shopping! It has a huge variety of trendy styles, top brands, and the delivery is always fast and smooth. Highly recommended!"
6/22/2023,Play Store,5,"I have been shopping on Myntra for quite some time, and my overall experience has been very good. The app is easy to use, with a wide variety of fashion, beauty, and lifestyle products from trusted brands. Product descriptions, size guides, and customer reviews help in making the right purchase decisions. The delivery service is usually fast, and the products I have received have always been genuine and matched the images shown on the app. The return and exchange process is also simple and hass"
6/22/2023,App Store,1,"I am shopping from this site from a long time. But now I am deeply disappointed by the handling of my recent product exchange request. Initially, I received the wrong-sized item and promptly requested an exchange. However, I was informed that Myntra cannot arrange a pickup from the original delivery location, forcing me to change it.

Despite the product being marked as shipped and delivered to the new location, I never received it. Multiple attempts to resolve the issue with your customer service team resulted in apologies but no concrete solutions. I was advised to submit another exchange request, leading to further delays and uncertainty.

The new estimated delivery date provided is June 2nd, but considering the numerous setbacks so far, I lack confidence in its fulfillment. The lack of prompt resolution and repeated apologies without action have left me highly dissatisfied with Myntra's service.

I urgently request immediate action to rectify this matter, including a hassle-free delivery of the correct product and appropriate compensation for the inconvenience caused. I also strongly urge you to review your delivery and exchange policies to prevent similar issues in the future.

I trust that you will address this complaint urgently and provide a satisfactory resolution. Your prompt response and actions are eagerly anticipated."
6/21/2023,Play Store,5,fast time orders to Mantra review for delivery to product I hope battery Experience to shoping in Mantra
6/21/2023,Play Store,5,always provide best quality
6/21/2023,App Store,5,"My return hasn’t been picked up it’s been a month already and the customer service have been saying that they are looking into it but no action. Now even the customer service is unreachable. Didn’t expect this from myntra. It used to be my go to app but will never buy anything from it again. The status of the products keep changing on the app - one day it would be failed to pickup and the next day it would show as delivered. I had reopened the tickets as my issue was not resolved but the myntra team would close the ticket and mark the product as delivered. This cycle has been going on for a month. Please uninstall this app and refrain buying anything from Myntra - it will save you a lot of money, time and stress."
6/21/2023,App Store,1,I am using myntra for almost 6 years but this time one of my order was not delivered but the status was marked as delivered by Myntra delivery team on 11 June 2023. Also previously the same order had 2 failed delivery attempts on 9 June and 10 June respectively for which i have raised the complaint that i haven’t received any call from delivery agent for delivery of my package. After that on 11 June status has been updated as delivered but without any such delivery attempted. When i have raised the issue with tech support team they have denied my claim mentioning that they have confirmed from their logistics team that order has been delivered. This is something not acceptable from Myntra and their delivery team who are now cheating their customers on the delivery of costly items without any OTP on delivery of products or the delivery partners not calling the customers..
6/20/2023,Play Store,5,"Excellent delivery service! My order arrived before the expected date, and the packaging was neat and secure. The delivery executive was polite and professional. Very satisfied with the overall experience."
6/20/2023,Play Store,1,"You guys are so worst, u take 5 days to deliver a product which is like 2 hours from my place...even in a city like chandigarh...seriously...If you really dont like delivering then shut down this app...there is no point after that. Yeah return and product quality is good but you guys really suck at delivery. Either improve it or shut this app down. And just when I posted this review, you guys continue to make the same mistake again and now it does not even feel like one, more like intentional."
6/20/2023,App Store,1,"Been a long time user of Myntra, however over the last few months the quality has noticeably been declining. The products are sent in a terrible, TERRIBLE condition - often used by customers, stinking of their sweat, horribly crumpled, defective, and/or arriving incomplete (eg: without belt). Have also been sent the wrong size/product on occasion. Such poor service is unacceptable especially when the consumer is paying a substantial amount for the products ordered. In addition, a new “convenience fee” has been introduced which is a non-refundable amount. For the kind of quality you’re offering, it’s highly unjustified. The app doesn’t let you post these reviews and I’ve honestly been so disappointed with the overall experience. It’s become a gamble at this point, you keep wondering what condition the product will arrive in. I want so badly to keep the product but lately, you’ve made it a very disheartening experience. Please fix your quality."
6/19/2023,Play Store,5,fast delivery app
6/19/2023,Play Store,4,"i am⭐⭐⭐⭐⭐ 1. Product ki quality bahut achhi hai. 2. Packaging bhi kaafi achhi aur safe thi. 3. Product bilkul description ke according mila. 4. Use karne ke baad result kaafi satisfactory raha. 5. Price ke hisaab se product worth it hai, highly recommended!"
6/19/2023,Play Store,5,Good quality product
6/18/2023,Play Store,5,I enjoy shopping from Myntra and the quality is very good. Thank you so much Myntra🤠🤗🤗🤗🤗🤗
6/18/2023,Play Store,5,the delivery atleast on my location always comes early products are good. app is minimal yet helpfull.
6/18/2023,Play Store,1,Bina kisi bhi reason ke order cancel kar dete hain ye log aur uske bad koi help nhi ho sakti esa bolte hain sale dikha kar sasta product dikhate hain aur order ke bad cancel ho jata hai sabse Bekar site
6/18/2023,App Store,1,"I ordered a white shirt from Myntra of roadster life and co. of size 42, during their sale.. when I received the order I got 44 so considering it be a genuine mistake I initiated an exchange and to be on safer side placed another order of the same shirt.. but when I received the exchanged product , it was altogether a wrong shirt.. so had a conversation with their customer care and asked them to make sure that another order which i m about to receive should be the correct one.. the customer executive was so confident that they ll make sure the product I ll receive will be the correct one.. but no.. again  received the wrong product!! I spend 45 minutes talking to their supervisor about the same and they gave me a surety that a serious complain will be registered and the management team will call me within 24 hours.. 
but guess what, within minutes of talking to the supervisor, they closed my query!!! 
Worst worst customer care services.. taking advantage of the customers and cheating them .. cos lately I had to order the same shirt at an increased price!!"
6/17/2023,Play Store,5,"very smooth and offer available , return also easy"
6/14/2023,Play Store,1,I don't even want to give one star it was such a horrendous experience I gave order for a kids gown so its quality wasn't good and so I exchanged with something else the product that came was horrendous used product no tags and now the delivery guy said it failed brand match so it can't get return I connected with the costumer service like they said they will again check the product I have no faith that they will refund or exchange with a good product.
6/13/2023,Play Store,5,. best quality per product Myntra
6/13/2023,Play Store,5,best app to purchase quality clothes with decent brands
6/11/2023,Play Store,1,Earlier we used to able to redeem MN cash irrespective of minimum order value. but now they have made minimum amount to withdraw the MN cash which is waste. we can't even order a single product or less quantity product with MN cash. we have to add more or additional product and make a minimum fixed amount of cart value then MN cash can be used. Uninstalling the app as there are no coupons which can be used nor MN cash can be redeemed. pay the MRP price only without discounts.
6/10/2023,Play Store,5,good service and fast delivery and get mor discount on all the items
6/10/2023,Play Store,5,Best Quality products here ✨
6/9/2023,Play Store,5,very nice aap good quality product sales in this aap
6/9/2023,Play Store,5,"Myntra is a great shopping app. Products ki variety achhi hai, delivery fast hai aur overall shopping experience smooth raha. Highly recommended!”"
6/9/2023,App Store,1,I am using Myntra from a decade now.. but there is no new upgrade on their service..7-8years back they had the same OTP policy till date.. I recently ordered some items and i gave a saved address to deliver..in which i had a number that i am mo longer use.. myntra sent the otp to that particular number ..but i do not have the number.. now they’ve not sent the otp to my mail..they can not give the otp even if i called from my registered number.. also the OTP doesn’t show on the app..i had to return those items..i got for my whole family.. pls become more advanced with all these thing.. what are the alternatives you’re providing for this issue.. pls take this as a constructive feedback and be better..i am so disappointed..my father loved the gift but i had to return it.. because you guys don’t have the alternatives for the issues.. BTW i talked to their customer agents ..at first they said they will help me with the otp.. they said wait for 24hours you will get the mag as delivered.. then again they said we don’t have any alternatives to give you pls cancel it
6/8/2023,App Store,5,I have been customer of Myntra since very long time and I was very happy from their service and products and everything but this time I got caught with very big scam. This time in their end of reason sale they had various offers and I purchased so many things because of that but when I received my products I didn’t liked few of them and while returning they are charging half of the price of the product. They are deducting half price from the refund and and while confronting for the same they don’t have the solution or proper reason of them. I fought with their customer care for more than an hour but they are not ready to accept thier fault and not ready to give any alternate solution. Though they are writing below the products that they providing free return and exchange within 14 days but than too I am charged for half of the price. Also there are many other changes made this time without our knowledge. Please guys be careful from now while purchasing from Myntra
6/7/2023,Reddit,5,"I recently purchased Beech sandals, and overall, they have been an excellent addition to my footwear collection. From comfort to design, these sandals deliver a well-balanced experience that justifies a full five-star rating.

First, comfort is the standout feature. The footbed is well-cushioned and provides good arch support, making the sandals suitable for long hours of wear. Whether used for daily errands, college, or casual outings, they do not cause foot fatigue. The sole is flexible yet sturdy, allowing natural foot movement while still offering adequate shock absorption.

In terms of design, Beech sandals strike a perfect balance between simplicity and style. The clean, minimal look makes them versatile enough to pair with jeans, trousers, dresses, or ethnic wear. The straps are thoughtfully designed—neither too tight nor too loose—and they hold the foot securely without causing friction or blisters. The finish looks neat and premium, especially considering the price range.

The material quality is another strong point. The upper material feels durable, and the stitching is clean and firm, suggesting good longevity. The sole has a non-slip texture, which provides confidence while walking on smooth or slightly wet surfaces. Even after regular use, the sandals retain their shape and appearance.

Durability has been impressive so far. Despite frequent use, there are no signs of sole wear, strap loosening, or discomfort. They are easy to clean and maintain, which is a big plus for everyday footwear.

Finally, the value for money is excellent. Beech sandals offer comfort, durability, and style at a reasonable price, making them a smart purchase for anyone looking for reliable daily-wear sandals.

Overall, Beech sandals are comfortable, stylish, durable, and affordable. I would highly recommend them to anyone looking for practical yet elegant footwear for regular use."
6/7/2023,Reddit,1,"On 20 April 2023,  I ordered Adidas original men white & blue leather Argentina superstar sneakers size UK8. On 23 April 2023 i received the parcel which is different product Adidas shoes from inside. I called the customer care executive so many times of myntra and they ask me to wait till 04 April for the resolution and now today 05  April but they are giving me date again and again. I am very disappointed with there services. I am asking my refund or the product but they are refusing the both things. And we have proper unboxing video and photos so I attached in this email . 
I ask several times with the delivery man that I have to open the parcel and check everything in front of them but he refuse to doing the same thing. So now the conclusion of all this is that I am writing the office mail to the CEO of Myntra and want the proper resolution of this situation. Myntra is the fraudest e- commerce website. They take the money of their customers and don’t give their right parcel to them.
Fake, Fraud and most disgusting website. Boycott them immediately.

Don’t believe on their services they are such theif people and the fraud website.

Totally Unacceptable these things, now i tell them what happen when they do fraud with their customers.

Even now Myntra don’t capable to get the reviews. They don’t have their loyalty to give the right resolution to their customers.

Shame on you Team Myntra."
6/6/2023,Play Store,1,useless people told them to return a damaged cloth and many calls they hung up and Cancelled the return
6/5/2023,Play Store,4,"Good variety of materials, good and fast service, easy return. Enjoyable online shopping site. If there is an easy way to ask a material or goods availability, it will be more reliable."
6/4/2023,Play Store,1,"Wrong and missing product delivered, and no resolution for the same, financial, mental, and time loss only. No benefit for insiders nor to regular customers."
6/4/2023,Play Store,5,Nice app with better discounts 😁
6/2/2023,Play Store,5,good quality 👌
5/31/2023,Play Store,5,"Awesome Experience of shopping, once my product was showing problem in delivery, but when I raised an issues to the customer service I got the product within 1 day"
5/31/2023,Play Store,5,good quality product received
5/30/2023,Play Store,5,Good quality products
5/30/2023,App Store,1,"“Once upon a time, shopping with Myntra was a delight, a venture into the world of online fashion without risks. Returns? No issue, they said, as they coaxed us into a comfy bubble of customer convenience. But oh, how times have changed! That cozy bubble was burst when they introduced a ‘convenience fee’, ironically named for an inconvenience to customers returning poor-quality products. But Myntra wasn’t done there. No, they also suggested my account may be disabled due to too many returns. My sin? Expecting quality for my hard-earned money. Myntra, you started by offering us the ability to return items with ease. This wasn’t a ‘favor’, it was a reassurance of your commitment to quality and customer satisfaction. Now, it feels like you’ve backtracked and want to charge us for your failures in quality control. If returning a bad product is a crime, I gladly plead guilty. But remember, I also kept the good ones. And yet, instead of taking responsibility, you’re punishing your customers. Dear fellow online shoppers, if you’re looking for a platform that values customer satisfaction over quick profit, you might need to look elsewhere. Because at the end of the day, who wants to pay extra for the privilege of returning sub-par items? I think I’ll be sticking to offline stores for a while. Quality checking: free of charge!”"
5/29/2023,Play Store,5,Myntra is actually best best app this app give soo much discount and vouchers and mainly Trust and also very fast delevery that's why I recommend this app in my point to view this app is actually a best ⭐
5/28/2023,Play Store,5,delivery fast and good quality but inner product like charging amd product packaging
5/27/2023,Play Store,5,nice app and good quality reasonable
5/26/2023,Play Store,5,there is one platform where you can exchange your products or return. they will never say no I love myntra ....thank you so much
5/26/2023,App Store,1,"I have ordered one jumpsuit from myntra and put for exchange within one hr of delivery due to size fit issue. 
I got messages that exchange will be attempted today , number was also provided . But when i called delivery agent he said I don’t have your order wrong number has been given to you. When i checked the app order has been marked as it failed quality check no tag was present. But delivery boy never came for exchange.
 Then i called to customer care , provided the images with tags and all. He also didn’t provided any help or he was so dumb that he even didn’t understand the concern and  open the issue as I don’t have tags and i want to return the product .
When i gave him the photo how can he open the issue like that.
See we ordered from myntra , we hold some trust on you , we don’t know neither the seller nor the logistics department nor the delivery agent.
So it’s your responsibility to fulfill this trust for one exchange we are calling delivey agent , customer care services twice don’t you it a harassment , waste of time of your customers and their energy.
You should take strict action for these kind of delivery agent, who are not even coming for delivery and marking anything which they like.
Start otp verification for exchange and return also so that atleast they will come for exchange ."
5/24/2023,App Store,5,I have purchased from myntra so many times but nowadays myntra’s service is getting worst. I don’t know if it’s the fault of sellers but every time I order something they either give me the wrong size wrong colour or incorrect order. And when you contact support they’ll arrange pickup but they will not inform those delivery agents that the customer has received wrong product so those delivery guys end up rejecting pickup saying they will not pick up wrong product. So again we have to contact support. This goes on continuously. They have become so much problematic. If you can’t provide good service why are you even doing business? Just to scam people and to give so much trouble?
5/23/2023,App Store,2,"I am a regular shopper at Myntra. The purchasing experience is great but the last mile delivery , pick-up for replacement or exchange leaves a lot to be desired. Myntra and customer support do not take ownership on last mile. You do not get to choose the time slot on what date or time of the day you can choose the pick up. It is auto assigned. The delivery agent calls you only when he reaches your door and if you are not there at that moment then that pick up is lost. He will only try twice otherwise you have to keep that item irrespective. 
The customer support pleads helplessness to schedule the pick up. Expectation is to sit in the house throughout the day waiting for delivery boy to arrive! Myntra should learn and take queue from other service delivery apps which let you choose the time slot .

Disappointing experience."
5/22/2023,Play Store,1,"I ordered 4 products from Myntra, but I still haven’t received them. The orders have been showing “Out for Delivery” since 12th August, and I’m unable to cancel them. I have already paid for all the orders through PhonePe. I’ve been waiting for the last 4–5 days, but there has been no delivery. I tried contacting the delivery person, but the call gets redirected to Ekart. They ask me to enter my mobile number and PIN, and after I enter them, the call automatically gets disconnected."
5/22/2023,Play Store,5,Good quality product and also good service
5/21/2023,Play Store,5,very nice app we get quality of products
5/21/2023,Play Store,5,good app nice quality product
5/19/2023,App Store,1,"If you have to return a product that is not the right size or is faulty, you’re okay. 

But God forbid if you get the wrong product - you’ve lost your money. 

I ordered green circular hoop earrings. I got gold earrings with a completely different design. The product was wrong. I went to customer support and clicked on “wrong product, initiate return.” After that, nothing went right. The pickup team picked up the product and matched it with their database. Since the earrings don’t match, the pickup failed. They’re now telling me that they’ll come again to pick up the right product. But here’s the thing, there is no right product. They already picked up the earrings. There is nothing to pick up. Customer support keeps telling me to wait for 48 hours and they told me to talk to the delivery agent because they don’t have the delivery agent’s number since it’s encrypted for them. They keep telling me “they understand my concern and they’re doing the best to solve the problem” but they’re just reading a script. The agents don’t even understand the problem. 

A classic wrong product issue cannot be solved my Myntra. How they managed to become the leading clothes online store, I’ll never know."
5/13/2023,Play Store,1,Myntra castomar care is very bad no one can connect with castomar care person they delivered different product & not returning Myntra delivery partner ar too rude they don't deliver my product perpously
5/13/2023,Play Store,4,quality of the product and services are very good. no fake reviews and quality of brand that they claim
5/13/2023,App Store,1,"I ordered nike shoes from myntra but i got delivered wrong shoes first of all secondly i got fake nike shoes. Myntra is a fraud app and you deliver fraud fake nike shoes .
Then i tried to return the shoes but my return was rejected as delivery guy said  it did not match the picture although i had selected the reason for return to be wrong product delivered.
Then i filed a complaint and my order was picked up after few days but on app it showed return rescheduled and today delivery guy called me asking me for the return parcel i said i jad already returned it yesterday.
Now I received a message from delivery site that my return was rejected because it did not match the picture.
Now my money is gone and the shoes are also gone and on the app it shows delivered and it’s asking to create return again.
Now i am fed up with myntra
You have worst customer service
You deliver fake products 
I am gonna go to consumer court and lodge a complaint regarding this issue
Because you are running this lewd business if delivering fake products to your customers at the price of real ones and do not allow to return this

I will put this review on app store google play store on instagram and tell everyone never to order anything from myntra ever again 🤬🤬🤬🤬🤬🤬🤬🤬🤬🤬🤬🤬🤬🤬🤬"
5/13/2023,App Store,1,Pathetic service from Myntra. I had ordered a product from Myntra and they delivered a wrong product to me then after that I asked for return but they very conveniently they said that I will have to self ship the product to them and I have been trying to speak to the customer executives but they constantly ask me to wait for 24-48 hours in which they just try to get rid of the customer so that when the customer calls them the next time it is actually another customer executive who will have to deal with the customer. I spoke to a customer executive named Juhi who constantly just apologised and did nothing else. I gave her 3-4 options but she constantly said no and also gave me the learnt replies which were of no help. I spoke to Juhi for over an hour but still she kept on asking to self ship the product. These people think that customers are free and have nothing better to do than go to a courier service and do the work that they are supposed to do. Miss Juhi also agreed with me that it was their fault which the customer has to pay for. This is how pathetic the customer executives are and how pathetic their services are.
5/12/2023,App Store,1,"I ordered a shirt and Cargo pant which Got delivered and the size wasn’t fit, So I opted to return the product, But they said they dont have pickup in my area. “IF YOU DON’T HAVE PICKUP WHY DO YOU DELIVER” I did self Shipping to mumbai west warehouse and my product was out for delivery with the order ID and Return ID written clearly on the package with the address and they refused my package on what basis I’m still not sure . After all this hustle I had to wait for few days to get connected to their customer service. And still no help from them all they said was “ Sorry For The Inconvenience” I don’t need your sorry I need a solution. And now they want me to re-ship the product to them. I feel its a complete waste of time and money doing it again, I’ll instead burn the product or give it to someone in need. I’m rightaway uninstalling the app and never ever shopping from your site and looking for an option to block your site from my browser if possible. Waste of money and time shopping from this website. Quality 0"
5/11/2023,Play Store,4,"good quality product, smooth app, but prices are high sometimes."
5/11/2023,App Store,2,"Nowadays receiving different products and also not able to return them because customer care is busy and unreachable most of the time. Myntra needs to improve their customer care. Also they need to check why different products are being delivered. Something is wrong at the level of delivery personnel maybe. Because myntra just rejects the return saying product was packed and dispatched in goods condition. I have shopped so many things on myntra because of this trust that I will never get any fake products but nowadays loosing tryin myntra. Myntra really needs to keep a check at all the levels through which product is going before it is being delivered to customer. Recently I ordered a shoe of sketchers brand worth Rs 5000, but received some local brand 500 Rs shoe. Never expected this and did not make any unpacking video for the same. Now struggling to return that fake product and get a refund"
5/10/2023,App Store,1,"Hello friends, I had bought sketches arch fit shoes from Myntra, which got pebbled due to walking, now I try to get it changed, then Myntra people approve my warranty and say that it will be your product return, but The delivery company says that we have not received the approval, this is going on with me for the last 17 days and this experience is a worst experience and I agree that Myntra, despite being such a good platform, gives such poor service to its customers. For this I would like to zero rating Myntra but it is necessary to rank it, because of that it is my compulsion to give it a rank and I am very sad for those who are not able to give solution and more so now when I am in mynta when i try to call connect my call is disconnected by them and no one is given to me any solution 😡😡😡😡😡😡😡😡😡👎👎👎👎👎👎👎👎👎👎👎👎👎👎👎👎👎👎they are thief bcz they don’t care of our customers"
5/8/2023,Play Store,1,from the last 1 month the service and product are getting worst in myntra.they send wrong size or damaged product and they hold the return pick up. they are showing nonsense. makeup products are always damaged I got. no return and exchange properly. don't buy from Myntra this is my suggestion. they send low quality cloths at heigh cost. always assured customer care but on ground they want rating but doesn't do in favour of customer. I was 10 years old customer but now I am going to uninstall
5/6/2023,Play Store,4,nice one. offer some additional cash discount for the people who deal in only in cash not in credit cards.
5/6/2023,Play Store,1,"High Price,And Bad Quality"
5/5/2023,Play Store,1,since the start of 2026 most of the orders are delivered late.. delivery agents are not picking up the call. The same thing happened on 07-08-2026. Complaint portal is not that helpful
5/4/2023,Play Store,1,delivery bad
5/3/2023,Play Store,3,dest outfit time consuming dilavary
5/3/2023,App Store,1,I ordered an item it has size issues I exchange that to another item I waited for a few days I didn’t receive the exchange item then I called to the help centre they said we will update you I waited again and didn’t receive any update again after two days I called to the help centre they said ok mam we will update the same thing. Again I wait then it takes a week that the product returned and exchange date time expired I called they said it’s expired we can’t do anything. They literally challenged me! I keep patient and trust but they just misuse my time and my trust. I explain my concerns and they never understand and keep repeating one sentence again and again. I’m literally sad for the Myntra app that challenges with people like this by the cheap policy and uneducated team
5/3/2023,App Store,5,"App interface is awesome. Very engaging. Product images and description, along with all necessary information provided are good too. They are prompt with delivery and return pickup, payment, refund and order updates as long as you don’t return too many items. The only problem is their policies. They keep some local, non-name branded stuff which mostly are of poor quality. Exactly stuff you might expect to be sold outside railway stations and on the pavements, but highly over priced. Try rating them poorly and they reject your review citing policy violation. Try returning and they start monitoring you as an unsafe customer and start charging you for orders"
5/2/2023,Play Store,5,My experience with Myntra was really good. The website is easy to use and offers a wide variety of products. The product I received was of good quality and matched the description.
5/2/2023,App Store,1,"It has happened with me wen we order products from Myntra the orders will not be delivered they will be cancelled from the delivery executives without conforming from the customer they will not even try to attempt the delivery ithey will directly update that the order delivery is been failed and they will waste your time better choose some other app because this thing has happened with me they didn’t even try to deliver they marked the delivery item has been cancelled due to technical issues I have already spoke with the Myntra customer support but they are also use less I donno wat there are for they can’t even raise a complaint against the delivery partner 
Because of the app I wasted lot of time please don’t install this app worst experience with Myntra"
4/30/2023,Play Store,5,"Perfect for everyday use — quality bhi achhi aur look bhi super cute. Myntra lovers, this one is definitely worth checking out! ✨"
4/30/2023,Play Store,1,"I had a very bad experience with their service. The mistake was the company’s with the tag, yet I was the one who had to face all the problems. Even after talking to customer service, there was no solution. They just kept saying 'it will be rescheduled' but the pickup was never rescheduled. And later, customer service didn’t even pick up the call. So I was forced to return the order. I am very disappointed with their order service and customer service. It was extremely frustrating for me."
4/30/2023,App Store,5,"I have been a customer of Myntra for almost a decade I guess now but the experience I had last week is the worst. Ordered a product of size 42 and received a product of XS size, raised a concern and the response I got was that they sent the right product. After multiple failed attempts was finally able to connect but the person who addressed my concern was hell bent on proving that the right product was sent from their end. Now someone please explain it to me how on earth did the wrong product ended up in my packet? I should rather sue this company for conning the customers now."
4/29/2023,Play Store,5,superb quality and delivery
4/29/2023,Play Store,5,"exect colour design and everything is the same as the picture which I shown, trustworthy shopping size"
4/29/2023,Play Store,5,I have been using myntra around 10 years and every time I found new and best collections ever.There is no issue on returning process . This is totally embarrassed me every time
4/29/2023,App Store,5,"How is moral bucket wash without rubbing is different from normal cold machine wash, in fact normal machine wash is harsher compare to simply soaking the cloth in bucket. Very illogical logic given by coustmer care. Your cloths these days are not good in dye. Do you want me to buy ten cloths and wash them at once in washing machine with trusting on you? I have done that as well in the past and it ruined all my cloths. Will not buy from Myntra that is for sure. 9 out of 10 purchases are of poor quality. I have been a very good coustmer of Myntra but not anymore. Won’t advise anyone else either. Your own brands are even more disappointing."
4/28/2023,Play Store,1,The customer service is too bad I wanted my delivery to be scheduled to a letter date but they won't even have a little time for a chat all of their agents are busy all the time just hire some more people
4/26/2023,Play Store,5,good quality
4/26/2023,Play Store,1,"Extremely disappointed with Myntra’s pathetic delivery service. My order was supposed to be delivered yesterday, but despite the delivery agent promising delivery by 7–8 PM, he failed to deliver and switched off his phone. Today, he again promised delivery by 4:30–5 PM and once again became unreachable. This is completely unacceptable. What is the point of ordering for an occasion when Myntra cannot deliver on time? Even escalation to supervisors is useless as they provide the same scripted info"
4/26/2023,Play Store,4,superb app because it provides quality product at home
4/25/2023,Play Store,5,quality good
4/25/2023,Play Store,1,very bad app don't insta it... first of all it is providing very late delivery something 10 days late...and it cancels my orders automatically...it's not even worth of 1 star...
4/25/2023,Reddit,1,"Dear Myntra Customer Service Team,

I am writing to express my disappointment and frustration regarding my recent order of Skechers Women Black FLEX APPLEA 4.0 Lightweight Sneakers in size 7. Unfortunately, I received the wrong size of shoes - size 10 - which are of no use to me.

In addition, the shoes were delivered without the MRP tag, which is highly unusual and questionable. I immediately contacted Myntra and requested for the order to be canceled and for the product to be picked up for return. One of your employees came to pick up the shoes, but unfortunately, he refused to take them back due to the missing MRP tag.

I am extremely disappointed with the service provided by Myntra. As a customer, I have the right to receive the product I ordered in the correct size and with all the necessary tags and labels. The fact that your employee refused to take the product back is unacceptable and adds to my frustration.

I demand immediate action from Myntra to rectify this situation. I request that you either send me the correct size of the shoes with the MRP tag, or provide a full refund for the product. I also demand an explanation for why your employee refused to pick up the product.

If Myntra fails to take appropriate action, I will have no choice but to seek the help of the consumer court to resolve this issue.

I look forward to hearing back from you and getting this issue resolved as soon as possible."
4/25/2023,App Store,1,"One terrible incident and it broke all my trust. I order few products from Myntra and due to size issue had to return 2 same products in different sizes. Delivery guy came and picked it up. No pickup confirmation was sent and Myntra kept on scheduling more pickups. I registered this complaint with their help centre and got no revert. After multiple follow up and calls they told me that they will update on this issue in 3 business days in the app. As soon i started checking the app for update it started crashing. Now I'm unable to track the progress of my complaint because the page shows error. I received message for new update in complaint but unable to check because of their stupid issue. And now i see that the issue has been marked automatically resolved. I think I'm not gonna get my money refunded ever. After being a loyal customer for so many years, i am no more willing to use it ever again. For others, please be careful, coz if anything happens Myntra won't be able to help you."
4/24/2023,App Store,1,I have ordered a suit from Myntra but I received only legging dupatta and kurta are missing.. I talked to the customer care shared all the images everything… every tune they said your returned is approved we will pick up the product and giving me dates every time.. but nobody came to pick up the product.. I have talked to customer care 10 times every day I m calling them but they are not resolving my issue.. I am feeling literally mentally harassed by these people.. again and again they are extended it.. worst service I have seen in my whole life…they scheduled pick up share the call agent number when I called him he said there is no pick up of my address.. I m seriously very very upset.. if anybody is here who can see this review try to solve the issue.. and what is this nickname process I m not able to post this review all nick name has been taken.. worst things..
4/23/2023,Play Store,5,"“Thank you, Myntra! आपने जो pants भेजे हैं, सभी बहुत अच्छे और perfect fit हैं. Great quality and excellent service!”"
4/23/2023,Play Store,5,myntra is better in terms of quality of the product.
4/23/2023,App Store,3,As a client from more Dan 10 yrs I want to comment dat m not at all satisfied with ur return policy.. 2 yrs back I filled a complaint regarding a product dat was send to me without price tag and when I filled d complaint dey said return can’t be placed as der’s no price tag and after dat a delivery boy collected dat particular item and still no return available is showing continuous on site .. so in d end I left empty handed with my money and earrings both gone ☹️n now at present I ordered a jumpsuit and when I want to return it it’s not available and exchange ..it’s not available too at my place .. ( I mean come on ..how come it’s not possible at my address) at least u have to tell dis thing when we r putting our address but I things it’s ur new strategy to loose more clients.. vry bad experience with mynta 🤘saga
4/23/2023,App Store,2,"It’s hard to believe that there is no proper mechanism or process followed to make sure that the products sold on here are upto the quality and standards promised. 
Not to mention, that while all these substandard products sold you are destroying the trust the customers have placed in your company even further by not providing the specific and proper tracking information or providing any support in terms of the quality of delivery made. I received an torn open package and when I tried to raise the issue, I got a message saying issue is with delivery which was not done by Myntra. 
To customer, Myntra is who they transacted with, not the courier service. It is the responsibility of Myntra to ensure these incidents do not happen. 
Truly disappointed in Myntra."
4/22/2023,Play Store,5,"Value for money, Good Quality, Quick Delivery, Excellent"
4/20/2023,Play Store,1,worst ever delivery service... no customer service......worst delivery partners
4/20/2023,Play Store,1,"Im not happy with Service of Myntra pickup Schedule get Cancelled by Ekart delivery partner 3 attempt getting cancelled by partner i given complaint on myntra app also then No any help from Myntra Support team, very Bad experience from myntra"
4/20/2023,App Store,5,"I’ve been using the Myntra app for over 2 years now and it has genuinely become my go-to fashion app. The interface is super smooth, clean, and incredibly easy to navigate — even my mom who isn’t very tech-savvy finds it simple to use.
What I love the most:
•  Huge collection of original brands and trendy styles. From casual wear to ethnic, sportswear to party dresses — everything is available.
•  The filters are actually useful! Size, color, brand, price, discount % — I can find exactly what I want in seconds.
•  Lightning-fast search and excellent recommendations. It really understands my taste now.
•  Great offers and bank discounts almost every week. I’ve saved so much money during their End of Reason Sale and Big Billion Days.
•  Super convenient COD + easy returns. Return pickup is hassle-free and refunds are quick.
•  Quality of images and product descriptions are top-notch. What you see is almost always what you get.
•  Wishlist and “Save for later” features are perfect for tracking favorite items.
Delivery is usually on time (often earlier than promised), and the packaging is neat. Customer support is responsive too.
If you love fashion and want a premium yet affordable shopping experience, just download the Myntra app. You won’t regret it! 💖
Highly recommended! 5/5 🔥"
4/19/2023,Play Store,5,love the way of delivery and very good products available
4/19/2023,App Store,1,I have ordered a suit from Myntra but I received only legging dupatta and kurta are missing.. I talked to the customer care shared all the images everything… every tune they said your returned is approved we will pick up the product and giving me dates every time.. but nobody came to pick up the product.. I have talked to customer care 10 times every day I m calling them but they are not resolving my issue.. I am feeling literally mentally harassed by these people.. again and again they are extended it.. worst service I have seen in my whole life…they scheduled pick up share the call agent number when I called him he said there is no pick up of my address.. I m seriously very very upset.. if anybody is here who can see this review try to solve the issue.. and what is this nickname process I m not able to post this review all nick name has been taken.. worst things..
4/18/2023,Play Store,5,the quality of the products of Myntra are super and genuine coupons are incredible and arrive on time
4/18/2023,App Store,1,"I am extremely disgusted with the service provided by Myntra.  I placed an order  on 3rd April '23, and till date, I have not received the item that I paid for. I have contacted the customer service team numerous times to inquire about the status of my order, but I have not received any satisfactory response. And in the end, they cancelled my order on 15th April '23. 

It is unacceptable that Myntra would take payment for an item and fail to deliver it to the customer. I will be sure to warn my friends and family about the poor service that I received from Myntra.

Overall, I would not recommend Myntra to anyone looking to make an online purchase. The lack of communication and failure to deliver goods is a clear indication of a company that does not value its customers. Save yourself the trouble and take your business elsewhere."
4/17/2023,Play Store,5,good product quality
4/16/2023,Play Store,4,it's good nd have good quality
4/15/2023,Play Store,5,myntra is selling Quality
4/14/2023,Play Store,1,I ordered a 2 tshirts total amount was 963 but the delivery guy took 1182 200 rupees extra myntra is also scam sad guys delivery guys doing strike for the 4 days to increase price per order mantra took more then 7 days to deliver and they put extra charge on us al scams I need cash back 200 hundred or else I keeo posting negative reviews on al my colleagues phone on myntra scam stars al are scam ajio is best
4/13/2023,Play Store,5,very good shopping app and quality soo good
4/12/2023,App Store,4,"I have been purchasing from Myntra from more than 6 years, right from my college days. I have had good and bad experiences but now that every thing is being updated from your end pertaining to quality, sale and offers, including glittery advertising and commercials why are you not able to keep it up standard wise? at least with regular customers? I order a product based on brand, reviews and, quality estimation by the pictures of a product. Yet many a times I was disappointed with 8/10 purchases just because either the product I ordered was clearly used by another customer and dry cleaned and sent to me by Myntra or the quality is extremely poor where it doesn’t stand up to the description provided in the app. Why Myntra? Is it because you are maintaining dupes of the same brand or replicas of all your products? Is that why some of them seem to be good while some are of poor quality ? Every-time I order something I am left dissatisfied these days with the quality or some part of the product would be missing. (Eg. dupatta in a chudidaar set)"
4/11/2023,Play Store,5,"Great app with a huge collection of fashion products, fast delivery, easy returns, and amazing offers. Shopping is smooth and convenient. Highly recommended!!!"
4/10/2023,Play Store,5,very convenient and easy return policy and Original products
4/9/2023,Play Store,1,"Myntra cancelled my order with reason of unforseen circumstances. Such opaque operations is not expected with such a big company. this has happened multiple times now and everytime there is good discounts offered at the app, this happens. The app deliberately try to lure the customers to make its discount season successful and then cancels the order once the season is over."
4/8/2023,Play Store,1,its app doesn't have a good customer service i didn't received my payment for the product which I have returned i tried to contact myntra policy service but they didn't reached out its literally very disappointing to keep someone payments on hold
4/7/2023,Play Store,5,very useful app good quality products delivered
4/7/2023,Play Store,5,Easy to use or on first order anyone have many benefits
4/7/2023,Play Store,1,very poor delivery
4/6/2023,Play Store,1,this app gives me pain only rather then support i order titan watch in silver color however i have received different company and myntra didn't take the returned and no refund received pathetic service by myntra no response yet not received my refund pathetic service
4/4/2023,Play Store,1,i have been a regular customer for myntra but lately they are selling fraud and damaged products and customer service is not good I ordered track pants of moda rapido brand but they sent me some foot path brands i was unable to exchange as i was out of station when i returned and opened the package i was shocked to see what they have sent me and return window has been closed
4/4/2023,Play Store,5,The discounts are very good.
4/3/2023,App Store,5,"I’ve been using the Myntra app for over 10 years, and it has remained my go-to platform for fashion and lifestyle shopping. The app is easy to use, offers a great selection of brands, and consistently provides attractive deals and discounts. Over the years, I’ve found the product quality to be reliable, and the delivery and return processes have always been smooth and convenient.

What I appreciate most is how Myntra keeps improving the shopping experience with personalized recommendations and a user-friendly interface. It’s a platform I trust and recommend to anyone looking for a hassle-free and enjoyable online shopping experience."
4/2/2023,Play Store,5,quality of product is very good
4/1/2023,Play Store,5,quality number 1
3/31/2023,App Store,1,"For the very first time this has happened with me in deliveries that the guy who came to deliver my order firstly canceled the delivery as I could pickup the phone which was quite understood I scheduled it for another day and in a bright morning at 9am he came and denied giving me the parcel as he didn’t have the change to return for just ₹500, i did made possible efforts to get it from the shop but could not arrange it I asked him to return me the change via any upi payment but he denied that won’t be possible and started denying me for the parcel as well.
I don’t understand this concept that is it our fault if their agents are not carrying changes to return and if they don’t have the change from where the audacity is coming that they are even denying us to give the parcel.
Hope Myntra will understand as it has a become a kinda regular practice this days with their product deliveries."
3/29/2023,App Store,3,"Over the past years I had full trust on every item I bought on Myntra. Whether the price of the product is ₹100 or ₹1000, I never cared taking a video while unboxing the products. 

But this month, I am very unsatisfied with the logistics myntra is providing. It happened twice, first I received a wrong product and even after sharing the images, my return was not accepted. I didn’t take a video because earlier it rarely happened that myntra will deliver a wrong product. But this problem is increasing day by day. And my second experience, where I returned a product, delivery agent took the product as well but my return was rejected later. The delivery agent said he had everything correct in his end and return is accepted but in myntra app it was shown as not accepted. So I lost both, the product and the money.

So in all, as the company is growing, the logistics is getting poorer day by day. I am very unsatisfied with the current services."
3/1/2023,App Store,1,I am a regular customer of myntra since a very long time. However my account has been aded to some list where they always add 200 rs convenience fee to my every purchase because if which i have stopped shopping from myntra or place order from my relatives account. It states that my return rate is high however thts because of ur dissatisfactory customer care service because of which i had to return some items literally 5-6 times as everytime the problem was from ur side sending wrong size . Half of the items were ordered for a frnd on whose account cod was made unavailable. And basically it was in ur advertising days where myntra claimed that return or exchange n no questions will be asked so now what is this crap policy. If the product doesnt fit me or u r not providing transparent details of how it looks in real why would i even keep any cheap quality stuff?? I will definately return or exchange that. I want my orders to not charge any convenience fee. If this doesnt get fixed il completely stop ordering from myntra.
2/4/2023,Reddit,1,"Recently, I bought men Nike court vision from Myntraa and I ordered UK8 size. But Myntraa gave me UK7. So, I didn’t even wear it. I mean I couldn’t. As the size couldn’t fit, so I have two options now, to return or to exchange the order. As these are Nike sneakers, they sell out quickly so while exchanging I didn’t find my size so I have not any other option but to return it. And when I was trying to return it, Myntraa said “ shoes failed the quality check- dirty shoes”. And I was like “ bro I didn’t even try it on, the way you gave me the shoes. I returned you the same way.” And now Myntraa says shoes will be shipped to you in 48 working hours”. But I didn’t receive anything been more than 72 hours (3 days). After contacting Myntraa customer care for 7 days through voice call and messages. Then after 8 successful days of regression and guilt I got my shoes back with the box which was in the very bad shape. But thankfully Shoes were alright. And then I tried it again to make a return request there was no option for return now. So I tried contacting customer care to re-investigate the issue. Because bro I didn’t even wear the shoes how can they make false claim and to prove them I attached pictures from every perspective. They Didn’t believe me and rejected my return request.
And now, I am stuck with one size smaller than my usual size, which doesn’t fit me at all because of their own mistake. It was nice wasting 4K rupees :) I don’t think I’m ever gonna shop from them again but who cares. Peace out myntra, it was nice knowing you."
1/23/2023,App Store,1,"I keep shopping from Myntra every week and there are day every single day I order this time I had placed and order for 3 sweater and they did not fit me also the quality was poor and one of the sweater has stain in it hence I requested for return however Myntra did not accept my return even when the return is initiated the same day the product is delivered immediately after I opened and saw I realised it was small in size for me and transparent too, but Myntra is not at all accepting rerun request it’s sad to see that they make customer suffer now those sweater are of no use for me and when I tried writing feedback on the app they did not approve it.
What is the point of buying online if there is no rerun request is accepted even when the product is within rerun policy I don’t think so we should trust Myntra anymore company grows become big and let customer suffer even the customer support executive are just marking my request as resolved without resolving it without having any conversation.
Very sad customer service..POOR MYNTRA"
1/16/2023,App Store,1,"Severely disappointed with Myntra. I have been buying from here since so long and easy returns they say, it is the worst. I bought a Roadster faux jacket on 7 jan I suppose and didnt quiet liked it plus the pocket was a bit torn. I tried returning the jacket and the pick up agent accepted my return request after checking the tags. Once it reached the main center I got a mail that it was rejected. I contacted support being an icon member and they said they’ll investigate and let me know. Next day, I asked the same pick up partner why was my return rejected you saw the tags and they were intact… right? He said yes they were intact and they will give you the refund back. In the end they rejected the request and said that they will reship the jacket to me. After this I contacted the support again and they said they are looking. Since then I have reached out to support 3 more times and they said wait till 16 jan. We will resolved your issue and still there  is  no resolved and the myntra app states as resolved. The jacket was in 3000s range and my money and product both are stuck with mo updates. Worst app, never buying from you again."
1/15/2023,App Store,5,Myntra added me to the icon tier as I shop a lot from this app. I usually enjoy shopping from this app but recently I ordered a product and due to fit issues I returned it which was cancelled by Myntra in quality check and they re shipped the product. Instead of delivering me the same product I returned they’ve sent me a different product and now the customer support says that they have shipped the same and they won’t help out with it more of it now they hanged my call which was really rude and I won’t shop ever again on Myntra if they don’t even take responsibility of the products being ordered. I don’t wanna waste my money again on this.
12/28/2022,App Store,2,"I have been shopping from Myntra since 8 years but the service of Myntra has deteriorated since last 1 year. In my last 5-6 orders they make mistakes, some orders don't have price tag, some orders don't have bill, sometimes there is problem in return pickup due to which problem in refund. In my last order return pickup is done but myntra profile shows out for delivery which means myntra profile is not updated and due to this my refund is not given to me. I have been calling customer support since 3 days but still no update. I am annoyed with Myntra service since 1 year. In 2 orders, they did not even return or exchange the defective product and I felt cheated. I have wasted money on my 2-3 orders due to Myntra's bad service. So Myntra needs to improve its service."
12/21/2022,App Store,1,"Myntra cheating people saying hassle free return, currently they are running a business model in which you get product hassle free but when you try to return they will full of hassle full return. Worst, pathetic, disgusting, painfull every word will seems less if you want to return any product from Myntra. Please do not believe in return model of Myntra it's pathetic now a days since past 4 months. I am cancelling my ordered products just to fear of return policy from Myntra. Really shamefull!!!
I ordered a product but I got different product from same company and I want to return that product but since from 7 days they are making us fool by saying we will look into the issue and now they are giving a date of reply which is beyond my return period. From past few months myntra is pathetic man really pathetic. I already shared the details of product and even picture of product with tag intact and barcode too. Too return a product if this is the behaviour why will I buy from you guys then. I literally cancelled few orders in fear of thinking what will happen if I got wrong or damaged product."
12/18/2022,App Store,1,I had ordered for black saree which I didn’t liked so I wanted to return it and since the day I have put it on return these people are troubling me once a delivery man came for picking up the return parcel and then checked the product which was all fine and was given by me the same way I received it still he put my return parcel on hold and mentioned the reason that it’s damage product and then for next 14 days this good for nothing customer care team kept me waiting by giving me useless date for the rescheduled return but still no one came to pick it up and then on 15 day when I mailed them my concern for again rescheduling my return the said that delivery boy will come for pickup but he never came and gave a false reason for damage product again which even coming and checking in the reason section and now it’s 19 days no one is responding to me nor is concerned regarding the return I truly believe that I should now stop shopping from Myntra and also will make sure all my friends will also uninstall the app then only this people from customer care will understand the value of their valuable customers
12/14/2022,App Store,1,"I have been Myntra’s elite customer since it’s inception. Recently I bought a NB shoes of white colour. On opening the box I found that it’s a black colour instead of white. Immediately I initiated return by mentioning wrong product delivered. Myntra pickup person didn’t picked up the return stating it can’t be done as colour is different and also he played that he is unable to understand my language . He didn’t even bothered to open the box and check the product and straight away rejected the pickup.
 Later I complained this to customer care. They promised that the item will be picked up but later I got a message from Myntra rejecting my return stating that they have done thorough investigation with their back end team and there is no possibility of delivering a wrong colour product. 
I was shocked that they even didn’t reached out to me to get pictures of the shoes or discuss about the return. 
This is completely ridiculous from Myntra and team to not accept a product that was delivered with a wrong colour. 
I will not recommend Myntra henceforth to anyone. This is a fraudulent company for sure with extremely pathetic customer support."
12/9/2022,App Store,5,"I have been purchasing from myntra from 2019. Now I am facing really bad experience, products are used and no tags it, and it has strains on them . For DGK fashion , flourid products , I faced very bad experience. Even though their Quality Check failed at the time of packaging n shipping it  will taken into your account and will add to your returns count.
I complained to customer care regarding strains they did not ask if I need to exchange or return and simply add returns req automatically, I again asked for exchange so they asked to cancel return and go for exchange, but pickup agent did not take it is not having tags. 
I bought it for my kids birthday but the purpose did meet. This is because of myntra is not doing its job properly, I paid convenience fee , now what myntra says in their help desk is not at all in favor to customer. Very disappointing.

Second issue in a row, 
Roadster pullover size chart for M - shoulder measurement is 17.3 inches but I received 17.3+2 or > 17.3, mistake is on their side but again it will be added to your account. 

Don’t trust Myntra!!!!"
12/8/2022,App Store,4,"When it comes to stuff related to fashion and personal care this app would be my first choice. BUT I am surprised that there is one prominent bug which is probably not yet detected by there QA team which I hope the team will tackle. Everything else is just fine especially the way filtering system works.
Bug:- go to shoes section or any other section and then click on filter, then choose any sub  category let’s say in case of shoes I choose “size” then scroll down on different sizes shown in the list towards right hand side. Notice that last option is unclikable. It happens in all big lists which are exceeding screen space. I noticed this on iPhone 11, 12 and 13 don’t know about pro max."
12/8/2022,App Store,5,Shopping from MYNTRA from last many years . this is not sponsored review I am very very happy from the purchase of clothes clothes from application of Myntra… I will always God best quality and physically same clothes that are shown in pictures sometimes look of clothes is much more better then pictures hundred percent trust with this application One more thing I am not been paid bye application for the review check my identity anywhere I am as normal as customer simply purchasing clothes for convenience from online it’s just that I love this app I have purchased clothes from many apps never found the best quality as they are giving…
12/7/2022,App Store,1,"I have had bad experiences in resolution of a problem. I was lied to and was made to keep hanging. Finally I was told that the product I wanted got lost in transit. 

I had ordered a product and I kept getting messages that it could not be delivered because I wasn’t available. No one ever came to deliver and yet I got this message. Additionally, I would get a call from Myntra and I would pick it up and it would immediately be cut purposely. No one would pick up if a called back. When I put up the complaint it was not resolved and everyone in the Myntra team except a few were of least help. 

Finally I re ordered the product as it was cancelled. The same ordeal happened again. Really really disgraceful. I was told
Finally that the product was lost. So asked if that was the only product available. They said no. So I said then deliver the same one. However to my shock it was cancelled again and the same thing of phone calls being cut and lies about failed delivery would come. 

Then I changed the address and placed the order for the same product to my office address and it came. 

I think it was the issue of the delivery agent and no action whatsoever was taken. Really shameful attitude. I have placed an order once last time and if I gave the same problem I will delete the app and you would
Lose a costumer."
11/28/2022,Reddit,1,"Hello Sir/Mam Few days before I ordered three items which is two same sweaters but in different size one is in a small size and the other one is in medium size and one jeans , then I put returning request for sweater which is in medium size and for the jeans , so the next day a pickup man came and picked up the sweater (medium size) but till late night he did not update about the pick up details so I thought he would do this thing next day, I am a teacher and working in schools have school. I’m not able to use my phone or check my phone so when I was in school a different man came to my house from E cart, and he asked my mother to give the the sweater , and just because my mother did not have any idea about it. By mistake, she gave the sweater which was in small size, jiska mne return request nhi dala but I got the refund of Medium size sweater, I went to Ekart office for days and they showed me that the details of small size sweater is also matching because of same series number because they were of same brand. so they cannot do anything , they ikada told me that that man must be from another company, but I couldn’t find him . He En Myntra app in my profile it is showing that we have initiated the refund of your jeans but how it is the possible because jeans is still with me. I have complained about this incident to Myntra company two times on phone kor. They tried to soLVE but what they did they mADE a return request by them self of small size sweater, Jis se Mujhe Uska refund mil Jaye but company key Taraf se request Dal dene ke Baad mere Ghar Pe Phir se pick up Karne ke Liye Pickup boys Aa Rahe hai for small size sweater but from where I can give them that is already picked up by mistake . I have complained about it two times to company now I am really fed up with this. Please solve this matter in two days or I have to file a FIR against Myntra and niether I get the product nor refund"
11/11/2022,App Store,1,"Seriously, This was my first 2 order that I have placed from your app which was available in heavy discount so I thought why not to try it with Myntra for first time. And what did you guys gave me in return, cancelled my order and didn’t even notify my. If the product wasn’t available then you guys shouldn’t have shown it available at that time on your application. 
All I want is to get my Souled store jacket delivered, why the hell you guys confirmed my order at that time when it wasn’t available. 
This is not how you guys treat your customer and what did you guys do compensating with ₹100 in my Myntra wallet. It is of no use to me, just get me delivered my order. There was miscommunication with you and your supplier, why would I be the one to compensate for it. The same product is available at their website at ₹2299 each and I ordered them from Myntra at ₹794 and ₹705. 

Worthless customer service and application of course."
10/19/2022,App Store,1,"Shame , shame shame on brand like myntra Even after multiple complaint no action taken as client i am only struggling nor received refund nor product was delivered - myntra sends drunked delivery boy to my place who misbehaved and delivering open product on asking said toh kya hua khali dekha he toh hey I have declined at time of delivery to accept open packet on mu face he market that parcel as delivered n said jo banta he karlo and took packet also back with him??? After that 3 mire order is with same delivery boy daily i get sms out for deliver i kept calling myntra boy n customer care they are not responding n on top of that daily evening i get sms failed delivery attempted Shame shame shame on myntra Lets drive this and bring in the media also so that they stop taking their customer for ride as in dat my 4 orders are lying as it us not rcd product nor money every day i get next date and their ceo nandita sinha - doesnt bother to reply even after sending her msg — wow???"
9/29/2022,App Store,1,"Myntra has become worse over the years. Their delivery partners are the main reason for it. They never come to pick the product and update wrong information in the app. As a result, your product is never taken back. When we call the customer support, they give false hope that the problem will be resolved within some number of days but it never gets resolved. We get an update “Sorry we cannot help you because the delivery partner said so and so”.
Useless useless app. Why don’t you ask for pics from delivery partner when they add comments?
Also, why don’t you send the product along with all the intact tags (mrp tag)? Because of this carelessness from your side, your delivery partner rejected the product saying it is used?? (Seriously? We requested the return on the same day on which we got the product..Also, your own partner says that it looks used then just imagine the quality of clothes you are sending now)

I hate this app now. This has happened with me 2-3 times now."
9/22/2022,App Store,1,"I used to shop a lot on Myntra as i am the Elite member of Myntra and only a few steps to Icon. But they don’t trust their customer. I returned something and somebody came to pickup the item and he didn’t update that on the system. So the company is saying nobody came gor pickup. So i am lying according to them. After being a loyal customer. I provided them all the information the guy’s name and phone number even the screenshot of his entry exit from my society. But NO HELP. They literally harassed me mentally for 05 days and wasted my time. They didn’t even try to contact the guy. 
I AM STOP USING THIS FRAUD APP AND I AM SUGGESTING EVERYONE TO STOP USE THIS FRAUD PATHETIC USELESS APP. Who doesn’t trust their customers and can’t help them. I showed a lot of patience regarding this but no use. They only care about their profit. They doesn’t care about your money. Such a waste. There are a lot of better apps. I don’t need you anymore FRAUDS. I will post the conversations and everything on social media to show people who they really are."
9/14/2022,Reddit,1,"I have been purchasing from Myntra since 2014 and have always loved it ! But their customer service is pathetic, never have I been so frustrated!!! I had ordered a set of hair dryer and straightener, order was placed hair dryer was confirmed and delivered within 2 days but the straightener was stuck on ‘order placed’ , I tried chatting with them asking why wasn’t it was confirmed while the dryer already got delivered. 1st Agent didn’t understand my query and somehow we got disconnected and got connected to 2nd agent by the name Anjali I asked the same question, she stated she raised a complaint for the same and that it will be delivered within 3-5 working days and literally disconnected the chat on my face . After 5 days the status was same so I contacted them again and this time they canceled the order(without my consent ). Well, Why sell in sets when you can’t deliver the products?? Gave them benefit of doubt and placed an order for 2 shirts, I wanted to return 1 , the guy who was supposed to come pick up the product came after 7:30pm and of course I wasn’t there because ‘I have a life and I’m working’ . The number provided for returning the product never worked . So I contacted Myntra again why because I purchased the product from you!! This time the agent said we cannot do anything from our end when I requested to get the pick up done before 5pm. Wow!!! As a customer I would have appreciated even if he would have said ‘we will try’ . I think you need to train your customer service agents better. You have amazing products but the experiences I had with your customer service executives have been painful and annoying."
9/12/2022,Reddit,1,"I have ordered 15 to 20 items, but  my account is deactivated now, i don’t know why Myntra deactivated my account. I am receiving my parcels,  but few items doesn’t match the actual image shown, and some are of ill fit. Now, how to exchange and return them. Mere itne piase lag gaye😞☹️😑😭😭
Why my account is deactivated.  
Reason bhi nahi bata rahe. Kuch short me bhej h, uska explanation puchne k liye call kiya toh bhi bs ye kaha mail ko padh lijiye.

Photo me dikhaya waise saman bhejte nahi h, bar bar return dalna padta h, or hume hi deactivate kr diya jata h…
Mere to itne piase barbad ho gaye ab
This is so wrong. 
I will never do shopping from Myntra again and will never suggest to others also.
I am highly disappointed.
Maine 22 thousand se jayada ki shopping ki thi. Or usme the kam se kam 7 8 hajar k kapde toh photos me dikhaye gaye jaise h hi nahi, material acha nahi h, colour faded h, koi toh ekdum hi different h photos se, show kuch or hi kiya hua h or send kuch or kiya gaya h.
Mere sath toh galat ho gaya. Mere toh itne rupay barbad ho gaye. 
Myntra was my favourite online shopping site. I used to shop alot from here.
Ab un faded colours k kapde, kuch cheap quality k kapde or kuch toh ekdum hi alag kapde mile h unka kya karu m, mere paise barbad ho gaye. 

I am highly disappointed from Myntra.

1 star because bina stars k review send nahi ho raha. Warna toh 0 star dungi m."
9/5/2022,App Store,1,We all got used to Myntra because of the luxury of having the liberty to try out dresses and clothes in the comfort of your own home. Myntra with its free free shipping and return policy offered us home shoppers the benefit of trying multiple clothes and making a purchase without seeing the quality of the clothes that are being purchased. But now with the convenience fees it just goes to show that myntra has become a money minded app. All other apps give us free shipping but not myntra any more. It's better that you go to the shop physically and Shop rather than ordering from myntra. No matter what does sellar writes about the fabric you still have to see it to understand the quality of that fabric. Myntra has now failed to recognise this convenience that it offered its customers. It not only charge is your convenience fees but also deduct money from your returns in its wallet. It's sad to see a decline of a company and its selling point. It's better to just go to the shop and buy now!
8/27/2022,App Store,1,"Myntra return policies make it the worst shopping app with the worst customer support. I got low quality damaged Guess watch from Myntra and they are not returning it back even after multiple complaints and requests. Even I am customer since 2017 and ordered more than 70 products from here. There is no loyalty towards their customers. Their customers relation support is worse and doesn't have any empathy toward customer`s problems. No doubt that's why they are a loss-making venture. 

Won't recommend anybody to shop from them. To hell with the service, I am trying to call myntra since last month but no respond I buy product from them now they told me to contact supplier what non sense is this. That watch cost me around 12k and has size issue and now they are not taking it back. What I do with this useless thing. No return policy what rubbish."
6/22/2022,App Store,1,"So what happened is, since I was an elite member to Myntra I had early access to this sale so I ordered lots of items within 1st hour of sale but after few days the entire order with more than 4 items got cancelled and the reason being given is the seller doesn’t have the quantity. They are doing fraud to lure customers by putting false information on the app about the items and block the amount for more than a week to refund. For the same when I asked customer care to book all the items with the same amount which I have ordered during sale or I will order the same items and whatever difference amount is just pay me in the form of myntra credits but they denied straight forward. But one good thing about them is that when I asked them to delete my account they simply took it and lost a valuable customer."
6/20/2022,App Store,1,"I’ve been a loyal customer for many years.. i have ordered many products since past 2 weeks.. the orders are not getting delivered, the delivery guys are rude. The customer service is also pathetic nobody was able to help me. 1st agent kept me on mute for 5 minutes and disconnected the call, 2nd agent didn’t understand my query and transferred the call to supervisor immediately and made me wait for another 10 minutes. The delivery guy stays 5 mins away from me and says that he won’t be delivering after 6pm! Is this how it is dealt? After the complaint too nothing is done some has taken my exchanged product and now I’m not getting my order for the exchanged product! It leaves me no where now…my money for both the shirts have gone as Myntra said it won’t be refunded or compensate for the time I wasted in investing for Myntra ! Not a good place to shop. No empathy no sympathy"
6/17/2022,App Store,5,"The fact that it is so versatile with all kinds of brands, and such a wide range of products, and best part is their customer service and advanced app settings. It has the best return/exchange policy ever. The customer care is always available on time to listen to your queries. You’ll get offers and discounts throughout the year, name a brand and you’ll have it on myntra. And the myntra studio is the best thing ever, you can actually see what the product looks like on all shapes and sizes of different people wearing the garment. It will also help you assemble an outfit, all the products being tagged and even similar ones."
5/25/2022,App Store,1,"I have been using Myntra from 2-3 years. 
Their service quality has deteriorated over time. I order a product from Myntra which was delivered on 12th April. I had fitting issues in the product so i filed a return request on 13th April. Since then I have filed a return request at least 12 times and made more than 10 calls to their customer service team. Spoke to their escalation team as well. Their return request gets canceled from their courier partner and the request gets closed. In 45 days they have not been able to find the reason for this. They have still not picked up the product. They just keep giving me dates everytime i call them. I am not going to order anything from Myntra from now on as it is a sheer torture in case you have fit issues and want to return the product. Myntra is not what it used to be. Highly disappointed."
5/19/2022,Reddit,1,"I had ordered a pair of Nike sneakers from Myntra few days ago and the sneakers delivered by Myntra were used, old and had colour faded on several portions. To that I had requested an exchange, but they filed a return on their own. Secondly the return wasn’t something normal operation, they won’t carry out the same pickup process for return, what they asked was, that I needed to self ship the product to Myntra warehouses. So for the mistake that Myntra and their incompetent Quality assurance team had committed by sending a faulty product , I am the one who has to pay for it, Right !?                      Moreover, I want you Myntra guys to see this; Myntra said that the pickup return facility is not available in the area but guess what , I checked with the same delivery company which delivered the parcel to me and they accepted that the Myntra is still picking up their returns on daily basis. So isn’t it harassment or not ?                       My fault : I chose an Indian company to order products to promote and help Indian enterprises but their incompetence is next to none, their negligence is unparalleled and yet they quote “100% genuine products and easy returns”. This is no less than a hoax. I would request all you guys who are going to install this app to better go for some better e-commerce site rather than spending your time and money on this app.             I would also like to talk about the management of this company. Do you guys don’t even track your progress or quality inspection. I would suggest you guys to do regular inspections on all levels otherwise the company is going down pretty fast on standards and customer satisfaction.                   Twenty five hundred bucks is not something that would put dent in my pocket and I doubt it would make you significantly rich , but you guys have lost a customer and I would never recommend my family and friends to buy from Myntra."
5/17/2022,App Store,1,"I had ordered a Kurta set from the app which I was supposed to get by 8 May. On 6 May morning I got the message that a delivery agent would come on the day and I need to share OTP for receipt. Neither any delivery agent came nor did I get the package and by 6th May evening the package was marked as delivered by the app.
Since then I am following up with Customer Care, they took a week (their resolution time boasts of being 24 hrs) to respond telling me that their logistics dept has confirmed that they have delivered the package in “pristine state” and are not agreeing that the delivery has not happened at all. Within such operations mistakes can happen but a good business will accept their mistake and would at least refund the price paid. I have been a Myntra customer since they began in 2014, still they are not valuing my relationship with them and are ready to loose a customer for a genuine Mista on their part. This shows what kind of values they are having. Fashion delivery is cheap, Amazon(much much better customer service), retail giants as Westside, Pantaloons, AJIO there are many options available for me if I want to switch. Myntra learn to value your customers, despite your merger you are still not profitable and your CAC is still high; I wonder if customer retention is of such low priority for you"
5/10/2022,App Store,4,"Sorry to say myntra but i ordered adidas originals from your site and at the time of delivery i refused to take them because of your ill mannered delivery boy. He couldn’t even wait for a minute to let me just check the product whether it is in good condition or not. And was arguing as if I’m not gonna be paying for the product. Seriously, this was never ever expected. And not just that, onto this when i called up your agent through help centre he in between cut the call, i mean what the hell is your staff thinks of themselves. You don’t deserve the next time purchase. Very disappointed with your staff and their “WAY” of responding to the customers. Pity on you MYNTRA."
5/10/2022,App Store,2,"I ordered a black UA track pant (joggers) from Myntra costing me around ₹4700. After receiving the product i noticed the color was somewhat smoky black which looks like a faded one and also the item that displayed on the page had elastic cuffed bottom which the received product lacked. Within 10 mins i placed a return request and within another 15 mins the order got picked up. I stated my reason for return as “no longer needed” and after sometime i remembered that i needed to cite the reason of “different item received” but since i already gave the former reason i could not change the reason afterwards. After the pickup, in the evening hours they held the product on account of “wrong product received” and failed the quality check. Such a horrendous shopping experience. Too bad!!! Wont refer anyone to myntra.

Interestingly afterwards i wanted to review my experience but i tried to write that this was a horrendous experience but they now even held my review and didn’t approved it …

A big blow of ₹4700 !!!"
5/7/2022,App Store,1,"Have been a loyal Myntra app user and a frequent buyer since 8+ years now. Over the last few months, due to various fit issues and products quality issues I had cancelled and returned some orders, ‘cause that’s how I though ‘easy returns’ work. The app is charging convenience fee of Rs. 149/- extra for new orders now. This new policy suddenly came into light without providing any prior information on the same to the customers. Myntra has happily canceled my credits too as I couldn’t use them on time. 

I had reached out to the customer support to explain the entire case, but they simply say that it’s their company policy. Regret being a customer of Myntra. I have decided to place one final order to use the pending credits and uninstall this App once and for all. AJIO & TataCLiQ are way better in terms of customer support."
2/7/2022,App Store,1,"I ordered earphones on sale from this application. Worst decision ever made. I received empty package. After connecting to the customer service I was told to upload pictures. I uploaded the pictures and got no reply from the customer service. Then I connected with the customer service again and they said that a complaint will be registered and within 10-15 days I will get the update, I got no update. After 15 days I tried connecting with the customer service again and they said the complaint registered was wrong and that they will register a new complaint and to wait for next 15 days. Again I waited and still no response. It’s been months and no response to my complaints. I urge everyone to stop using these fraud shopping sites. They never return money and waste a lot of time. The customer service is pathetic who either doesn’t know how to lodge complaints or maybe doesn’t lodge complaints and just verbally say that they have lodged one."
1/4/2022,App Store,2,"I have had the horrible experience regarding returing a product , i was trying to return a footwear,so that i can get another pair with the correct size . But these delivery agents are wasting my time and your customer support is of no use . Atleast provide the number of the person who is picking up the product instead they just make it complicated.
Without even calling me they cancel my return request and waste my time on it . 
You guys are not even caring to call and see whether i am available instead you people just cancel the request as you feel.
If you guys are not interested to follow whatever you guys claim “ return policy” just make it dead clear rather than cancelling the request 
I regret ordering it from mynta ."
1/3/2022,App Store,1,"As i am using myntra app since a lot of times. Almost all my attire’s are from myntra only. No doubt product and services are also very good. But at my recent purchase i got a pullover which was unfit to me so i just raised a return request with in 10 minutes. The pickup person took it back as it is, as I received it but after that they raised an issue that price tag is missing there. Again i raised an issue that tag was there, then only your pickup team took it back from my end. But Myntra customer team which are very unsupportive didn’t even wants to listen the same they are only repeating the same thing that tag is missing there. What can i do in there if tag is missing there by your end. It is very disappointing service from myntra and after this I won’t buy anything from myntra."
12/19/2021,Reddit,1,"I ordered for a mangalsutra and as the beeds of mangalsutra was not proper I requested for a refund and pick-up of the product.. Pick up date was given as 22nd December but the next day in the app it was showing out for pick up , I was waiting the whole day for the agent to pick up the product but no one turned up and later in the evening the delivery agent has mentioned the false comment stating could not reach customer, I called up Myntra informing them about the situation but they asked me to wait till 23rd December, App again stated the next day that is on 18th December out for pick up, The door was open and the agent rang the bell 😂 for his technical issue he told me without OTP he cannot take my parcel and even said that my number is wrong , where in the morning received call from Myntra on the same number as I had scheduled call back .. Agent told I can’t wait , will come tomorrow and try informed him plz ring the door bell , He said I will .. 
Today 19th December 2021 app mentioned could not meet customer hence pick up failed but not even once the door bell rang and neither I had received any call from Myntra's agent .. Had to call back customer service but they are useless again told me to wait till 23rd plus the agent is not coming to pick up my product and making false comment.. 
IT was my first order and a very bad and worst experience with Myntra..God knows if the product will be picked or no or will I get my refund or no hence will never order from Myntra and please if you guys wanna save your time and money don’t order too .."
11/27/2021,App Store,5,"I am the customer who purchases everything from Myntra , whether home décor, jewelry, clothes , shoes, bags, etc etc. I purchase almost everything from Myntra and this is the only app is installed on my phone. However, I just have 1 option of payment available that is cash on delivery. Now, with this system rule which generates a limit to cod for a year, my limit gets exhausted at the beginning of the year. Now, when I try to place order, I can’t use Myntra. I feel this way, u will lose ur loyal customer who only has cod option and only purchases from Myntra. Now, I will have to move to some other app and then coming back to Myntra will be difficult for me. Bad experience 😞"
11/25/2021,App Store,1,"We purchased a product from Myntra in the 1st week of Oct and raised a return request as soon as we received it due to incorrect size. This was around Oct 7th. The return request got automatically cancelled multiple times and we had to call the customer service every time to reschedule it. Finally on Nov 3rd the item was picked up.
But until now we haven’t received our refund. When we contacted the customer service, the response was since they didn’t receive the product from the courier company who picked it up, they cannot issue the refund.
This is an internal issue of miscommunication and mismanagement between Myntra and the courier company. But still Myntra is not ready to accept this and refusing to refund us our amount. 
Even after almost two months, we are still fighting for the refund. I will never buy from Myntra again and will strongly discourage everyone else also from using Myntra.
Pathetic service."
11/24/2021,App Store,2,"Its been 15 days , but I haven’t received my refund amount and its the 3rd or 4th time i am complaining.. the response from myntra end is pathetic and extremely disappointing.. for return of the product also i had to complain thrice then it got picked.. this is a very filthy idea by myntra to hold on a customers refund amount for so long. Well myntra should know that customers have other options too to shop from and also site who dnt charge unnecessary taxes. Can I please know by when i will get my refund money? How early is it possible? As its already 15 days !!! If a customer delays then you people will not take the product back or anything but now when it’s happening from your end why should i be suffering??? Extremely bad service by myntra."
11/16/2021,App Store,5,"Never thought myntra dont care or want to retain there customer 
I am doing shopping from 9years 
For the first time i saw there is a policy of 7days return and exchange which was not known to me i order the dress and i was not knowing if dress do not fit me i have to exchange only in 7days i requested a call back from myntra and asked one of the executive to allow for exchange or return for only one time but they didnt allow Simply said sorry and told you should have see the policy 
Its okay some time if customer is mistaken atleast they should help one time and if the mistake is repeated again then should not allow 
Please try to help me out ."
11/15/2021,App Store,1,"I am really disappointed with Myntra. Most awful experience. They are making me suffer for their mistake. They picked up an extra item, during(return). Both the items were to be picked up the same day but apparently by different vendors. Since that day I have been suffering to either get a refund or atleast return me the product. But to no avail. I have called the customer care number of times. Everytime they close my request without any update with some automated reply. 
I have been a loyal customer and have used the app a lot, but I am very disappointed. And it not always about the money but no ethics, making the customer suffer for their mistake. 
 
I may never use the app again and in case of any conflict Myntra is always going to make the customer suffer which is very disappointing."
11/10/2021,App Store,1,"I am very disappointed with myntra. I ordered 4 products during sale time and received only 2 products. The day I received the 2 product, I checked with the delivery boy if there is only one package for me and he said yes. I opened the package and only two products were there. But in my app, it was showing all 4 items as delivered. I immediately called customer care and explained them the situation. They said they will take care of it. But days passed and my app showed that the resolution is done for my issue raised. But no resolution was provided to me. I called again and raised request again. This happened around 5 to 6 time. But everytime the result was same.  O resolution. I am very disappointed with this as I not only lost money and time in this entire process but also myntra lost my trust. I will never order from myntra again. Very very poor customer care support."
10/27/2021,App Store,1,"I had ordered a pair of white shoes. I found the size was bigger than expected, I had raised the exchange request for a different size within half an hour of delivery. And with this the hell broke. Delivery guy came in and rejected the exchange saying that there are stains on shoes. Price tag was intact, packing was intact, Sole was all clean, product was totally unused. And after that there is a marathon going on with myntra customer care with no resolution. They cant talk properly, they dont understand and resolve your issue, they will put your call on hold for minutes and then sleep and no responses. Issue is getting marked resolved automatically without and resolution.
Also team, what kind of quality check are you guys doing before dispatching the product, Your delivery team itself is rejecting the product on quality check while picking ip the return request. This is an epitome of funny and degrading standards of myntra"
10/23/2021,App Store,1,Plenty time raised a complaint regarding the wrong person shipping damages happened The transportation. Someone has opened it out and they have taken it they’ve used a transparent tape and packed it back again so tampered is happened of the package. Plenty time I have raised a complaint you people or not at all bothering what customer is facing the problem. But (you people need money). What the customer is feeling the problem it doesn’t required for you people. So (grabbing money is your main business). From the customers pocket you’re taking the money and do not agree to give it back. Funding the reason Quality product has been sent to you. And even the quality of the shirt what I received is not good someone used it. You people taken training to grab MONEY from the customers pocket
10/21/2021,App Store,1,"😡I ordered items from myntra and it is already 25days that I haven't received the orders. Multiple times they have rescheduled the delivery date and I am yet to receive the item (please note : All other online supply chain companies are able to deliver products for different states within 2-3 working days).

For another order I requested for return since I faced size issues, instead they just messaged me for return cancellation three time without any reason... It's been already 15days and they haven't picked up my order yet. 

I have raised multiple tickets to get my issues answered but all tickets were closed without resolution. Then I tried the call back option for my complaints but still no update on that. Ridiculous services. I will wait for 2 more days and if I don't get my issues resolved I'll sue in consumer forum and take further actions."
10/18/2021,App Store,1,"So I did a good amount of shopping during the Big Myntra sale. While I was browsing through the app, one fine day I was abruptly logged out from the app. And when I tried to login again it associated my number with another email id and showed the past orders of June/July. When I called customer service for 3 consecutive days I was told that it created altogether a new account and gave me a bunch of “solutions” as per them to resolve which even included uninstalling and reinstalling the app (for me which clearly didn’t make any sense) as the issue is related to multiple accounts and nothing to uninstall/reinstall app. on the 5th day I even tweeted about the same and got one courtesy call from the escalation desk manager which later asked me to wait for 48 hours to get the issue resolved. Today is the 10th day and the issue is still not resolved. I’m still not able to login or view my orders. I would really like to return everything I shopped for and ask for a complete refund. I did inform the customer service to return but they had some issues while even doing that. It is a horrible service I’ve seen in years. And most importantly I’m worried about the money if I’ll ever get it back."
10/13/2021,App Store,1,Pathetic customer service. I had raised the complaint regarding the product that it is showing delivered but I haven’t received this item. The pathetic resolution i got that they confirmed from the logistics team that the item has been delivered. I mean come on that is why i am reaching out to you guyz that jt was showing delivered but I haven’t received it. I called these guys 3-4 times and when asked for logistics team no or any proof of delivery so that said they don’t have it. When asked to schedule call from senior then they said they will schedule it but they never call. According to them customer is lying and logistics team is god. Now customer is losing from every where as I don’t have the product and the money has been deducted. They said that neither they can’t raised the replacement request nor refund the amount as LOGISTICS TEAM confirmed that item has been delivered. Hell service. Pathetic experience. I always been loyalist of Myntra. First time raised the complaint and this pathetic resolution i got. You guys need to improve your customer services. You are losing your customer 👎🏻
10/13/2021,App Store,1,"I have been a myntra customer since a long time now. So I ordered a nike shoes worth 10k Got it delivered fine but i always wear uk7 size this time its too tight for me so I exchanged them for uk8 still they were tight, I decided to return them. The next day pickup person came and refused to pick the shoes because there was minimal dust like miscroscopic dust on the sole which is fine i said i will clean it completely for you he said that i can clean it and then he can come back to pick it up which was completely misleading. Myntra rejected my claim on just a statement of the pickup person that the shoes were used which they were not. Already contacted customer service multiple times, every time they go ahead and open a case and give me a notification that the case is closed without contacting me or asking me for mu justification. Atleast they should give me a chance to prove myself. This is completely inhuman and i am not using myntra again."
10/9/2021,App Store,1,"I have been a frequent buyer with Myntra. First time ever I faced this issue while returning the product a agent will not come to pickup. I brought a product and even checked if return/exchange was available as I was not sure of the size. The product was large so I registered for return. Only while returning the product I came to know that I have to courier the product on my own, as my pin-code is not eligible for pick up (I stay in Mumbai’s most prime location). Had I known, that I have to take efforts to courier and then claim the courier amount and product amount from Myntra. I wouldn’t have bought it. If I had so much time to do all these things by myself I would rather go to the show room and buy it. It is important that customer should know if the agent will come to pick up or we have to courier when we place order. This is so ridiculous that now I have to waste so much time in returning the product."
8/25/2021,App Store,1,"It was really painful to place a simple order. Myntra team, if u are secretly hoping to not let any orders go through, excellent job !!

-first i couldnt login to my account, first u r asking for otp then password, when i went to reset password, the link email went into spam folder, i somehow found it, then it said account locked, and contact customer care. Called customer care, nobody was available (off hrs), no chatting option too. So logged in using another phone/ email

- reached payment option, It was confusing that in bracket it shows upi next to cash, when i clicked on next hoping to see some textbox for entering upi id, to my surprise order was placed with cash option. Then i realised u meant upi payment on order delivery. I wanted it to be prepaid, so i kept searching how can i make payment now. And ofcourse there is no such option.

- so had to cancel this order, and interestingly i had to click cancel on each item separately which is ok, but after cancellation if u click on that item again, it again gives u option to cancel again. Lack of testing i assume.

Finally i cancelled each item, added again in cart and this time placed order successfully because i had spent time learning their unique flow. 

My suggestion, please keep it simple like all other shopping apps."
8/21/2021,App Store,1,"A month back I wanted to return an item from my Myntra Elite account but in the app they were showing no return option. I checked in detail and found that they hacked my account by changing the number and used the insider points inorder to remove my return option. I faced a worst customer care experience there.
Again a month back ,the jeans I bought had self ship option to return. They received the product there but didn’t update the status as received. Also when I uploaded the bluedart courier bill they are pointing out silly reasons not to reimburse 250 rupees despite the 5000 rupees order I bought from them.
When I call them to resolve this they just put the call on hold and later cut the call or say that supervisor call is arranged  in an hour and nobody calls later."
8/14/2021,App Store,1,"I’m not able to cancel my refund request and that the customer service is very bad and that they are not not picking up my calls and they are not giving a call back the app has many glitches and there is no cancel options for refund request and that they can deliver the item from my location but can’t pick up the return product from the same location and that we have to self ship the product, Myntra is giving a really hard time and that they will say that they will get back to me within 24 to 48 hours but they are not going to I even send a mail but no response fro them they always say 24 to 48 hours everything but by that time the time we get to return the product will expire and that I have to keep the product which doesn’t fit me or the product I don’t like and it would be a wast of my money and I would like to suggest others not to use Myntra app for shopping worst app ever."
8/11/2021,Reddit,1,"First of all I appreciate the team for the quality and choice of products offered by them along with a time bound delivery. However I’ve had very poor customer service experiences on two occasions, though customer service being the backbone of the customer centric strategies, nowadays. I will brief one of them here; Recently I’ve ordered a formal white shirt of a reputed brand in our country and received it on time as usual. The packet have been uncovered on very next morning and surprised to see an entirely different product in it. But no worries, thinking about the ease in return procedures of some other major players in online platform, I’ve requested for a return pickup for delivery of a wrong product. Without any hassle, Myntra agreed a return pickup and offered on the same day. But the story twisted when the courier partner arrived at my apartment for return. He straight away declined the pickup pointing a difference in product and insisted for an approval from Myntra, whereas, I understood they already agreed for a return. I tried to convince them, that is what the reason marked in the app to return it and is accepted by the Company, but in vain. Subsequently I lodged a complaint in the application and contacted customer care for a redressal. I’ve not received any remedy from the former and the latter informed me to wait for 3/4 days. My concerns are: 1. Though I’ve requested a return owing to the delivery of a wrong product, which was not at all ordered by me, why did the team agree for a pickup and the courier partner insisted for an approval, which might be communicated to me in the beginning itself, instead of straight away accepting the return. 2. Even if the return requires an approval, nobody has conveyed the requirement prior to arranging the pickup. 3. Moreover, why do the team want 3-4 days to convey me a decision or to redress the concern. I wrote this just because this is a second similar experience I had in getting a wrong product delivered."
8/9/2021,App Store,3,"I think it’s a bit costly I purchase a kurta from house of pataudi on Myntra. I returned it back after three days i got my 1699 rupees in the form of Myntra credit. Then I tried to purchase another product with my Myntra credit. There was some problem it was not able to send otp . I tried to get otp continueously. But didn’t get it . Suddenly app stopped working then I just logged out and then logged in after that when checked my Myntra credit it was zero even the whole account became new like i have never ordered anything before or used it . When contact to customer service, he told me that it happens some times and he asked me to log out and then log in and I followed all the instructions and still I didn’t get my money back. I want it either in the form of Myntra credit or back in my bank account"
8/5/2021,App Store,1,I had ordered a highlander black striped trousers instead of sending trousers i had received a highlander shorts i agree its human tendency mistakes do happen even after placing a exchange request i tend to receive the highlander shorts once again instead of trousers poor customer service lack of communication delivery agents are also pathetic they reschedule the delivery by calling to customer stating the order is by mistake delivered to wrong area and they will deliver it tomorrow and they reschedule it stating customer asked for it however the delivery agent didn’t even came at my door step to deliver the exchange order of 4 august saying parcel got delivered to wrong address and customer service just raises a ticket but don’t do anything they keep saying sorry for inconvenience but worst service they give i dont have an option but i dont even want to give 1 star rating please dont fool customers
7/26/2021,App Store,1,"Hi, I’m really disappointed with Myntra because I have ordered 2 jackets and 2 T-shirt’s and when I received the package , It was clear that the package have something wrong product but the delivery guy told me that I have to take the product and if it is wrong product, It will be replaced by TEAM MYNTRA . That was my biggest mistake to believe in you guys. When I opened the package it was just having Kajal - “beauty product for eyes”. I placed the return request,  your delivery guy came and Kajal got returned but MY MONEY , it never came back, Never. This incident happened in November 2020. I’ve contacted your team for thousand times but you know they don’t care about you. I’m helpless , I have no place to contact your team that’s why I’m writing this review. These things don’t let Indian consumer to trust on e-commerce sites. I request you to please give my money back or else this will break my trust on e-commerce"
7/16/2021,App Store,1,"I have been using Myntra from many years & I have never come across any problems but since the pandemic Myntra has started false advertisement on their website. I once ordered a bag & got a raincoat then I had to reorder again as there was no option for exchange. Myntra agents told me they are not liable for if customers receive incorrect product. 
I also ordered 7 different apparels from myntra which was supposed to be delivered on 13jul21, I have sent them a message requesting to give an update but no response & when I call customer care number the IVR never gives you the option to connect with an  agent. I have requested call backs but no response from Myntra. 

I seriously feel devastated because of pathetic service provided by Myntra & made myself a promise never to this service again. Myntra corporate does not deserve any stars.."
7/12/2021,App Store,1,"Simply pathetic service. I had ordered a Seiko watch and the size was not right so I put in a return request. My watch was picked up and the blind uneducated pickup driver put the return on hold which made me wondering as I didn’t even take off the plastic film off the watch. Now comes the funniest part, when I called the chap and asked what was wrong as he had checked the watch thoroughly he said my dial said Seiko but the photo Myntra gave him was seik with a dot. That clown didn’t see that the dot was on the seconds hand and the seconds hand dot is covering O of Seiko. I tried calling the customer service up as it was a simply stupidity from the pickup guy as he acknowledged he didn’t check it properly and it was his fault. Then started the main problem as you simply can talk to Myntra customer care they call you back after an hour. I talked to at least 7 people from customer service and all 7 simply can’t solve. The reason was they had no contact with pickup guy. The problem would have been solved in a minute by calling the pickup guy but no one cares at Myntra. So think before you buy from Myntra as the customer service is beyond pathetic. Still waiting for my refund."
7/10/2021,App Store,1,"Recently during EROS I ordered a pair of beige shoes. Unfortunately those shoes were not true to their size and I had to place an exchange order to replace those shoes. I placed the order within few minutes soon after receiving the product. After few days when the delivery agent ( he was very rude) arrived with the exchange order. He checked the shoes which I returned, after making me wait for like ten minutes, he forcefully returned the shoes saying the product has been tampered and stained ( I guess his eyesight was weak and his accusation was baseless ). He put the exchange on hold for no valid reason (product was unused and brand tag was intact). Then I had to literally struggle for three hours or so to reach their customer care executives( they were disconnecting the call on purpose). Exchange and refund is a very painful and lengthy process in this shopping app. DISAPPOINTED."
7/6/2021,App Store,1,"1. Always getting logging out while using app( if you try to add items to bag) 2. Cant add address (asking to login again) 3. Asking to refresh while doing payments (chance for going money twice) 4. No use of any coupons (they will show you lot of offers and coupons. But no any use of these) 5. Delivery time ( i have ordered few items for giving as birthday gift, in that only one item delivered, even after 3 days of his birthday and two items status showing as ‘in transist’. When i cancelled myntra didnt refund me for one item of the three 6. No response from customer support side always 7. The great thing you cant contact a human being when you try to get a support or help from myntra 8. Peoples using from abroad strictly avoid myntra, as you cant make a call, make a mail , or contact them if you are out of india , you hav to ask help from your friends in india ( from my experience)"
7/2/2021,App Store,5,I have been using Myntra for years now .... and trust me i have stopped going to market to shop... i am a shopaholic and used to love to visit stores and wanted to feel the texture and get assured of the fit and want to be sure it looks good on be before i purchase but Myntra have totally changed me ... now i don't like the hustle bustle of the market i love to sit at the comfort of my home and shop and the best part is u can try and buy or u can exchange or even return if u are not 100% satisfied... i am happy that Myntra has been selling only genuine and original products . Thankiu to Myntra for such a customer friendly site and support.
6/28/2021,Reddit,1,"Hi Myntra,

I feel you as the world’s worst shopping app. Just for name sake you called me an ‘insider’ and in terms of providing the services you kept me as an oustsider. Guys (customers) don’t expect any return pick ups or exchange items once you order anything. Please be prepared to bear with faulty and unfit items. And customer care god knows about it…if you have serious points with you they will tell you stories like how we used say during our school days just to get rid of school.

They dumped me multiple waste orders which are of no use for me. Sadly no one addressed me. And none of my orders got picked up and that courier idiot will simply cancel your return order stating you are not available or reachable. 

Very very bad courier service and even if you reach to Myntra it is of no use they are more dumber than courier service. 

After multiple bad experiences I raised one incident with Myntra and you with what comments Myntra closed it? You will be shocked to hear that…”We are resolving the incident as we are unable to pickup your order” then what for your???? 

I called customer care twice simply they got rid of me…worstest shopping experience,I won’t recommend Myntra to anyone in terms of services. I got fed up with this guys….

Last but not the least now if Myntra sees this review they will ask us to write to them but strangely they will answer the same stating your return tenure is done and now you no longer will be able to return all corporate dramas 😡😡😡😡

Trust me guys…please don’t go with Myntra you will fed up with them for exchange and returns. You never can do it.

Singing off from Myntra,
Good bye!!

-Venkatesh"
6/25/2021,App Store,2,"Few days back I ordered one top from Myntra. That top didn’t fit me well and also I didn’t like the quality. So I issued a return request. The pickup guy came and rejected to pick it up as according to him the colour of the top wasn’t the same. It’s the most bizzare excuse I have ever heard. There’s still the tag attached to the top and I was given this bizzare excuse for the rejection. I couldn’t argue much with the pick up guy as he insisted that his amount will be deducted and I didn’t want him to suffer for Myntra’s bizzare policy. However, I called the customer care twice and I was assured that my issue will be resolved and another pick up attempt would be made on 23rd June. There was no such attempt. I am totally upset by their lack of responsibility and I am not going to buy any more items from Myntra. 
If you can’t resolve a problem of your customer, then it’s better you lose them."
6/12/2021,App Store,1,"I had order a croc 10 size shoe of white colour. The shoe had come only with the price tag. Upon receiving the product I got to know that the shoe is of a bigger size so I immediately put a return request as number eight size was not available in Myntra. But when the delivery guy came he said that you don’t have the pricetag and you have only the brand tag for which reason I can’t accept the product return, I raised a request with Myntra support as an open issue but they still rejected my issue saying that I don’t have the pricetag so I can’t return the product. The problem is that I didn’t receive the pricetag in the first place from the seller and I place my return request within 2 hours of receiving the product. How the hell I am gonna produce a price tag ??? This is pathetic service from Myntra and I am giving 0 starts and uninstalling the app right away."
5/4/2021,App Store,1,"This online site is just a fraud. I had ordered 2 tops  which had cost 1560 and they gave me only 1 top with the total price and its showing 2 tops  are delivered.  When the product(1top)was delivered i even told the delivery guy, i had ordered 2 tops, 2 tops are their right? The guy said i don’t know but the total price which is in the pack was 1560. I thought 2 products are also inside the pack but did not expect this from Myntra. Do you think customers are fool. Am not even getting any response about the missing top or refunding from Myntra. Please don’t use this app its just a fraud they will not even respond properly.I have used many online shopping sites but Myntra was the least response i have got for the issue. I would not recommend this app for online shopping or suggest it to my friends or anyone by this disgusting experience."
4/21/2021,App Store,1,"Bought a jumpsuit to gift someone, the fitting was not good enough so returned the product, which 3 days later was delivered back to me saying it is a “damaged item, hence cannot be returned “ . Talked to customer care about the issue, they said there is a piece of torn thread around the neckline, hence cannot be returned. On cross-checking, the product images shown on myntra also has the same thread lying outside the neckline which is clearly visible on zooming the image. Sent the screenshot as well as my product images to chat support, return request was declined again, and the messages from my end are not even visible there anymore, only the reply from Myntra is being displayed. And apparently, I’m a guy, so cannot even wear this jumpsuit, nor can i gift it to the friend I bought it for because of poor fitting. So just have to keep this jumpsuit unnecessarily because the app doesn’t want to refund my money.

HATS OFF TO MYNTRA FOR COMING UP WITH THIS STRATEGY TO FOOL PEOPLE 🙂"
2/14/2021,App Store,1,"Myntra was the best till 2020, they got a lot of collections for everyone. Even now they are giving enough choices but only in display. Since last few months 8 out of my 10 orders were getting delivered either size or color mismatch. Sellers are spoiling Myntra’s image but the blame has to be equally shared between Myntra and their sellers. For prepaid orders they are holding customer money for at least two weeks before making a refund (including one week for delivery, 1-2 days for return pick up, almost one week for refund). For a single order I had to wait more than three weeks in some cases. 
Once the product delivered is a color or size mismatch then we have to wait for return and place another order for the same, Myntra doesn’t provide an exchange which ultimately makes us wait for longer time. And the second order used to get delivered again with a wrong product. Completely irresponsible act been happening from these people and they are least bothered even after several complaints. 
I still believe Myntra got some good collections but they are not really focusing on customer satisfaction nowadays."
2/2/2021,App Store,5,"My gift card purchased on 2nd Sep 20 couldn’t be used until 7th Oct 20. After follow ups & frantically calling on the sale day, the team resolved the problem after so so long .
I had selected items during the sale period & had to just let the discount go after spending enormous time because the team couldn’t resolve the applying gift coupon problem 
I was asked to empty cookies, then delete app, then reinstall app, then hand type the gift card number & pin. Did all & no resolution. 
Never the less - better late than never. So I am thankful that my problem got resolved even if the timeline wasn’t the desired timeline."
1/26/2021,App Store,1,"Worst customer care service. Customer should have understanding that customer’s money is gone after placing the order with Myntra. In case product is not useful then customer shouldn’t expect any refund. Customer can raise a return request but myntra will ensure that order will never be picked up from customer and then no refund will be initiated. When customer calls customer care then they will say that customer should wait until the product is picked up and quality check has to complete to process refund. In this process, myntra is not doing order pickup itself; so that myntra can hold customer’s money permanently though product is not useful for customer. Customer keeps calling customer care team and they do say that customer has to wait for pickup to happen. It is like never ending process. 
So, stop doing shopping with myntra to keep your money safe."
1/24/2021,Reddit,1,"I had ordered a shoe for 9000 INR on Myntra In December ... the order was not accepted by the app but the amount got deducted . 

Had called the horrible customer care executive the same day and he was rude enough to say “ sorry sir as the order is not shown in the app  he can’t help me “ . 

By the way I paid with my credit card  EMI and the bank records clearly says  the amount is debited to Myntra . 

I had a verbal argument with him and threatened to go to the consumer court and that’s when he took it seriously and wasted another 45 minutes on the call only to say to wait another 48 hours ...  

This trend continued for another two times and finally on 29th after multiple complaints the amount was refunded and the next day on 30 th the money was again debited out . 

I again raised a complaint regarding this and the customer care guy was useless at providing the solution and kept closing the complaints before actually resolving it . 

I have repeatedly asked for a senior executive to call me and no one did . 

I actually called seven 7 times in total and the complaint was closed without a solution  . 

Finally after repeated threats to reach the consumer court a senior executive  spoke to me to tell me that the amount is deducted by the bank and I need to contact them for the same . 

I had to wait 45 days and several hours of phone calls with these ill informed call centre guys before finally getting a solution . 

I Will never again buy anything again nor will I recommend this app to anyone ."
1/8/2021,App Store,1,"I had ordered an ONLY dress from Myntra around the month of September. I had some size issue with the dress which was delivered to me , hence I applied for exchange . The next day the exchanged product which was delivered to me was not at the dress I had ordered , it was an altogether different ONLY top . Hence I immediately applied for return , which was collected the next day itself. So technically I should be able to get the refund in the next 1-4 business days , instead what I saw reflecting on the app is that my return has been rejected and the product has been out on hold because it failed a Quality Check owing to the fact that it’s a different product . I mean like what the hell !! I had returned the product on the same grounds and you are showing me the exact same reason and put my refund on hold ????? Since then , I have been in touch with atleast 6-7 Myntra customer service people and everyone had the same words of assurance that I will get my refund within the next 10 days . Well guess what? It’s been 3.5 months , a new year has started MR MYNTRA , and I have still not got my refund !!!"
12/28/2020,App Store,1,"I ordered a HRX jacket in the size XL for Rs. 1799 but the jacket which I received was completely different with a local brand named SPYDER  in the size XXL on December 24th 2020. From that day onwards I har been filing a complaint to the Myntra customer care that the product is completely different with the one I ordered and I need to raise a complaint for the same. The response which I got from the Customer support team was “While investigating further we came to know that the product dispatched from the warehouse was the same product what you ordered and the product you got was completely sealed and was delivered on the exact address.” 
I just want a justification are we an idiot who are placing orders. They are blaming the customers that it is our fault and we are doing these disgusting things with the products and asking for fake claims. Even after sharing the photos of the product they are still declining that they are the one who delivered a wrong product. I am really disappointed with their service and I am not at all interested in buying anything from Myntra from now onwards."
12/27/2020,App Store,1,"I had a good experience with Myntra before but now i think they have changed their management, who’s good for nothing. I ordered few items this month. They sent me wrong article on one delivery on another delivery they sent me a duplicate shirt. And the worst part is that they haven’t refunded my money yet for the blackberrys trouser which i have canceled on 9th of December 2020. I complained so many times to customer care staff but they are not taking it seriously. Instead they put me on hold 3 different times and never came back instead I received a message from their end that my problem has been resolved. I asked them 2 times that i want to speak to the manager, as you guys are not able to resolve my issue. They sed that manager will call on my no. within next 24 hours, but the call never came. I am totally frustrated, so now I have to go to consumer court against Myntra. 
They have ruined their all image."
12/18/2020,Reddit,1,"I have orderd a philips straightner on beginning of the month and the delivery was shown on 9th december. It got delayed now there is tracking shown at myntra side as well.
When contacted customer care team they are updating me we refused to take the parcel which was never happend. We havent even received the call from any person. One automated call we are receiving from GATI parcel service that address is incorrect.
I DONT UNDERSTAND THE POINT ADDRESS INCORRECT HERE!!! We are getting parcel from each commercial sites on daily basis on same address even from myntra i received package earlier of this month. How come suddenly one day address becomes invalid??!

When i tried to contact GATI parcel services also they are providing stupid excuses on daily basis that request has been initiated we are not even getting a contact number to check out where the product is. Now we asked them phone number in state that we will only go and collect the parcel.

Whats the point of ordering things on online if we are not even getting delivery.
I am not able to even cancel the product as well now.
 REALLY DISAPPOINTED WITH MYNTRA. This is the worst experience i have faced ever in my lifetime. We are paying money and ordering something and not even getting product on time moreover delayed for more than a week of delivery and when we are asking for details nobody is able to give a proper solution. 😡😠😔🙁"
12/14/2020,Reddit,1,"I am writing this message with huge disappointment and anger. 
Myntra should fire the team who has design the return policy and back and of the same. (FiRE THEM ASAP OR MYNTRA WILL BE IN HUGE LOSS).

I received a Defective product on the 5th of December. I made a return request on the same day, Next day the courier guy asked for the approval whether I received an approval from myntra or not? isn't it no brainer that the product has a defect and it has all the necessary tags so it should be picked with no questions. but NO! the pathetic and rediculous return policy suggest taking approval from myntra support. I made the support staff understand more than 4 times that it has all the tags and it's in the original packing condition. but it has a hole in the fabric. which is part of a defect. so, please approve the return and provide me with a refund or replacement as soon as possible. but it is already 4th attempt to the complain and 10days from the date. But not a single call received as a followup on my complain nor the product is picked up. 
I am a Myntra select customer, that all myntra insider plan is an utter fraud. not a single benefit I received from myntra being a select member. 
I used to promote mantra with friends and family but from last 2-3 experiences I cursing Myntra to the core. The Most Pathetic return experience I have faced in my 7year e-commerce shopping experience. Ridiculous Brand.
SHAME!!!"
12/11/2020,App Store,5,"I have been shopping with myntra for many years now and was pretty satisfied until I started receiving wrong products and incomplete packages, I reached out out to customer care help lines for several times, got several complaints registered through them but in the end its only the time waste i am doing by reaching out to the help line.
Always assured of being given help on my product exchange and pickup, nothing has been done in more than a month now.
One of my faulty product delivered is out of stock after a month and the other incomplete package is still in the complaint box... no action taken yet....
Its just the harassment from last one month or soo....
Need to improve and focus on customer satisfaction....."
12/10/2020,App Store,1,I ordered a shorts for myself the quality was very poor so I plan to return it back The pick a person was bad in his service he didn’t saw the tag and kept it at the security after lot lot of struggle I managed to send the shots back it came it shows in the app that the product is written however it was not written to me after a month of juggling I got the product back by saying that the quality has rejected when I receive the productIt was a poor quality product due to which I written the customer care is pathetic till September I was happy but for last two months I found the customer care support has declined the service I don’t want to use this app at all they need a return my money not the product is available with meTake me two months even after that the customer care unable to satisfy my cutie I am highly disappointed and request everyone please do not use this app please do not use their product prices are high and they give the discount to a very higher price
12/4/2020,App Store,1,I did not receive the product till date. The Myntra app showed delivered on the 8th of November 2020. I placed a Call Me Back request on 10th November and their executive told me to wait till 17th November. There was not a single update provided to me. I again placed a Call Me Back request on 19th November and I was told to wait till 27th November. The delivery person who delivered the same product came home and asked me for my id proof. I have not received the product till date (5 December) and I had paid for the product aldready. The Myntra executives and non co-operative and they keep on giving excuses to their company's faults. They are neither giving me the product nor REFUND. I have now been calling for my product for which I have aldready paid almost a month now. I now strictly want either my product or my refund. The team claims that they have mailed me the proof of delivery and I haven't received the mail and they refuse to mail it to me again. They refuse to tell me the name of the person whom the handed over the product. My patience is being tested way beyong limits. I want a serious action to be taken on this and I need the product or my refund ASAP.
12/2/2020,App Store,1,I ordered a kurta set for my wife and when we opened the package the top is missing and only palazzo was there. When contacted Myntra customer support for the same they declined the claim saying the QC passed and the full product was there while shipping. Moreover after i reopened the case asking for how the product got missed they are asking for unpacking video of the product. If you can ask customer about unpacking video then why cannot customers expect you to share the QC check video showing full product is shipped. If the full product is shipped then where is the product missing. Second time after escalating also I got the same reply after almost waiting for 2 weeks and multiple follow ups. The process needs to be changed where delivery person needs to show full products are there which will avoid these kind of issues. Finally not happy with the way Myntra handled the issue and it’s totally waste of time and money ordering in Myntra for almost 10 years. Finally I closed my account with Myntra as they are not efficient in handling the customer issues. Better to buy offline as your time and money will be saved and no need to wait for customer support team to resolve the issues in a pathetic manner.
11/26/2020,App Store,1,"I’ve been using Myntra since 5-6 years and have been pretty constant in online shopping at Myntra but now after 2 consecutive experiences i am very disappointed and am strongly considering on quitting Myntra , 1st instance of disappointment was when I returned my order because it was the wrong size and I clearly couldn’t even wear it, i issued a return and the product has been kept on hold since 21st October ‘20  because of USED ODOUR! When it was clearly not of my size, i issued a complaint and demanded for the return pf the package and still no return, Then the second time i was notified that 3 sweaters are delivered when i myself received the package and there were clearly ONLY TWO items, and the third product is happily sitting delivered in my app, My mistake for trusting Myntra like before and doing prepaid Payment and now facing this kind of poor ignorant service."
11/23/2020,App Store,1,"I orders mens Kurta from Myntra on 6th Nov was delivered fairly on given time, i got an issue with kurta size and fitting, so i requested for return on 17th nov and after a day i got message saying that QA check failed, and reason was wrinkles was present so they can’t return, i really want to know how can this be a QA check reason? cotton cloth if its under shipment than any cloth will have wrinkles and that’s how i got from myntra, but i didn’t bothered and i requested for genuine size issue return, i tired calling Myntra Customer service many times to understand how can wrinkles be a valid reason for rejecting, till date they just say we have filled your complaint and you will get a call back from our seniors and they have no answer for there QA process and on mail also they just mentioned QA failed with no proper explanation, i would completely accept if there is some genuine reason for not taking, 100% i will accept it, but this is fraud to customers for not taking products back which is as per there terms and conditions which they mentioning-on myntra website. absolutely un ethical business and diss loyalty with customers, till date 8+ calls with myntra customer care executives and mail trail but no any solution or explanation on this. i will make sure all people know about this experience so they don’t face it and will try go mention this wherever i can."
11/17/2020,Reddit,1,"I have been ordering many things from Myntra and I was satisfied with it until finally I wasn’t after two incidents which caused huge disappointment and I don’t feel like ordering again anymore. Firstly I ordered one flip flops of size 37 on which I received size 39-40. Then, I returned the product on which their delivery partner Delhivery said they can’t update my returned parcel yet due to some technical problems and refused to give me any proof of return slip / proof and when I inquired next time about the pending updates, they said that they have lost my parcel. Again, the second time I ordered a bag which was supposed to be a gift for someone was returned back and the same delivery service” Delhivery “ did not attempt any delivery of the product which has reached its destination according to tracking details and when I called the customer care service saying that they have returned my parcel without delivery they assured me that they will deliver the product soon within few days and ask me to wait. Then again I tracked down the updates of my parcel on which the details show that my parcel was being in transit to some other place unknown then again I gave customer care a call on which they asked me to wait and my parcel will be delivered soon and they are trying their best. By this time I had contacted both customer service Myntra as well as Delhivery. I asked the customer care executive of Myntra about the parcel and how much longer will it take to which the executive responded saying due to COVID situations we are unable to deliver the product and as updates being read that I am in Red Zone to my dismay my other previous order from Myntra was delivered just 2-3 days before and there was no declaration of being in Red Zone by the Govt so I asked her to cancel my order on which they have said that they will update within 72 hours through mail but Delhivery remains no response to any complaints and queries raised of the undelivered parcel. My suggestion is change the courier service."
11/14/2020,App Store,1,"I’ve been ordering from there website since last 5 years, only had some minor issues which could be easily resolved. Recently, I ordered a pair of reebok shoes
I received a woman’s undergarment instead of Shoes. Later, my request of return was rejected. I never got the original order I.e. shoes, and the delivery boy also took back this order with him. They made the situation worse with their pathetic customer care services, they’re trying to infer that that I’m trying to con them by returning them something else and keeping the original order. Please be very cautious before u order anything from Myntra. They’ll send a completely different product and then infer that it’s you who’s trying to do something mischievous.
Never pay them in advance. Always unpack the order in-front of delivery person and if the product is right only then accept it."
11/5/2020,App Store,1,"I have been a regular customer of Myntra for years now.. it was good initially but now they have started using coy tricks to cheat their customers from getting their refund.. 
I had ordered many shoes and sandals from them.. 1 of the sandal I ordered was based on their app’s “recommended size” .. and after I got it, it was big for me by 2 sizes! And when I returned it they put my return on hold claiming that it failed the quality check! For days I was not able to get in touch with the customer care and then they even declined my return and refund!! 
It’s been more than 10 days and they haven’t even reshipped the item! 
They have started sending defective quality products and are accusing the customers of defying their refund rules and forcing customers to pay for those products!! 
It has been a very disappointing experience."
10/30/2020,App Store,5,"It feels like I made a HUGE mistake purchasing from their app!! There is absolutely no ‘customer first’ attitude. The sad part is they are not even apologetic about the blunder they have made!! 

Ordered a dress for my child, received a plus sized maxi and it has taken all my efforts to PROVE that there has been a mistake at their end!! I feel such kind of attitude should not be ignored by the customer!! Just want other consumers to be aware of the fact that you are purchasing at your own risk because if something happens to the product, you are on your own with your money gone and no customer support!! 

I am seriously thinking of putting this in front of consumer court. The customer HAS to be compensated for such rowdy and negligent behaviour."
10/18/2020,App Store,1,"Online shopping is in trendBecause you don’t want to go out waste time and energy rather you have a choice of ordering stuff and then trying in buying if you really like it. So I have been ordering from this website for a very long time so instead of putting me on a lotal customer listThis website has come up with something called fair usage policy, in this they want users to buy as much products as they order and the machine calculates how many returns we have done and then there is 150 bucks charge on every order..So MyntrA wants you to buy only if you are sure to keep it not if you want to try and see if it fits well and totally satisfied 
I do not understand this policy I have ordered from so many websites all over the world and no website has the stupid policy that fair usage makes you pay 150 bucks for every order because you’re returned what you didn’t like previously 

zero customer satisfaction"
10/14/2020,App Store,1,Few days back i bought few things from here and i accidentally ordered wrong product and i did not even try it on i just returned it and these people rejected it by saying that it has been used and they reshipped it to me and i raised the query they closed it without any resolution  i raised the query 5 times i even send the pictures that its not used i am tiered of saying that it not used i did not even try them on they are closing my query without any resolution without informing and bdw this is about and undergarment and idk who use undergarment and then returned it logic and intelligence both failed here this is really harassing saying same thing again n again that i dun use such type of undergarment i am really fed up with there customer services really useless but i will not spare them if needed i will go to consumer court so that they will hire  educated staff and no one get harassed the way i am going through  and i am there frequent  cx since 4-5 years now so you can imagine now if they do this to their regular cx so wt can they do to new cx i dun think so i can ever use myntra again
10/6/2020,Reddit,1,"Myntra once upon a time was good and I was a regular shopper.  But recently it has become very bad. Poor delivery, bad packaging , and even the delivery staff is deteriorating. 
I have had 2 major incidents in the same month, which gets me to a point of “never shop from Myntra”.
I ordered 2 pair of same size and style crocs . I received one medium size parcel (delayed off course). Now as the new world norm says, we quarantine the parcel for 72-96 hours given the packing is all plastic. And after this quarantine was over, we opened the parcel and only found 1 pair of crocs in the parcel. I have cameras in my house at every angle. I have full recording of how the parcel was received , quarantined and opened only to find 1 pair of crocs when I paid for 2. 
Endless mails , calls , feedback. They refused to budge. They off course will have records at their warehouse and get it checked from the inventory team also that only 1 pair was delivered . But they decided to not help or refund. 
Second incident happened today with a pyjama. I again opened the packed today after 72-96 hours quarantine, only 2 find a wrong sized bad quality Pyjama. I didn’t even want to try it and put a return request that instant. The pick up guy immediately came and refused to take it as he said 1 tag is missing. I told him it was never there and again have full video recordings to prove. But they refuse to listen .
second loss this month And hence this is the end of my Myntra journey"
10/6/2020,App Store,1,"So I bought a product which did not fit me well. As I wanted to return the product but there was no return tab available. The description still mentioned 30 days return policy on the product. I struggled for 10 days continuously to get the return requested through customer support. The patent reply you will get to hear when talking to customer service representative is “sir,please wait for 24 to 48 hours and we will get back to you which never happens”. Now what they did is after generating my return request is ,they updated the pick up address wrong. The phone no. Is correct, the return product is the same and the address have changed states all together. I stay in Maharashtra and the pick up address that showed was of Bihar. Certainly done on purpose. Now when I reported this to the customer care, they are still like wait for your life time to return the product when it’s their fault because they updated the pick up address. And when I am writing this,the return is yet pending. Please do not shop from this app as they do not value customer and their mental peace."
10/4/2020,App Store,1,Well I wouldn't even say that they support their customers. I purchased Roadster shoes as gift for my brother and to my surprise they were already damaged but I did not bother and placed for exchange as the size happened to be big. The exchange came at the door and the shoes we had were rejected as there was pink color on it. Disheartened as I was without that being my fault I still decided to cooperate with the team and for verification. I made a call and explained the team that the color was from the shoe box (made calls-3 times). It was sad to see that even the team on call rejected my claim only for exchange for size due to the color which was not my fault. I also tried their chat support and to my surprise they kept me on hang every time I asked for update saying they will 'PROACTIVELY FOLLOW UP' AND TO WAIT 24-48 HOURS (which lasted for more than 2 weeks) and then closed the issue without even giving me any resolution. I'm stuck with a larger size of shoes that go in waste also same for my money and no gift for my brother! Totally disappointed with the pathetic support which was provided.
9/28/2020,App Store,4,I have ordered few things on Myntra in mid June and the products were so disappointing that I literally kept 2-3 of them and I returned 14 items straight and as the amount was big I didn’t add it to the Myntra credit and gave them my bank details somehow it was my mistake that instead of bank account number I wrote my card number and after 2 weeks they got to know the issue I immediately updated my bank details by sending them around 100 mails and then they said we are initiating your refunds since 3 months till now I hv got 4 refunds out of 14 that too by continuously calling and begging them for my own money like a fool ..I wonder if they have a working system or something like that because calling continuously and sending mails for 3 months brought nothing but disappointment plus these people have trust issues on customers that they ask for bank statements every time you call and ask for the refund very pathetic I will never shop on Myntra ever in my life they screwed my life and I don’t have patience still calling them for money back 🙏🏻please give my money back
9/27/2020,App Store,1,"I’m regular buyer from Myntra, I bought a product and placed exchange order as it didn’t fit well, meanwhile I tested COVID-19 positive and on same day exchange product arrived, I denied to exchange but next day again exchange order came to delivery man. He called me and said talk with customer service. I called customer care and she told me to exchange product!!!!!!  For safety measures delivery man didn’t come as he already know about my test. After 14 days (I tested negative) I called customer care as I wasn’t able to place exchange order again (the product was still in exchange period; as per 30 days exchange and return policy) Firstly she said you can place exchange order on your own then she checked and said even I’m not able to place exchange order!!! We will contact you in 48 hours, then I got one message on Myntra application to send details of product without mentioning email id!!! How would someone send details without mail ID. After trying hard I again contacted customer care and I got reply “ you can’t exchange product as it has crossed 30 days!!”  I’m extremely disappointed for this poor customer service."
9/24/2020,App Store,1,"This regarding my data loss issue. The app automatically got connected with my another email ID and all my data i.e. my insider points,order history and wishlist was wipped out. I reached out to customer support and at first they told me that everything will be fine they will deactivate the new account and I'll be able to login again to my old account. However they deactivated my account and the response that I receive from customer support now is that they don't have any feature to reactivate the account. This is the worst response that I ever received from customer support. I had 2500 insider points but now am never going to use this app again. Because accounding to customer support I should get a new number and then create a new account to keep using the app. Who buys a new number specially to use a app? 
Never faced this type of technical glitch with any other eCommerce apps."
9/14/2020,App Store,1,"I had ordered a trouser from myntra and due to some size issue I decided to exchange it for another size 
After my exchange request myntra's delivery boy came and take my exchange my product ( I don't have any knowledge regarding myntra exchange policy that they give exchange product at the same time when they pick product) 
Then after few day an other delivery boy came for giving me exchange product and then he said give other product that u want to exchange 
I tried to explain him that other boy have already taken 
Then that delivery boy totally deny that he didn't pick my product and even start blaming me 
Even the head of jammu hub also start blaming me as if it is my mistake 
It's been almost 20-25 day i am constantly calling myntra and they are not solving my problem 
Neither they are refunding me for my product nor they are willing to deliver me exchange product 
I had call them 1000 times but myntra team always reply me 
Mam this problem is solve from our end .. and they also say this product had not reached our wearhouse 
(Then it means your delivery boy sell it somewhere or throw it )
I mean how  you could do this to coutomer 
Why coustomer should bear loss 
Worst shopping platform 
I would definitely advise everybody to not to shop from Myntra 
Worst experience 
I wonder how one could sustain in market by ignoring customer's  problem"
9/2/2020,Reddit,1,"Ordered a dress from ONLY using your app, received the product but it was damaged. Requested for an exchange which got cancelled due to unannounced reasons and had to put another exchange request. I was relieved when the delivery partner came as promised this time, but it didn’t end here. I came to know that the tag on that dress is not of the dress that I ordered. It was for some other dress of ONLY, and the delivery partner started claiming that nothing can happen as it is damaged so it cannot be returned. Now do I need to check the tags also when ordering online, and why am I held responsible for a dress which was already defective when I received it? The person who is responsible for tagging these clothes is the reason I couldn’t exchange it. Talked to the delivery partner’s boss and customer service, nothing worked out. Even mailed you the issue, but we were been told to contact your customer service. What shall I do now? Come to your office directly, because believe me I am so furious right now that I am willing to come but will you bear the expenses? 
We are your customers and yes, we can bring you down just like we helped you to reach this platform. Myntra is the only shopping app which I use frequently and have also recommended others. But after the worst experience in the history of my online shopping, I don’t trust your service anymore. The least I am expecting from you is to at least transfer the amount back to the account."
9/1/2020,App Store,1,"I have been a regular customer in myntra and never really faced an issue with their service, until it was the worst experience ever . I ordered two products and they arrived in one package and one bill , I returned both the products as they were ill fitting in the same cover they arrived in with one bill but I received a refund for one product and the other is still marked as return request declined as they created two requests for one package with one bill that the products arrived in , I mean I did as I was directed from Myntra and they create this confusion, its been over a month of calls to the customer service explaining my concern and it is always stated as wait for 24-48 hours and there is no proper response, I mean what else should a customer do to get their own money back despite returning the product, I have no other go but to take it to the court and do the needful if there isn’t a proper response from their team , has made me lose the respect and doubt the ethics their team follows, regret buying stuff on Myntra"
8/20/2020,App Store,1,"Ordered a roadster shoes yet I received another item which is a Nike shoe in UK 12 which belonged to someone else named Sanju Yadav. Then I tried to place a return request n called up myntra’s customer care , the CCEs are so rude, n kept on saying that their system isn’t working n asked me to call them back the next day n then the next day too I didn’t get this problem solved! It wasn’t my fault that I have received a wrong package, it’s a technical or shipping error from your end so should the customers suffer ? It’s your duty to solve the problem ASAP without troubling the customer! I was one of the fan of Myntra Shopping App but not anymore ,the quality of  your service n your assistance has degraded to the lowest scale possible!! You guys don’t even deserve a single star anymore! People please beware n don’t shop from this app , opt for cash on delivery but don’t do card or UPI payments as it’s nearly impossible to get a refund from myntra! Totally absurd!!"
8/15/2020,App Store,1,I would suggest not to download this app only. I ordered a nightwear and instead I received a panty. Well you think it could happen I thought the same too and requested a return. Well the man who came to pick it up was asked just to wait 2mins that I bring it to him and he started shouting and abusing. It was not even a minute he had to wait. As I gave him what he did ...heaven god nows... the parcel was no matched with the product he has to pick up. Why the hell would I return if the product was same that I ordered. He went away explaining me to complaint. I mailed myntra not once but twice thrice what they want where they want me to write is absolutely unclear. I cannot type in the app box . It is not accepting. I wasted my money my time and completely disgusting response from my family . I should not have ordered only. Myntra I would not like to give u even one star. Disappointing service. Learn from your competitors.
7/26/2020,App Store,1,"Online apps are based on the feature for easy return policy. Myntra today very easily charged me Rs. 149/- for one of the accounts with maximum return of their product. They very conveniently forgot to mention that they had sent incorrectly products multiple times, not to mention so many products have wrong descriptions and had to re-order again and again to get the right size. I always returned their products immediately the next day if it does not fit, not liked or damaged with detailed reason, sometimes even sent image of the wrong product Myntra kept sending, that immediate return date should reflect on their system.

If i am to be charged for maximum return as a customer, then why does every product states easy return policy. It is a clear contradiction of the return policy.

If all online shopping apps follow Myntra’s charging for maximum return stupid concept, then they will soon shut down. Myntra need to trade carefully because as it is people are purchasing less due to Covid-19 financial situation."
7/16/2020,App Store,1,"I’ve been shopping from myntra for many years now. Their service was pretty satisfactory until it wasn’t. They service started to degraded over these years and stooped real low now. 
I ordered a saree for my mother as surprise for Mother’s day and they sent me a whole different saree from the same brand to what I ordered(my mother’s day surprise was scattered into pieces) So I did what any customer would do, returned it. But, to my surprise, they put it on hold stating MISMATCH product. I was asked to wait on calling customer care for 3 days for the update about the issue which I patiently did. Then I had to called again just to get an update because they didn’t bother. I was asked to wait for 3 more days again. I did wait again but furiously this time yet same result, no update. I had to call again. And this time I was asked to wait for 10 days straight. Can you imagine? 
Well, I think I got lucky, I got my return amount in next 2 days. 
Now, comes the second incident, I ordered a Tshirt, firstly it was supposed to be delivered on 6th of July yet It got delivered on 16th on july. The tshirt I got, was defective and the packaging was in a bad shape too. So I had to return it. Now it has been put on hold again. As if the saree’s mental agony was not enough. 
I don’t think so I can ever buy anything from myntra ever again."
6/17/2020,App Store,1,"We all understand the impact of COVID 19 on all operational activities. However, Myntra is unable to deliver items even on the expected delivery date. I placed an order on 3rd June and expected delivery date was today 17th June. After waiting for literally 12 business days Even today the order is in transit. Their delivery partner Ecom express is even worse!   With COVID as an excuse they’re delaying deliveries for no apparent reason since as I track it the parcel has reached Pune on 9th itself and they are unable to deliver the same within the city in even a weeks time. Their customer service also do not have access to delivery partners contact numbers( as confirmed on call by one of their executives). They don’t have exact status with them. They tell me only what I can even see in my app. How lame and pathetic is that.
I have always been a regular shopper on Myntra, always had a splendid experience but this experience alone and the way they are handling it is really disappointing and also frightening. Shame! You lost a loyal customer."
6/9/2020,App Store,1,"I had reached out to Myntra when they updated their software that they had erroneously linked my mobile with another email account . After going round in circles , as the call center was not working , neither was their call back , their email support kept informing to try to reach out via the prior two options , I was confounded by the poor support that myntra provided. Finally ,  reaching out to them on numerous occasions over a period of one month on the linked account on their query options,  they gave me the same poor standard response that they can’t help me , I should help myself and try to delink and delink my account . It seems that Myntra doesn’t give a fig about their loyal consumers who have been with them for over 5 years . Moreover they could not be at all bothered by helping me out as I had just placed an order before the upgrade . Although, there may have options , I would personally not recommend this app to anyone !"
6/6/2020,App Store,5,"I had ordered a Tommy Hilfiger shirt and I received order at the time of receiving I paid amount to Myntra but the delivery agent told transaction failed again I paid online transaction directly to agent of delivery but later both transactions successfully completed later I mailed to myntra to return one payment from past 3 months they r saying they vll solve within 24 hours 
One more order of flying machine jeans I ordered but I received fake jeans road side pant which has damaged badly as soon as I checked I kept return yesterday but to day pickup agent told that it vll not pass quality check and left the parcel with me and told complain through mail what to do as of now 
Myntra is a bad app"
6/2/2020,App Store,1,"My first order on Myntra was delivered just perfectly. On time with no issues. Since then all orders have always been messed up, delayed, cancelled due to lost in transit, never on time. Just before the pandemic lockdown I was due to receive two exchanges which could not be delivered due to lockdown issues. After that it was still not delivered and there was no call centre option as they are not taking calls right now. On contacting them on social media outlet, their solution was to cancel my orders as they were lost in transit. This is how they resolved the issue. I could not raise a complaint for exchange again despite them saying I will have to as there was never any option for exchange on the app. Further to apologise they sent some Sorry coupon codes which I could not use as it was invalid. And now after all this inconvenience they have gone and locked my account. And then I keep getting emails on the latest offer. Well Myntra why is my account locked because of all your goof ups? I wonder if its CEO has ever ordered any products from his own app!! He should; it defines inefficiency!"
5/30/2020,App Store,1,"I returned two products within a day I received it and asked for refund in my myntra credit. For refund for one product within a day and for other product it showed refund is processed but I didnt got in my mytra credit. A raise a case and these people simply closed the case saying it is under quality check , they didnt even checked the correct status of product and just wrote some dummy message and closed the case. They simply closed the case without even asking if it is closed from customer end!!!! Its pathetic , after which I called them twice and also got same reply that there is some issue in system , will update later. Waited for 5 days for my refund and later when i checked my mytra credit , the credit which i got for one of the product also got vanished!!! Pathetic service ! Pathetic App!!! Still waiting for some resolution on it !"
4/25/2020,App Store,1,"I had placed an order n received a defected product (torn one). When i asked fr a replacement, myntra logistics guys said d product is torn so cannot b replaced. The reason y i askd fr a replacement is bcos it was torn. I made several calls, bt to my surprise i find out that there is no sync or coordination between d shipping guys, the delivery guys and myntra guys. All d customer care executives seem lost, n every time i called i had to explain my case from d very beginning, even though it is all available with them. Theirs supervisors too seem lost n couldnt provide me a solution. Finally widout me even asking for it, they cancel my order n its been a month plus now n I still have nt received a call for pickup nor d money refunded. I feel cheated n looted of my money. Have been a myntra customer since the last 8 years, bt with this experience i will never ever use myntra again n will also recommend ma friends n family too, to stop using Myntra.. Pathetic service n pathetic people.
Having read other reviews i ve realised that, myntra does these kinda things a lot n many like me have lost money or felt cheated. Better not to purchase or even download this app. Worst e commerce app i ve ever used."
2/20/2020,App Store,1,"I ordered a jacket for my mom to gift her on her anniversary. They sent me a dirty weary looking pullover and not the one I chose for which I paid a heavy price. This mistake is happening twice with me and I was equally frustrated with their actions the last time. The best part, even after filing a review and talking to their executive who said the wrong product would be picked up and sent us an email with the same content, I get another email in couple of hours saying my return request is on hold. I have uploaded pictures as proof on their app and still the reason for not picking up the return said “Quality check failed”. Definitely the quality check failed but it was us who got a worthless product. One can still let go of the mistake but the delayed and frustrating actions that they take as a consequence shows that this company is not worth the money and time. give my money back...!!!!!!!!!!"
2/8/2020,Reddit,1,"I have been a loyal customer for as long as Myntra has existed but I need to write this review today as it is high time Myntra revise their return and ‘quality check’ process! Quality check should be thoroughly performed BEFORE a product is shipped to the customer as it is a tedious process to return the product once a customer gets the defective product. Myntra ironically declines to refund despite customer producing images of the quality issues of the product and explaining the product shipped already had quality issues! There is an option to return the product and choose quality issues but even if we choose quality issues Myntra fails to process the return/refund citing we need to contact customer care if that was the case! Nowhere on the app or site it is mentioned that we should immediately contact customer care in case of defective product or quality issue with the product apart from selecting quality issue on the app. Be sure to lose your money/ accept the poor quality product once it is shipped to you! Myntra will never accept it back citing the same quality reasons! IRONIC! 
Another major concern is that Myntra does not allow photos of the product with quality issues on their reviews. They decline it with one or the other reason especially citing shipping/service issues even when it clearly is the product quality while being manufactured! Customers do not get to honestly review the products available and used that are available on Myntra as they process only moderated content and only good reviews unlike other apps and sites."
2/4/2020,App Store,1,"Myntra has hit the roof with its fraudulent activity by selling fake , substandard and torn product. I had ordered a mango jegging which was torn beneath the waist area unpin arrival . As a responsible customer I not only raised a return request but informed them about the problem . The response was the one that freaked me out. Mr . Sapnam from escalation team me not just informed me to wait till 7th but also told me subject to approval will I get refund . Also he clearly stated that if a delivery agent comes for pick up not to hand over the package to him . He also told me that this was a professional call and need to follow the company’s policies when I called Myntra a fraudulent company. But however he failed to recognise that he himself wasn’t being professional and so was his company. Had they been professionals they would have done the qc of the product and not sent a fake, substandard and torn product . And this is not the 1st time this has happened . So before teaching your customers what professionalism is, follow it."
1/15/2020,App Store,1,"I had ordered an Indian Terrain Black T-Shirt and due to fitting issues placed a return request. The Myntra delivery person came to my home and asked for return item. So like every time just handed it over. Then received a message saying “your return has been rescheduled and will be picked up by tomorrow “next day the fu..k..ng person came to home asking for a return item. I told in irritation that you only collected last say. He said yes I remember. Then I received same return rescheduled message and no one came to home. After 2 days got messages saying Return has been cancelled.
I called up customer care and explained the scenario they registered a complaint. After
Few days got notification stating incident has been resolved successfully . after calling customer repetitively they don’t even track who picked up the T-shirt. Now finally due to useless operating model of Myntra I lost my 700 . This happened with first time. Their escalation team too don’t have any idea after looking at their system. I am going delete Myntra app permanently and never ever again shop with these fraudsters . I shall explain this to all my known people . 
Good bye Myntra no more shopping with your fraudulent e-commerce company."
1/9/2020,App Store,1,"I ordered a top and when I received I fount it very big for me. So I asked for a return. They don’t have slot to select when the Myntra logistics will pick up and they don’t notify beforehand. I received a mail next day 1 pm that they will pick up the top the same day. I was out for picnic and didn’t see the mail. Then after 2 hrs I received a message you top has not passed the quality check. How???  I didn’t give the top. No one was there at my house. How they checked? 😳. Without seeing the top the logistic guy put this wrong information and when I called him(he gave a missed call after putting the wrong information) he hanged up my call 2-3 times. I checked with customer care, they your issue will be resolved in 1-2 days. But no other response. Very bad. This is the second time I am facing this kind of issue. I will not order anything from Myntra again."
12/31/2019,App Store,1,Myntra started cheating customers I have ordered a faballey top of 670rs women’s top wear and they have delivered me a men’s shirt of rs370. They delivered me wrong product even some other person name was return on top of it they packed it my name’s label. I have raised a return request but delivery person rejected to take back the product and asked me to raise a complaint in customer care. I have called up customer care people they raised a complaint taken all the details barcode and all. They said it will be resolved by 4 to 5days. I waited for that and I received a txt msg that your issue is being resolved and return of product is declined what rubbish is this. I contacted them they said itz just declined the person who was speaking(customer care executive) he was even unable to explain the reason why it’s rejected. Again he askd me all the details and said that he wil raise a complaint again. Is this a joke what rubbish myntra is doing. This is not just done fraud issue . I used to shop a lot from myntra but now I have got a lesson worst service.
12/29/2019,App Store,1,"I have been an avid user of Myntra over years. I am also an icon member which meant that I did lot of shopping via the app, until I realised that they have become a fraud organisation.

In 2 instances, I have returned the item purchased from Myntra: I had horrendous experience. 

I marked for return the same day it was delivered: as size was bigger

Case 1: they refused to pick up the order as the price tag in their record had different price than the actual tag that came. After a month of following up and escalation, and making them realise that they are at a fault where they have different price in tags and their database: finally they picked up. The mental and physical harassment was not worth it.

Case 2: they picked up the shoes... it was returned the same day it arrived. Tags were there. Pick up person checked everything and took it. I even got the message that pick up was successful. But refund never came. Post calling them, they reverted that it had not passed their quality check! So now, they have the shoes and the money! Product was returned same day with same quality as it came!

I am never again going to use Myntra as it’s a cheat company who does not want to fulfill the return policy and hence harass customers so that they never try to return the product!"
12/25/2019,Reddit,1,"Do you like to shop online?
PLEASE DO NOT download this app as it will make you absolutely HATE online shopping.
Firstly, this app is EXTREMELY slow and takes unmeasurable time to load.

Secondly, they deliver DEFECTIVE products that have been TAMPERED on the way.

Thirdly, if you return products that are defective or due to other genuine causes such as fitting issues, these SO SMART( sarcasm of course) MYNTRA people will charge ₹149 DELIVERY CHARGES EVEN WHEN THERE IS FREE SHIPPING GOING ON IN THE ENTIRE APP.
The reason being stated since we “RETURN TOO MUCH” and “MISUSE OUR LIBERAL RETURNS POLICY”

Fourthly, these people will ALSO DISABLE THE “CASH ON DELIVERY” option due to the reasons stated above i.e.  RETURNING TOO MUCH AND MISUSING LIBERAL RETURNS POLICY.

Lastly, this app is EXTREMELY RIGID.
There is ZERO FLEXIBILITY
ALSO, HALF THE GOOD BRANDS ARE NOT PRESENT.

I would like to cite one incident-
I ordered these beautiful earrings and they were delivered to me in a TAMPERED condition( they were out of the small box and ALSO out of the plastic pouch)
Not to forget the fact that they were DAMAGED(The rod where we lock the earrings from behind was shaky)

Finally, if I could, I would give a NEGATIVE rating to this app, but since that is not an option, I have to do with one star, though I mean to give MINUS HUNDRED BLACK STARS and make sure that NO ONE uses this app and loses their money.

I would like to ALERT all the people reading this review, please DO NOT USE THIS APPLICATION!"
12/13/2019,App Store,5,"I’ve been using Myntra for many years it was good before but now service really went down, delivery takes 5 to 6 days it’s never happen from Flipkart if I order from flipkart they delivered my product in matter of 2 days from their expected date of delivery but Myntra is only delivering product on the expected date of delivery like after 6 days or so,,I ordered 1 jacket which 5 days back and still haven’t get yet as bought that jacket for today event, I called customer care they said we will only deliver your product on the date which they mentioned in ,that’s quite sad I never knew this gonna happen I thought my jacket is gonna with me in 2 days as before Myntra use to do...
Bad service 
Spoil my event 
Don’t wanna give them even 1 star"
12/12/2019,App Store,1,"I ordered through Myntra for 2 Belts (reversible), but they sent me the non-reversible belt. I contacted the customer service for replacement, and they instead refunded for 1 belt without consenting me and sent wrong once 3 times for the remaining belt. I called again and shouted, they committed they would be delivering it by Saturday 26th October no matter what happens and I did not receive it. I ordered it for the especially Diwali occasion, and they did not send me. This entire procedure took almost 20 days with no resolution or belt. I had to use the belt as no shops were opened on New Year for selling the belt. I contacted them again via email for an update, and they kept asking for to have a label attached to the belt which I threw away because they never reached me for it. Lastly, I had to abuse them in the email as they didn't do anything. I opened a dispute in PayPal as well; however; I missed to escalate to PayPal and it went to buyers favour. It's not about the 300 rupees but its also about the fake product that they sell. I purchased a Roaster watch worth rupees 1200, and few of the functions were like toys, they never function, as a kind of showpiece. The same happened earlier as well. Since the service and the products are worse, I am lodging a case in Consumer court as thieves like Myntra should be shut down."
12/3/2019,App Store,1,"I ordered ceramic cups which are inward bent (a flawed design)so when I had tea it’s leaking. I asked for return and they said it’s been used, but the design of the cup itself is flawed. Poor customer care didn’t accept my return. Also they are invading my privacy. I ordered hrx tees now whenever I open my Facebook it gives the ads of the things I ordered with Myntra, privacy theft. Also twice, the delivery boy did not delivery me at the door. He asked me to come down from my building and I got the delivery, at the road, twice it happened. Why can’t they have rating for delivery. Sometimes they are good but mostly not they don’t understand the problems faced by the customer. They say they will return but they won’t. The brand tag on kontyy was damaged and it’s not looking good when I ware. They have all the defective cloths on their app and say they don’t accept return. I called the customer care first they picked up the call and disconnected me and I have to try once more to get connected."
11/13/2019,App Store,3,"Hi m a frequent buyer of myntra however facing alot of issues from past 6-7 months , first i ordered a levis jeans for which i never got refund after returning it to myntra agent itself from my door step they said they coudn’t find the item. every time i called for that issue only one agent from customer care named salman use to answer and everytime he asks me to call by 10 am to talk to the supervisor i mean seriously this is how the customer care work , bcz of bad customer service no matter how good the company is , cant grow and this time i am trying to buy some winter wears i tried thrice to make the payment eveytime it gets deducted from my acount however doesnt get ordered, plus their taxes are so high , i used to rely on this site now i think would have to quit buying from myntra , very dissappointed customer..."
10/20/2019,App Store,1,"I have been a long time customer of Myntra but never ever going back. I had a horrible experience.
Firstly, the online payment system was down. I kept trying for a while. Then after spending 2 hours of selecting my items, when I went to my bag, it showed no items. Spent a good amount of time adding the items again to the cart.. ordered them but they never delivered the items. I got messages saying the delivery boy is at your door but I never even got a call or any knock at the door. They did not even attempted once to deliver the item. Did not call me at all. It was a fake message sent to me that the parcel is at my door as I was at my home waiting for the parcel. Now 5 out of 7 items I ordered are canceled by Myntra. That’s the status update on my account. It’s been a horrible experience.. never ever going to order from Myntra again as my time is precious... wasted 4 hours of my time."
8/27/2019,App Store,1,"I am totally disappointed with the Myntra shopping experience, I didn’t use my Myntra account for sometime and today when I came back, I noticed that I was charged 150 rs shipping fee even when my order exceeded the minimum shopping price for free delivery. So I find this notification that there is some fair policy and all. I immediately checked my order history and it’s showing empty and don’t see anything in order archive even. I wanted to check how have I abused the fair policy. When you say easy returns and all, and on the other side you say abusing fair policy. So I need to understand this policy and this should be mentioned prior to our shopping experience and not later. Rather than customer satisfaction you are harassing the customer. Also on calling the help desk, they are of no help and no email address is provided to have a formal discussion over email. This is seriously pathetic and annoying. You should seriously have better policies in place to have better customer satisfaction and if the product doesn’t suit the customer, they will return it, like if we buy things from a shopping mall and return, they don’t charge us extra. This is an unfair and absurd policy."
8/6/2019,App Store,5,"I’ve ordered the products out of that I wanted to exchange 1 T-shirt as it was fit.. I din know about this points system.. now they are not ready to exchange the product cz I’ve collected that point as you can see there is an direct option next to ur order section to collect.. now I don’t understand their logic behind not exchanging the product .. I would have agreed if I want to return the product cz in this case I will receive refund and I cannot take advantage of that points.. in exchange also they have this policy.. it’s really illogical cz end of the day even though I apply for exchange the product price still being paid and there is no loss from Myntra side. 

Worst policy I’ve ever seen"
7/22/2019,App Store,5,"Unlike what they claim, I am sorry but they do not have a very friendly return policy.
I had ordered for a pair of Dressberry women’s shoes and I received a Mast & Harbour pair instead.
On an attempt to return the same,the agent comes and tells me I need to take an approval . First the company does not have a proper quality check and ships wrong product and they expect us to bear it. What if I am not available at home , do I get saddled with an unwanted product? Please understand the fact that if I am ordering online , I must be really short of time to go to a shop , first try and buy at my convenience. And this is what I get for convenience!!!
Extremely unprofessional. Not accepted."
7/18/2019,App Store,1,"I ordered 10 products from myntra on 20th June worth 22k.I received all the products and however i didn’t like few of them. I wasn’t able to return them at that point of time because it was marked as “out of delivery”. I tried calling myntra customer support and their reply was to “wait for so and so days”. 5-6 days passed and the status of all the products automatically became “Returned to Origin”. Thereafter i called myntra support 1000 time regularly.. they came up with new excuses.. they asked me to send bar codes, images, write mails, etc. which i did. Some customer support superviors said “its the fault with our executive that they didn’t work on the issue”. Some even said “we can’t help you”. They kept my calls on hold for 10-20 minutes in the intention that i’ll hung up. This is such a disastreous and pathetic experience shopping with myntra.."
7/8/2019,App Store,1,"I recently placed many orders with Myntra, however there was 1 product which was supposed to be returned. Their pick up guy came after 7 days, didn’t even bother to call up to check and just dropped a message that ‘your order couldn’t be picked up as you requested for a reschedule’. One of their courier boy has already collected and still I am getting the same notification. This has been going on since last 5 days and now I am quite certain they have lost the package. I have called them up every time I get this message and they just have a typical answer ‘we shall solve your query in 72 hours’. So each time you call them up that they haven’t solved your query in 72 hours they have the same reply, we are sorry for inconvenience caused and we shall revert to you in 72 hours. Very disappointed by the service. Please avoid this site."
6/20/2019,App Store,5,"Its been quite few years now to shop on Myntra and I haven’t experienced any shopping experience like this on any other apps. For the team who is reading this, you have amazing filters to find just the right product especially for people like me who are so particular and know what they are looking for. Keep up the good work.

The only reason I am reducing one star is because of additional taxes that I have to pay which I don’t see in other apps. Your taxes added doesn’t make any product look with nice discounts. If there is anything you can do about it, please do."
6/13/2019,App Store,1,"I have been using myntra for past 5 years  and they have the worst and no user friendly service, i have been ignoring their cliche of showing prices of products different at browsing and at checkout, but now they have started this insider points which are practically of no use and haven't used them ever, but today they have made this rule, if you redeem the insider points on the product you can't even exchange them for size, like what is the problem with that?? And plus if you try to reach to customer executives they just simply keep on repeating the rules without even giving and remedial measures, like for what you have been sitting there, the information you are giving me , i already know that, i want help, which even their senior representatives don't have. Not my problem anymore, will be deleting the app and asking others to do the same."
4/22/2019,App Store,1,"I got something which I didn’t order and so I tried to apply return for the same bcaz exchange option was not available on that particular item; I had no option den to return the product. I tried doing same thro app but app is not working properly since 2-3 mths and it is creating problems when u opt for return. Den I had to call Myntra executive, he helped me filing return; the product was taken up after 2 days. So, I was expecting refund of that particular product which was wrongly got delivered to me instead of what I actually ordered. It’s been 18 days now and I called up and informed Myntra executives twice that I have not received Myntra credit for the product. But every time they are saying wait for 3-4 days. Myntra claims immediate refund in terms of Myntra credit option; then why I have still not received my refund? And they are not even sorry for delivery wrong product and for the delay of refund !! 
Completely Upset with the process !"
3/25/2019,App Store,1,"Highly frustrated and disappointed with Myntra. I ordered a trouser and was delivered lingerie instead. It was a try and buy product but the delivery boy said that I cannot try it right now. I raised a complaint against the same and was asked to wait for 72 hours. Even after that, the pick up boy is not coming to pick the wrong product saying he does not have approvals from Myntra and Myntra in turn fools around saying that they have given the required approvals. They asked me to wait for another 72 hours. Again they lodged a complaint against this and now asked to wait 24 hours. The pick up in turn updates incorrect reasons for not picking the parcel. Highly frustrated and feel like why I purchased even once from this app. I wish I could do something about this but unfortunately I cannot except that I would never purchase ever from Myntra again."
3/15/2019,App Store,1,"I shop a lot from Myntra and I recently placed an order and it was not delivered on time. My order was out for deliverysince two   days and it got delivered on the third day. This happened with me twice The contact number provided of the delivery executive is always not reachable. I complained about the situation twice and i only got a reply from the customer support to wait for 72 hours. Even if the complaint is about the late delivery because of their delivery partner they ask you to wait for 72 hours idk for what. 
I have never faced this issue with them in the past and the customer support was also good but now even after so many better online shopping apps have come up their service has only become worse.
It does not make any sense if you tell the customer to wait for 72 hours for any complaint they make. The do not have any solutions to the complaints made. Pathetic customer support and bad delivery partner 
It seems that they have changed their delivery partner and its not doing any good to the customers"
2/16/2019,App Store,4,"You are a completely customer driven company, if so please do care for the following- 

1. If I placed an order of 5 items in total, the order shows up for each of the item separately in Orders. Thats fine but when I return, ideally i will have to return each one of them separately, thats also fine. BUT when i place the return request for the first item of those 5 , it shows me the returning amount as the total of 5 items confusing me that placing return request for this is automatically placing the return request for all 5. It actually happenned with me, i actually handed out all 5 items to the pick up agent, but later when I received the amount it was just for one item. The pick up agent was kind and helpful, that on talking with him he actually brought the rest of the items back to me. PLEASE FIX THIS. Either don’t show the total amount at returning 1 item or actually mean it. 

2. When I place an order and go back to orders, i don’t get to see it immidiately updated. It takes time i have to either kill the app multiple times or come back a bit later to see my order. 

And Yes I AM A QA. So i have this instincts and a zeal to get all these fixed :)"
1/30/2019,App Store,1,The primary goal of the app is to be customer friendly and to be of service and when failed on this regard to be of help but this does not seem the case with this app. I ordered a jacket for which the all inclusive bill was shown 471 but on delivery the product bill was 620 because they added delivery charges to it which I do not oppose but I want to be well informed about it. On calling the customer care they tell me that if I had done bank transfer the bill would have shown it but did not show because it was COD. Well then thank you for playing surprise surprise with the customers who have ordered it with COD. Also then the product comes in defective not once but twice! And on complaining they say that I have to wait 72hours for the complaint to process and then additional time for the exchange to happen. Gee thanks!! Now I not only have paid a surprise 149 Rs but don’t even have the jacket to take it where I want to. Thank you Myntra for being a part reason for me getting hypothermia. The best part is on complaining all they have to offer you is a pretend sorry and nothing else. Thank you again Myntra now I have another sorry to add to my jar :)
1/5/2019,Reddit,1,"We have ordered Blink GO smart watch through Myntra, delivery was too late and the product does not switch on. We called customer care and detailed the problem with their product. Customer executive initially ignored return and refund and after so many requests he ultimately arranged for return. The collection boy was so arrogant and we had argument with him as we were in office when he came to collect the faulty Blink GO watch and he started yelling at us saying he has to spend his own money for fuel and cannot make more than one attempt for returns . Now after returning product we received a message saying “refund cannot be processed , pls contact us “ since then we are calling Myntra it has been eight hours but no executive is answering our call. Now: 1. Do we really need this torture in our life? 2. Myntra executives are really unfit for their job 3. Collection boys irritation towards us was very hurting and 4. Finally no response from customer care and no refund so far. This is all happened because we selected to buy something from Myntra and it’s our fault to choose it. I request all the customers of Myntra not to encourage such services and be ware of faulty products sold by Myntra. After a very long day at office we have very little time to spend with family and services of Myntra is ruining those little happy things. I request all the readers to be ware of Myntra and it’s products pls communicate with them and be precise before u purchase anything in Myntra."
12/28/2018,App Store,1,I am a very prime customer of myntra .every month i ordered something and in recent sale i have place an order of 15k bucks. I have order one puma shoe pair and one here and now jeans and 2 jackets of fort collins. I have place the order on 20thdec and on 22nd dec i received the 2 fort collins jackets only while the bill inside the packet is of 2 fort collins jacket and one puma shoes and one hear and now jeans. I make a complaint to customer care executive with in an hour after calling to the delivery boy. They raised my complaints and after every day follow up and hours of calls on hold they said on 27th dec they will refund my profucts amount but later they call me on 28th dec and said as per our checking they already delivered the products so they cannot make the refund. I have been polite with all the executives during the conversation and be in patience for 6 days but all in vain. I really didn’t expect this from myntra. Does not even deserve this one star for the services guys. Not going to buy again and ask to the people to not go for this shopping website.
11/30/2018,App Store,1,"Myntra was one of the best shopping apps for me. But now, It’s totally insane! They denied a return that I reported 14 hours late that too coz of their app’s technical glitch and told me they hope it doesn’t ‘dent’ our relationship. The main reason I have been using Myntra for years now is because of its service and now it seems to have gone to dogs. Note to their customer - If I wanted to know the policy, I would go to your policy page and not write to you. I wanted a human to understand the issue and do something about it without throwing back policies at me. I definitely know your policies, I have been using this app for close to 4 years now and you might want to check the worth of all my orders combined, it would be huge. If you can’t really ‘support’ customers, I highly recommend not to have a support process or just run a bot to send policies to people who look for help!"
10/3/2018,App Store,1,"I am terribly disappointed in their customer service. I ordered two vests, and this was my first order. I received one vest. But the other one was a horrible t-shirt. It was as if someone got a horrible t-shirt, sent it to me instead and kept my vest. Now, when I ask for the product to be returned, I keep getting told that the product cannot be returned because it is a non-returnable item. When I explained how I got a t-shirt instead, I am being told to ship it myself. Which is pointless. I could have rather gone to a store and purchased a vest myself if I knew I’ll end up not having the product and also going out to send an item back to Myntra.
In a nutshell, they can make exceptional errors, but won’t respect their customers and avoid causing them discomfort.

You are lucky if you get the right product. If not, get ready for the hassle."
9/8/2018,App Store,1,"I wish there was an option of giving ZERO star.

I placed an order for 2 tops on 26th August 2018. One of them was cancelled by Myntra without any prior information to me and was “returned to origin” just two days after the order was placed. And it was no mistake of mine. They had shipped it to the wrong city, due to which they had to cancel.
The second one is a nightmare. I was supposed to receive the second one on 2nd September. The delivery executive calls me and says that I have put the wrong address (even though I have been receiving orders on the same address previously). He said he would get deliver the order the next day or within the next couple of days. The delivery date was changed to 4 September. I didn’t receive the order. 

Then it all started. I called Myntra every day to ask when I would receive my order, only to be informed on 9 September (I called them FOR A WEEK EVERYDAY) that my order has been cancelled and “returned to origin”

Thank you Myntra for such a DELIGHTFUL(I cringe when I say this) rakshabandhan experience. Those two pieces were my gift from my brother.

I will never forget the troubles you made me go through, and FOR NOTHING.

-a loyal customer who would never even think of shopping with you again."
10/18/2017,App Store,5,"I am using Myntra since very long time, i am also a model of 6.1 ft. height and carrying most essential clothing and fasion across modelling and media, i have been acknowladge clothing since long and Myntra has always suggested me the best fasionable clothing and accessories best ever and long lasting, Myntra does not only gives you the best clothing but also suggest you the correct size and matches.
I would also love to work with Myntra as well but its not possible untill, but i promise to shop my clothings or to just satisfy my cravings for new fasion and accessories ONLY ON MYNTRA.
I would also suggest Myntra to please Give and EMI option on the products above worth Rupees 10K .
Thanks and Regards.
Abhimanyu."
